filename,label,confidence
0000025934_1173.jpg,24,0.1173
0000020694_1020.jpg,39,0.1021
0000011449_812.jpg,11,0.0813
0000031799_970.jpg,29,0.0971
0000019773_1361.jpg,9,0.1362
0000027845_929.jpg,46,0.0929
0000016440_1218.jpg,45,0.1218
0000010031_1061.jpg,39,0.1061
0000015149_968.jpg,11,0.0968
0000019767_818.jpg,18,0.0819
0000019001_855.jpg,45,0.0855
0000022097_1505.jpg,39,0.1505
0000012154_848.jpg,2,0.0849
0000023389_872.jpg,2,0.0872
0000025920_937.jpg,39,0.0937
0000017004_979.jpg,5,0.0980
000009914_997.jpg,13,0.0997
00000400_914.jpg,2,0.0915
0000015613_934.jpg,35,0.0934
0000013262_1109.jpg,9,0.1109
000003587_1536.jpg,2,0.1536
000005848_839.jpg,26,0.0840
0000029698_940.jpg,44,0.0941
0000011307_1415.jpg,2,0.1416
0000010019_862.jpg,8,0.0862
0000019983_925.jpg,35,0.0926
0000029840_805.jpg,46,0.0806
000005684_905.jpg,35,0.0905
0000033818_1047.jpg,36,0.1047
0000015607_902.jpg,39,0.0903
000003593_1115.jpg,11,0.1115
0000031969_845.jpg,11,0.0845
000006400_838.jpg,35,0.0839
000009733_1173.jpg,42,0.1174
000003578_1276.jpg,2,0.1277
0000015834_808.jpg,44,0.0809
0000022040_1157.jpg,39,0.1158
0000022726_873.jpg,39,0.0874
000004571_951.jpg,18,0.0951
0000019968_1263.jpg,39,0.1263
000007078_803.jpg,38,0.0804
0000027886_880.jpg,26,0.0881
0000016483_1153.jpg,39,0.1154
0000026540_1135.jpg,5,0.1135
000001409_842.jpg,39,0.0843
0000017789_1605.jpg,5,0.1606
000009041_838.jpg,2,0.0838
0000015820_1155.jpg,29,0.1156
0000024425_2391.jpg,8,0.2392
0000031996_872.jpg,44,0.0872
0000020643_877.jpg,5,0.0878
000005135_1101.jpg,2,0.1101
0000021575_1002.jpg,44,0.1003
000008411_1008.jpg,40,0.1008
0000028237_942.jpg,39,0.0943
0000027104_1031.jpg,36,0.1032
0000027662_1149.jpg,39,0.1150
000008377_1015.jpg,2,0.1016
0000021213_806.jpg,34,0.0806
0000012801_801.jpg,2,0.0802
000003222_1187.jpg,44,0.1187
0000023410_913.jpg,2,0.0913
0000033603_891.jpg,13,0.0892
0000019940_971.jpg,34,0.0971
000007050_947.jpg,35,0.0947
0000021561_1273.jpg,11,0.1274
0000010964_1457.jpg,2,0.1457
000008405_875.jpg,15,0.0875
000007736_826.jpg,29,0.0827
0000028223_1335.jpg,44,0.1335
000002896_932.jpg,9,0.0933
0000012424_1106.jpg,2,0.1106
000004968_826.jpg,13,0.0827
0000025288_823.jpg,44,0.0824
0000024196_886.jpg,39,0.0887
0000014055_827.jpg,26,0.0828
000001810_800.jpg,44,0.0800
00000158_878.jpg,2,0.0878
0000016642_1149.jpg,2,0.1150
0000019571_830.jpg,5,0.0831
0000012356_876.jpg,11,0.0877
0000015_945.jpg,42,0.0945
0000019203_989.jpg,2,0.0989
0000030691_872.jpg,44,0.0873
0000010227_1085.jpg,5,0.1085
000009280_850.jpg,43,0.0850
0000016656_839.jpg,44,0.0840
0000024182_958.jpg,2,0.0958
0000014041_1592.jpg,2,0.1593
000007285_1060.jpg,15,0.1061
00000164_865.jpg,1,0.0865
000005492_839.jpg,2,0.0839
0000014069_1325.jpg,44,0.1325
0000013060_1395.jpg,26,0.1396
0000030861_872.jpg,17,0.0872
0000018135_1014.jpg,39,0.1014
0000017206_993.jpg,39,0.0993
0000011663_845.jpg,9,0.0845
000003949_906.jpg,39,0.0906
0000024800_932.jpg,39,0.0933
0000015363_1566.jpg,39,0.1567
0000023809_1196.jpg,35,0.1197
000004940_1007.jpg,39,0.1008
000004798_1464.jpg,2,0.1465
0000026971_1145.jpg,39,0.1145
0000017574_1337.jpg,39,0.1337
00000170_1032.jpg,46,0.1032
0000019559_959.jpg,44,0.0960
000009257_918.jpg,5,0.0919
0000016681_1197.jpg,18,0.1198
000004773_893.jpg,9,0.0894
0000013921_839.jpg,35,0.0839
0000032737_1454.jpg,44,0.1455
000002302_1798.jpg,2,0.1799
000002464_892.jpg,2,0.0892
0000010596_855.jpg,44,0.0856
0000021987_853.jpg,35,0.0853
000007508_863.jpg,11,0.0863
000004001_1155.jpg,2,0.1156
0000023148_1051.jpg,9,0.1051
000004767_818.jpg,5,0.0819
000005479_882.jpg,2,0.0883
000002316_857.jpg,5,0.0857
0000032723_1562.jpg,8,0.1563
0000029465_1030.jpg,5,0.1030
0000021039_1163.jpg,39,0.1163
000009243_868.jpg,2,0.0868
0000020327_956.jpg,35,0.0957
000003020_929.jpg,5,0.0929
0000033415_1020.jpg,13,0.1020
0000023606_849.jpg,11,0.0849
0000022518_904.jpg,5,0.0905
000005451_819.jpg,39,0.0819
0000018848_905.jpg,10,0.0905
000001637_899.jpg,44,0.0899
0000021011_807.jpg,5,0.0808
0000028753_1252.jpg,35,0.1253
00000819_806.jpg,5,0.0806
0000020469_826.jpg,26,0.0826
0000026018_906.jpg,7,0.0907
000001151_1184.jpg,5,0.1185
000002458_1126.jpg,5,0.1127
0000025511_802.jpg,41,0.0802
0000023160_2004.jpg,2,0.2004
000004029_1198.jpg,2,0.1199
0000033373_1502.jpg,39,0.1502
0000025505_931.jpg,2,0.0931
0000033367_1040.jpg,44,0.1040
0000027312_1007.jpg,35,0.1008
000007534_1177.jpg,2,0.1178
000008607_871.jpg,5,0.0872
000009519_851.jpg,29,0.0852
0000018684_1789.jpg,44,0.1789
000007252_918.jpg,6,0.0919
0000016871_1297.jpg,35,0.1297
000003034_1189.jpg,39,0.1189
0000025263_1010.jpg,8,0.1011
0000023955_1070.jpg,8,0.1070
0000013896_944.jpg,39,0.0945
0000022493_1102.jpg,39,0.1103
0000028800_827.jpg,13,0.0827
0000010347_833.jpg,39,0.0834
0000020284_852.jpg,39,0.0852
000008798_970.jpg,2,0.0971
0000030929_920.jpg,41,0.0920
0000016050_899.jpg,39,0.0900
000003815_1107.jpg,11,0.1108
0000012236_1147.jpg,43,0.1148
0000013128_1173.jpg,43,0.1173
0000012222_841.jpg,29,0.0841
0000014653_1104.jpg,2,0.1104
0000018069_2195.jpg,41,0.2196
00000986_942.jpg,11,0.0943
0000016722_955.jpg,39,0.0956
0000019411_838.jpg,24,0.0838
0000014135_811.jpg,5,0.0811
0000023799_849.jpg,19,0.0849
000001780_874.jpg,5,0.0875
0000018727_816.jpg,39,0.0817
0000013672_995.jpg,39,0.0996
000002289_1236.jpg,2,0.1236
000004820_1111.jpg,2,0.1112
0000021818_866.jpg,9,0.0867
0000030915_804.jpg,39,0.0804
0000018055_842.jpg,39,0.0843
0000010409_1800.jpg,2,0.1801
0000028196_857.jpg,46,0.0858
00000762_1195.jpg,2,0.1196
0000016078_1065.jpg,5,0.1065
0000015571_3583.jpg,2,0.3584
0000024974_1188.jpg,39,0.1188
0000013100_1049.jpg,9,0.1049
0000032870_919.jpg,34,0.0919
000003183_1015.jpg,39,0.1016
0000011071_943.jpg,12,0.0943
000001794_800.jpg,34,0.0801
0000017400_919.jpg,5,0.0920
0000030054_953.jpg,8,0.0954
0000012593_1064.jpg,44,0.1065
000005519_1141.jpg,39,0.1141
000003168_1040.jpg,2,0.1040
000001019_1307.jpg,2,0.1308
00000789_956.jpg,2,0.0957
000006776_996.jpg,44,0.0996
00000951_1195.jpg,5,0.1196
0000030732_1627.jpg,44,0.1628
0000026144_995.jpg,5,0.0996
0000020535_869.jpg,39,0.0870
00000945_1125.jpg,2,0.1126
0000024753_831.jpg,14,0.0832
0000014690_955.jpg,13,0.0955
0000012587_835.jpg,5,0.0835
0000023982_1195.jpg,39,0.1195
000009337_824.jpg,2,0.0825
000006004_909.jpg,34,0.0910
0000018914_907.jpg,39,0.0908
0000016911_904.jpg,5,0.0905
0000030068_1171.jpg,44,0.1171
0000021603_1449.jpg,2,0.1449
000007454_1257.jpg,2,0.1258
000008767_1722.jpg,2,0.1722
000006992_1379.jpg,2,0.1380
0000028141_1793.jpg,39,0.1793
0000033207_968.jpg,2,0.0968
000005243_815.jpg,9,0.0815
0000033213_857.jpg,39,0.0857
000004149_1356.jpg,39,0.1356
0000019388_859.jpg,46,0.0859
0000027500_1138.jpg,39,0.1139
0000021171_824.jpg,39,0.0825
0000018928_1148.jpg,5,0.1149
0000025317_920.jpg,44,0.0920
0000024009_861.jpg,2,0.0862
0000024586_1464.jpg,26,0.1464
0000019161_1061.jpg,39,0.1062
0000016252_922.jpg,19,0.0922
000009684_964.jpg,35,0.0964
0000020938_1047.jpg,34,0.1047
0000020086_882.jpg,2,0.0883
0000030295_913.jpg,34,0.0914
0000015029_943.jpg,19,0.0944
0000033950_856.jpg,14,0.0857
0000022685_909.jpg,5,0.0910
0000013458_849.jpg,5,0.0849
0000014337_847.jpg,39,0.0848
0000029908_1045.jpg,39,0.1045
0000020092_993.jpg,39,0.0994
0000010151_1843.jpg,2,0.1844
000009690_923.jpg,34,0.0924
0000011529_955.jpg,35,0.0956
0000014451_1066.jpg,2,0.1066
000007695_883.jpg,13,0.0884
000002935_924.jpg,39,0.0924
0000014479_836.jpg,44,0.0837
000005082_850.jpg,19,0.0851
0000013470_816.jpg,5,0.0816
0000018525_801.jpg,9,0.0802
0000018531_888.jpg,34,0.0889
000005928_1664.jpg,2,0.1664
000003381_863.jpg,5,0.0863
0000015773_1029.jpg,35,0.1030
0000020910_978.jpg,2,0.0979
00000560_874.jpg,39,0.0875
0000010838_1096.jpg,9,0.1096
0000022134_1196.jpg,11,0.1196
0000025883_1284.jpg,39,0.1285
0000012949_1036.jpg,2,0.1037
0000011298_805.jpg,26,0.0805
0000029707_857.jpg,17,0.0858
0000020045_985.jpg,44,0.0985
0000026420_842.jpg,5,0.0843
000006206_1297.jpg,2,0.1297
000009135_946.jpg,39,0.0946
000007118_800.jpg,5,0.0801
0000020051_803.jpg,44,0.0804
0000019808_844.jpg,5,0.0844
000004411_826.jpg,14,0.0827
0000032455_1481.jpg,44,0.1482
0000012785_815.jpg,35,0.0816
0000025129_932.jpg,2,0.0933
0000032333_1080.jpg,39,0.1080
0000021429_936.jpg,8,0.0936
0000025667_847.jpg,9,0.0848
0000024579_1343.jpg,24,0.1344
0000018280_1068.jpg,5,0.1068
0000010804_1213.jpg,8,0.1214
000001541_881.jpg,44,0.0882
0000020079_974.jpg,44,0.0975
000007130_848.jpg,5,0.0848
0000028425_997.jpg,44,0.0998
0000012975_855.jpg,39,0.0855
0000025101_967.jpg,39,0.0967
000002048_815.jpg,39,0.0816
0000031160_956.jpg,2,0.0957
000008217_1291.jpg,2,0.1292
0000028431_933.jpg,39,0.0934
0000021415_959.jpg,24,0.0959
0000015968_834.jpg,39,0.0835
000003424_920.jpg,2,0.0920
0000019835_891.jpg,9,0.0891
000009108_1119.jpg,2,0.1120
0000021372_802.jpg,39,0.0802
0000031161_800.jpg,44,0.0801
000001554_978.jpg,5,0.0979
000003425_941.jpg,2,0.0941
0000015969_1155.jpg,39,0.1155
0000031607_809.jpg,8,0.0810
0000030519_1033.jpg,35,0.1033
000001226_1219.jpg,35,0.1220
000007657_1153.jpg,9,0.1153
0000025666_828.jpg,17,0.0828
000002049_905.jpg,42,0.0905
0000025100_1329.jpg,11,0.1329
0000021366_1018.jpg,42,0.1019
000001540_894.jpg,5,0.0895
0000032454_1035.jpg,28,0.1035
0000023559_931.jpg,39,0.0931
0000024236_865.jpg,44,0.0866
0000030243_869.jpg,5,0.0870
0000010193_1047.jpg,35,0.1048
000006207_898.jpg,2,0.0899
000001568_817.jpg,13,0.0818
0000029074_1050.jpg,38,0.1050
000009652_916.jpg,2,0.0916
0000030525_836.jpg,43,0.0836
0000014493_1718.jpg,2,0.1719
0000032332_912.jpg,26,0.0913
0000015941_1025.jpg,24,0.1025
000004362_901.jpg,39,0.0901
0000015799_997.jpg,2,0.0997
0000022135_961.jpg,11,0.0961
0000032326_859.jpg,41,0.0860
0000029060_824.jpg,46,0.0825
0000010187_966.jpg,34,0.0966
000006213_888.jpg,39,0.0889
0000011299_932.jpg,14,0.0932
0000012790_986.jpg,9,0.0987
000002075_954.jpg,5,0.0955
000003380_844.jpg,39,0.0844
0000027918_1040.jpg,14,0.1040
0000018530_810.jpg,24,0.0810
0000017603_1161.jpg,15,0.1162
0000018256_877.jpg,35,0.0878
0000028395_906.jpg,2,0.0907
0000011514_1356.jpg,44,0.1357
0000015772_956.jpg,29,0.0956
0000025869_1012.jpg,34,0.1013
000005083_906.jpg,39,0.0906
0000014478_852.jpg,24,0.0852
0000018242_1003.jpg,2,0.1004
0000017171_852.jpg,12,0.0852
0000011500_852.jpg,5,0.0852
00000575_801.jpg,1,0.0801
0000016509_957.jpg,35,0.0958
00000213_2017.jpg,39,0.2018
0000011266_821.jpg,7,0.0821
000003394_1701.jpg,35,0.1701
0000019612_966.jpg,38,0.0967
0000015996_872.jpg,39,0.0872
0000014450_850.jpg,39,0.0850
0000031820_903.jpg,44,0.0903
000009849_837.jpg,9,0.0838
0000010636_871.jpg,5,0.0872
0000011528_1152.jpg,2,0.1152
0000026384_807.jpg,35,0.0808
0000016247_915.jpg,2,0.0916
000007870_861.jpg,39,0.0861
0000025699_901.jpg,17,0.0902
000002908_883.jpg,24,0.0883
0000022848_900.jpg,39,0.0901
0000022690_926.jpg,26,0.0927
0000021399_1027.jpg,38,0.1028
0000010144_1344.jpg,2,0.1345
0000027267_927.jpg,39,0.0928
000008772_1274.jpg,9,0.1275
0000021616_1526.jpg,8,0.1527
000001030_1299.jpg,13,0.1300
0000031405_1045.jpg,39,0.1045
000002539_861.jpg,2,0.0861
000004148_1462.jpg,43,0.1462
000003627_883.jpg,39,0.0883
0000024008_869.jpg,38,0.0869
000003141_950.jpg,2,0.0950
000005530_1089.jpg,39,0.1089
0000025316_926.jpg,1,0.0927
000001756_2088.jpg,2,0.2088
0000031363_801.jpg,5,0.0802
0000027501_1124.jpg,44,0.1124
000001742_992.jpg,39,0.0992
0000021164_1050.jpg,39,0.1051
0000033560_1456.jpg,2,0.1456
000003155_858.jpg,5,0.0858
0000023773_875.jpg,39,0.0876
0000013868_1789.jpg,2,0.1790
0000025302_846.jpg,17,0.0846
000003633_1420.jpg,2,0.1421
000006993_1177.jpg,2,0.1178
0000031411_1058.jpg,2,0.1059
000001024_1117.jpg,2,0.1118
0000022323_892.jpg,39,0.0892
0000014691_981.jpg,5,0.0981
0000016086_1378.jpg,38,0.1378
0000026623_1038.jpg,44,0.1039
0000024034_929.jpg,2,0.0930
0000032656_851.jpg,39,0.0851
000002263_940.jpg,5,0.0941
0000024020_1223.jpg,11,0.1223
000005518_866.jpg,5,0.0867
0000012592_885.jpg,35,0.0885
0000029504_1012.jpg,11,0.1012
0000011925_1874.jpg,2,0.1875
0000020520_1003.jpg,44,0.1004
000009444_1039.jpg,36,0.1040
000001018_1150.jpg,2,0.1151
0000029262_958.jpg,40,0.0959
000002511_960.jpg,39,0.0960
0000013101_1011.jpg,35,0.1011
000005295_1214.jpg,2,0.1214
0000029289_1024.jpg,39,0.1025
00000763_2007.jpg,2,0.2007
0000010408_1084.jpg,12,0.1084
000007482_872.jpg,39,0.0873
000001795_1219.jpg,39,0.1220
0000015202_1029.jpg,41,0.1030
0000023968_1027.jpg,36,0.1027
0000018726_1018.jpg,39,0.1019
0000026810_849.jpg,35,0.0850
000001781_1070.jpg,35,0.1071
0000030914_1246.jpg,9,0.1247
000006788_1157.jpg,39,0.1157
0000011702_1314.jpg,2,0.1315
00000777_1308.jpg,9,0.1309
000006950_938.jpg,29,0.0938
000007496_1038.jpg,11,0.1039
0000024961_928.jpg,9,0.0929
000009493_822.jpg,39,0.0822
000006978_1048.jpg,2,0.1048
0000021831_957.jpg,8,0.0958
0000018068_925.jpg,11,0.0925
000003800_880.jpg,9,0.0880
0000022486_815.jpg,39,0.0815
0000023940_1403.jpg,9,0.1403
0000023798_861.jpg,34,0.0862
0000020291_954.jpg,39,0.0955
0000016723_994.jpg,17,0.0995
000001965_1002.jpg,5,0.1003
0000020285_934.jpg,5,0.0935
0000032681_1524.jpg,39,0.1525
0000014120_936.jpg,2,0.0937
0000012237_802.jpg,5,0.0802
000003814_814.jpg,43,0.0815
0000019362_955.jpg,41,0.0956
0000026192_920.jpg,44,0.0920
000001144_1023.jpg,34,0.1024
000009518_1557.jpg,35,0.1557
000008606_853.jpg,9,0.0854
000007535_977.jpg,38,0.0978
0000011879_933.jpg,2,0.0934
0000027313_926.jpg,36,0.0927
000005322_1050.jpg,9,0.1051
0000025504_1081.jpg,26,0.1082
000004982_1008.jpg,11,0.1008
000005444_1080.jpg,35,0.1080
0000030109_885.jpg,16,0.0886
0000027475_1095.jpg,2,0.1096
000008160_1068.jpg,9,0.1069
0000018685_1110.jpg,13,0.1111
0000021004_1154.jpg,5,0.1154
0000016864_975.jpg,39,0.0976
000001636_867.jpg,26,0.0867
0000024168_804.jpg,41,0.0804
000003021_1539.jpg,39,0.1539
000002459_861.jpg,9,0.0861
000001150_1072.jpg,2,0.1072
0000021776_830.jpg,46,0.0830
000007521_850.jpg,13,0.0850
0000027307_1063.jpg,39,0.1063
0000024626_1476.jpg,2,0.1477
000004000_2062.jpg,2,0.2062
0000022257_838.jpg,43,0.0838
0000032044_978.jpg,5,0.0978
0000026031_1031.jpg,39,0.1032
0000027449_1198.jpg,8,0.1198
000006171_800.jpg,35,0.0800
000009242_1177.jpg,5,0.1177
0000026757_841.jpg,42,0.0842
000005478_1115.jpg,5,0.1115
000002303_835.jpg,39,0.0835
000008148_1340.jpg,2,0.1340
000006165_803.jpg,8,0.0803
000009256_1404.jpg,39,0.1404
0000016680_938.jpg,39,0.0938
0000026025_956.jpg,5,0.0957
00000824_840.jpg,11,0.0841
0000028008_864.jpg,2,0.0864
000004014_841.jpg,39,0.0842
0000012380_1031.jpg,5,0.1031
000003948_816.jpg,5,0.0817
000003790_1057.jpg,39,0.1057
0000021979_888.jpg,5,0.0888
000001187_868.jpg,2,0.0869
0000030874_848.jpg,39,0.0848
0000019558_988.jpg,9,0.0989
00000171_942.jpg,13,0.0943
000005487_945.jpg,5,0.0945
0000014068_1325.jpg,44,0.1325
0000032911_810.jpg,44,0.0810
000004955_1660.jpg,5,0.1661
000005493_1319.jpg,46,0.1320
0000018652_933.jpg,17,0.0933
000006824_1087.jpg,34,0.1087
00000603_802.jpg,39,0.0802
0000030690_1011.jpg,34,0.1012
0000019564_1031.jpg,35,0.1032
0000016657_1240.jpg,42,0.1241
0000026794_826.jpg,46,0.0827
0000017549_1031.jpg,35,0.1032
00000159_1562.jpg,2,0.1563
0000023820_1028.jpg,24,0.1028
000004969_818.jpg,29,0.0819
000003960_1131.jpg,9,0.1132
0000018108_884.jpg,39,0.0884
0000020497_866.jpg,38,0.0866
0000021951_870.jpg,39,0.0871
0000030684_832.jpg,39,0.0833
000008835_882.jpg,35,0.0883
0000021789_1481.jpg,8,0.1482
0000031015_1221.jpg,39,0.1221
0000021206_1308.jpg,8,0.1308
0000029882_1120.jpg,44,0.1121
0000028544_848.jpg,2,0.0849
0000023411_1113.jpg,5,0.1113
0000025060_862.jpg,11,0.0863
000003551_1309.jpg,2,0.1310
0000027111_872.jpg,2,0.0873
0000025712_985.jpg,8,0.0986
0000015809_1108.jpg,35,0.1108
000003223_1019.jpg,42,0.1019
0000023405_838.jpg,34,0.0839
0000012800_843.jpg,5,0.0843
0000025074_1032.jpg,39,0.1033
0000031001_1347.jpg,7,0.1348
0000017978_930.jpg,39,0.0931
000004564_1206.jpg,9,0.1206
0000017950_1557.jpg,2,0.1558
0000031029_1183.jpg,26,0.1184
0000026555_929.jpg,39,0.0929
0000027893_1097.jpg,39,0.1098
000006373_887.jpg,39,0.0887
0000030451_1236.jpg,39,0.1236
0000020642_1097.jpg,9,0.1097
000008438_881.jpg,38,0.0882
0000010959_1335.jpg,2,0.1336
0000012196_875.jpg,44,0.0876
0000032246_985.jpg,34,0.0986
000002673_917.jpg,2,0.0917
000004202_1159.jpg,9,0.1160
0000012182_883.jpg,39,0.0883
0000022041_876.jpg,44,0.0877
000004216_1061.jpg,39,0.1061
0000015835_1111.jpg,36,0.1111
0000030445_824.jpg,26,0.0825
0000020656_1175.jpg,5,0.1176
0000021548_805.jpg,2,0.0805
0000027887_1014.jpg,39,0.1015
0000030323_894.jpg,2,0.0894
0000019969_925.jpg,35,0.0926
000004570_838.jpg,39,0.0839
0000023439_1155.jpg,7,0.1155
000002101_877.jpg,5,0.0878
0000015160_1012.jpg,39,0.1013
000005685_1061.jpg,2,0.1061
0000018444_1079.jpg,39,0.1080
000007092_948.jpg,39,0.0948
0000017777_975.jpg,2,0.0976
0000010018_1126.jpg,2,0.1126
0000019982_877.jpg,29,0.0877
0000011306_871.jpg,39,0.0871
0000029699_1138.jpg,44,0.1138
00000415_1120.jpg,9,0.1120
000001385_895.jpg,39,0.0896
000003592_995.jpg,9,0.0995
0000025909_1496.jpg,9,0.1496
000003586_1149.jpg,2,0.1150
000002698_960.jpg,2,0.0961
000007938_1019.jpg,44,0.1019
0000011474_899.jpg,9,0.0900
0000017763_1029.jpg,38,0.1029
000006398_1074.jpg,2,0.1074
0000013505_1208.jpg,2,0.1208
0000010024_851.jpg,35,0.0851
0000027688_905.jpg,39,0.0905
0000026596_835.jpg,19,0.0836
0000027850_926.jpg,46,0.0927
0000024381_825.jpg,36,0.0825
0000014242_804.jpg,36,0.0804
0000025921_909.jpg,26,0.0909
000002868_1036.jpg,2,0.1036
0000023388_961.jpg,5,0.0961
0000022096_972.jpg,40,0.0972
0000020859_811.jpg,39,0.0812
0000010742_995.jpg,2,0.0995
0000020681_1110.jpg,2,0.1110
0000016327_817.jpg,5,0.0818
0000031798_863.jpg,9,0.0864
000007904_853.jpg,34,0.0854
0000012141_1041.jpg,44,0.1042
0000029869_1247.jpg,11,0.1247
000008389_1433.jpg,38,0.1434
0000010998_1905.jpg,2,0.1906
0000013249_813.jpg,5,0.0813
0000017991_1127.jpg,9,0.1127
0000011338_956.jpg,8,0.0956
0000017985_840.jpg,5,0.0841
00000359_1112.jpg,35,0.1112
0000014254_1479.jpg,35,0.1480
0000022080_816.jpg,44,0.0816
0000012143_924.jpg,43,0.0924
0000025937_932.jpg,13,0.0932
0000014532_921.jpg,9,0.0921
0000031942_927.jpg,35,0.0927
0000019016_1282.jpg,34,0.1282
000009903_1089.jpg,2,0.1090
0000011462_1539.jpg,2,0.1540
00000371_845.jpg,11,0.0845
0000018446_1079.jpg,39,0.1080
0000017775_835.jpg,5,0.0835
0000015162_911.jpg,13,0.0911
0000014268_1271.jpg,29,0.1271
0000013507_1002.jpg,42,0.1003
0000012619_965.jpg,5,0.0965
000005693_1016.jpg,2,0.1016
0000019994_987.jpg,29,0.0988
000007084_815.jpg,24,0.0815
000009917_1166.jpg,5,0.1166
000003584_812.jpg,10,0.0813
0000013261_851.jpg,9,0.0852
0000012194_1039.jpg,9,0.1039
0000020898_953.jpg,2,0.0954
000001378_830.jpg,45,0.0831
0000031995_853.jpg,42,0.0853
0000021238_915.jpg,5,0.0915
0000029664_869.jpg,8,0.0869
0000017952_1414.jpg,9,0.1415
000002117_819.jpg,43,0.0819
000005678_1184.jpg,2,0.1184
0000024340_1457.jpg,39,0.1457
000002103_908.jpg,41,0.0908
0000022725_1356.jpg,5,0.1357
0000030321_864.jpg,39,0.0864
000009056_1004.jpg,39,0.1005
0000016480_819.jpg,7,0.0819
0000029670_899.jpg,43,0.0899
0000020654_1080.jpg,44,0.1081
000002665_1268.jpg,13,0.1269
0000031771_882.jpg,46,0.0883
000002895_1277.jpg,2,0.1277
0000032278_1319.jpg,39,0.1320
0000025062_2027.jpg,39,0.2028
0000019943_1404.jpg,39,0.1404
0000027675_910.jpg,39,0.0911
0000019957_1119.jpg,5,0.1120
0000018491_804.jpg,39,0.0804
000008374_999.jpg,6,0.0999
0000031003_1050.jpg,5,0.1051
0000023407_1378.jpg,44,0.1379
000005136_1645.jpg,18,0.1645
000002659_830.jpg,46,0.0831
0000031765_913.jpg,44,0.0914
0000010973_1131.jpg,4,0.1132
000007721_848.jpg,39,0.0849
0000020668_1094.jpg,13,0.1095
000001807_820.jpg,43,0.0820
0000012355_864.jpg,11,0.0865
0000030692_848.jpg,17,0.0848
0000011648_1521.jpg,39,0.1522
0000011890_933.jpg,4,0.0933
0000014730_956.jpg,39,0.0957
000003962_1231.jpg,13,0.1232
0000014056_1106.jpg,35,0.1107
000008189_962.jpg,2,0.0963
0000016641_1567.jpg,2,0.1568
0000032907_871.jpg,5,0.0872
0000017577_1117.jpg,39,0.1117
0000029499_1044.jpg,38,0.1045
00000173_875.jpg,7,0.0875
0000011106_1020.jpg,2,0.1021
0000016669_897.jpg,26,0.0897
00000615_1235.jpg,38,0.1235
000003792_1020.jpg,2,0.1020
0000015406_937.jpg,29,0.0938
0000013063_819.jpg,11,0.0819
00000601_968.jpg,36,0.0969
000006826_909.jpg,11,0.0909
000005491_1588.jpg,9,0.1589
0000015374_1104.jpg,2,0.1105
000004957_862.jpg,34,0.0862
0000013705_1326.jpg,2,0.1327
0000014081_827.jpg,34,0.0828
000004764_1045.jpg,29,0.1046
0000017588_851.jpg,5,0.0852
0000010581_815.jpg,39,0.0815
000009526_864.jpg,9,0.0864
0000030889_808.jpg,5,0.0808
0000029300_1683.jpg,39,0.1684
000002473_1671.jpg,2,0.1672
0000012396_997.jpg,29,0.0998
0000024624_834.jpg,29,0.0834
0000022241_801.jpg,35,0.0801
0000027339_931.jpg,42,0.0932
0000021990_898.jpg,8,0.0899
0000011853_972.jpg,39,0.0973
0000021748_811.jpg,9,0.0812
000009532_881.jpg,5,0.0881
0000026741_803.jpg,5,0.0803
0000026999_837.jpg,43,0.0838
000004770_1112.jpg,5,0.1113
0000031215_823.jpg,4,0.0823
0000026769_1424.jpg,44,0.1425
0000021006_842.jpg,34,0.0843
0000019599_892.jpg,34,0.0893
0000020318_896.jpg,9,0.0897
0000018687_933.jpg,34,0.0934
0000016872_846.jpg,39,0.0846
0000027477_890.jpg,17,0.0890
000003037_1034.jpg,26,0.1034
0000033402_949.jpg,26,0.0950
000005320_941.jpg,5,0.0941
000003989_1169.jpg,9,0.1169
0000024618_872.jpg,39,0.0873
000003751_840.jpg,13,0.0841
000001146_821.jpg,2,0.0822
0000031573_2153.jpg,2,0.2153
0000027305_917.jpg,24,0.0917
000008610_886.jpg,15,0.0886
0000029328_1087.jpg,36,0.1087
0000025512_812.jpg,5,0.0812
000005334_3342.jpg,2,0.3343
0000032708_920.jpg,39,0.0920
0000031201_1052.jpg,39,0.1052
0000014136_1103.jpg,2,0.1103
0000013659_813.jpg,11,0.0814
0000022484_877.jpg,5,0.0878
00000985_1239.jpg,2,0.1240
0000010436_932.jpg,39,0.0933
0000011728_842.jpg,39,0.0842
000008957_993.jpg,39,0.0993
00000991_848.jpg,18,0.0849
0000010422_873.jpg,39,0.0874
00000749_1051.jpg,44,0.1051
000008943_902.jpg,2,0.0903
0000019360_1607.jpg,2,0.1607
0000016053_2170.jpg,2,0.2170
0000025499_881.jpg,39,0.0881
0000014644_942.jpg,39,0.0943
0000013895_919.jpg,44,0.0920
0000019406_1119.jpg,1,0.1120
0000028803_1177.jpg,39,0.1178
0000021199_922.jpg,39,0.0923
0000011072_895.jpg,36,0.0895
0000018056_818.jpg,43,0.0819
0000028195_1005.jpg,41,0.1005
0000011714_1020.jpg,35,0.1020
0000030902_978.jpg,2,0.0978
000005297_2315.jpg,2,0.2315
0000024977_808.jpg,9,0.0808
0000015572_828.jpg,39,0.0829
000004189_890.jpg,1,0.0890
0000028181_1055.jpg,5,0.1056
00000775_1029.jpg,2,0.1030
0000010378_1595.jpg,2,0.1595
0000018724_893.jpg,39,0.0894
0000013671_1024.jpg,2,0.1025
000004823_1897.jpg,11,0.1898
0000012584_911.jpg,2,0.0911
0000025328_995.jpg,2,0.0995
000006007_1075.jpg,39,0.1075
0000026621_1508.jpg,5,0.1509
000006761_849.jpg,9,0.0850
0000021628_866.jpg,39,0.0867
00000946_1328.jpg,35,0.1329
000003619_955.jpg,5,0.0956
000004176_1243.jpg,2,0.1243
000005268_934.jpg,5,0.0935
0000024744_1141.jpg,14,0.1141
0000032126_1563.jpg,2,0.1564
0000010387_877.jpg,11,0.0877
000006013_2303.jpg,2,0.2304
000002275_1167.jpg,15,0.1168
0000022453_1087.jpg,39,0.1088
0000013856_1241.jpg,2,0.1241
000004604_923.jpg,9,0.0924
000008016_1030.jpg,38,0.1030
0000021172_820.jpg,39,0.0820
0000025472_935.jpg,45,0.0935
0000030719_801.jpg,39,0.0801
000001026_1229.jpg,2,0.1229
0000031413_934.jpg,11,0.0935
000006749_813.jpg,11,0.0813
0000028142_1400.jpg,39,0.1400
0000027271_827.jpg,39,0.0828
0000033562_830.jpg,8,0.0830
0000019176_863.jpg,39,0.0863
0000010634_938.jpg,9,0.0939
0000012023_892.jpg,39,0.0892
0000012745_871.jpg,39,0.0871
0000023598_883.jpg,2,0.0883
0000019610_1052.jpg,2,0.1053
0000017629_1648.jpg,2,0.1649
0000011258_911.jpg,2,0.0912
0000012751_1024.jpg,44,0.1024
0000012989_865.jpg,2,0.0866
0000014320_802.jpg,9,0.0802
0000025843_923.jpg,2,0.0923
0000014446_1502.jpg,44,0.1502
0000019162_812.jpg,17,0.0813
000007872_891.jpg,29,0.0892
0000010620_946.jpg,2,0.0947
000005095_1019.jpg,9,0.1020
0000011516_809.jpg,9,0.0810
00000563_978.jpg,5,0.0978
000009877_1778.jpg,2,0.1779
000007682_954.jpg,11,0.0954
00000205_1346.jpg,35,0.1346
0000015016_1513.jpg,39,0.1514
0000022862_1143.jpg,36,0.1143
0000013473_1465.jpg,2,0.1465
0000017615_1067.jpg,2,0.1068
0000020907_827.jpg,5,0.0827
000007696_814.jpg,9,0.0814
000005081_940.jpg,2,0.0941
0000015957_1025.jpg,24,0.1025
000009888_1011.jpg,18,0.1011
0000016286_975.jpg,44,0.0975
0000017826_962.jpg,24,0.0963
0000029710_829.jpg,39,0.0830
000006205_1731.jpg,2,0.1732
0000024234_1042.jpg,2,0.1042
0000034027_876.jpg,44,0.0876
000002063_851.jpg,40,0.0851
0000022889_900.jpg,39,0.0901
000003369_825.jpg,2,0.0826
000005718_864.jpg,35,0.0864
0000022651_882.jpg,8,0.0882
0000032442_823.jpg,24,0.0823
0000027729_1188.jpg,44,0.1188
000006577_825.jpg,26,0.0826
00000588_900.jpg,39,0.0900
000002711_836.jpg,39,0.0836
0000015943_993.jpg,39,0.0993
000007641_1061.jpg,39,0.1062
0000020708_992.jpg,44,0.0992
0000019189_1030.jpg,13,0.1031
0000021416_870.jpg,2,0.0871
000001230_985.jpg,35,0.0985
000005056_1042.jpg,11,0.1043
000004348_1070.jpg,2,0.1070
000003427_1288.jpg,13,0.1288
000003341_1020.jpg,44,0.1020
0000023567_819.jpg,24,0.0819
0000012962_801.jpg,41,0.0802
000006239_1344.jpg,35,0.1344
0000021370_846.jpg,5,0.0847
000008214_955.jpg,17,0.0955
0000027701_808.jpg,14,0.0808
000007133_819.jpg,35,0.0819
0000019823_1325.jpg,44,0.1326
0000030269_900.jpg,43,0.0900
0000025102_1069.jpg,5,0.1069
0000032318_829.jpg,39,0.0830
000005042_822.jpg,39,0.0823
0000023215_967.jpg,39,0.0967
000003433_818.jpg,13,0.0818
000009678_3408.jpg,2,0.3409
0000031611_1076.jpg,39,0.1077
0000012977_1520.jpg,39,0.1520
0000033761_1018.jpg,39,0.1018
0000027714_856.jpg,5,0.0857
000008201_1248.jpg,39,0.1249
000001225_1056.jpg,39,0.1057
000009679_906.jpg,44,0.0907
0000021403_818.jpg,26,0.0818
000003432_1091.jpg,2,0.1091
0000025665_1001.jpg,39,0.1002
0000033013_1144.jpg,34,0.1145
000004349_936.jpg,35,0.0936
000005057_999.jpg,2,0.1000
0000025671_821.jpg,2,0.0821
000007898_1815.jpg,2,0.1816
0000021417_863.jpg,11,0.0863
0000019188_1098.jpg,2,0.1098
0000020709_938.jpg,11,0.0938
000007640_864.jpg,2,0.0865
000005731_826.jpg,39,0.0826
0000010184_859.jpg,17,0.0860
0000027728_1082.jpg,39,0.1082
0000026436_1218.jpg,5,0.1219
000002076_1392.jpg,9,0.1393
000005719_1038.jpg,43,0.1038
0000022888_1019.jpg,38,0.1019
000003368_836.jpg,2,0.0837
0000015942_1047.jpg,39,0.1048
000002710_808.jpg,39,0.0808
0000026350_1252.jpg,2,0.1252
000007668_1286.jpg,5,0.1287
0000026344_819.jpg,44,0.0819
0000020735_970.jpg,39,0.0970
000009889_880.jpg,17,0.0881
0000014490_805.jpg,11,0.0805
000002704_1211.jpg,9,0.1212
0000012787_857.jpg,34,0.0858
000006204_815.jpg,36,0.0815
000001580_2169.jpg,2,0.2170
00000210_809.jpg,44,0.0810
0000029922_1292.jpg,39,0.1293
0000013472_908.jpg,39,0.0908
00000576_815.jpg,2,0.0816
0000011503_1125.jpg,39,0.1126
000006589_801.jpg,2,0.0802
0000020912_919.jpg,2,0.0919
0000013300_3033.jpg,39,0.3034
0000022863_967.jpg,5,0.0967
000003383_1045.jpg,5,0.1046
000001594_1323.jpg,2,0.1323
00000204_1115.jpg,9,0.1116
0000012750_814.jpg,9,0.0815
0000016536_811.jpg,43,0.0811
0000010147_869.jpg,41,0.0870
0000017628_1075.jpg,11,0.1076
0000010621_1057.jpg,35,0.1058
000007873_1035.jpg,5,0.1036
0000026393_1155.jpg,39,0.1155
0000019163_894.jpg,2,0.0894
000009686_973.jpg,34,0.0974
0000016250_885.jpg,44,0.0885
0000012036_1265.jpg,29,0.1265
0000024584_1656.jpg,5,0.1656
0000014447_815.jpg,34,0.0815
0000024590_865.jpg,39,0.0866
0000025856_900.jpg,45,0.0900
0000019611_830.jpg,9,0.0830
0000020090_1018.jpg,35,0.1019
0000023599_825.jpg,36,0.0825
0000014862_875.jpg,44,0.0876
0000022308_1130.jpg,39,0.1130
0000033205_910.jpg,5,0.0911
0000027270_886.jpg,34,0.0887
0000028143_973.jpg,9,0.0973
000007456_905.jpg,10,0.0906
000008765_1252.jpg,2,0.1253
0000031412_1001.jpg,2,0.1002
000001741_1216.jpg,2,0.1216
0000021167_1715.jpg,41,0.1715
000008003_1199.jpg,5,0.1199
000002248_1042.jpg,35,0.1042
0000025301_855.jpg,9,0.0855
0000033577_1009.jpg,44,0.1009
000003142_864.jpg,5,0.0864
000005533_853.jpg,44,0.0854
000001755_892.jpg,2,0.0893
000006984_853.jpg,5,0.0854
0000030718_934.jpg,39,0.0934
000008771_899.jpg,7,0.0900
000005255_857.jpg,39,0.0857
0000020523_954.jpg,5,0.0954
00000953_863.jpg,2,0.0863
000008981_1191.jpg,11,0.1192
0000026152_1050.jpg,17,0.1051
0000015598_847.jpg,5,0.0847
0000024745_830.jpg,39,0.0831
0000013857_1164.jpg,2,0.1165
0000011098_1022.jpg,43,0.1023
000006012_1113.jpg,44,0.1113
0000030056_1078.jpg,39,0.1078
0000028619_922.jpg,2,0.0923
0000010386_848.jpg,9,0.0848
0000018916_1569.jpg,2,0.1569
0000024037_1029.jpg,13,0.1029
000002260_963.jpg,38,0.0964
000005269_934.jpg,5,0.0935
000004177_855.jpg,11,0.0855
0000027258_1161.jpg,34,0.1161
0000020537_973.jpg,13,0.0974
00000947_998.jpg,46,0.0998
0000021629_956.jpg,39,0.0956
0000029275_919.jpg,39,0.0919
0000026146_1080.jpg,17,0.1080
0000030917_805.jpg,26,0.0806
0000018043_970.jpg,39,0.0970
0000014679_1142.jpg,5,0.1142
000005282_803.jpg,44,0.0803
000004822_1327.jpg,2,0.1327
0000013670_1110.jpg,2,0.1110
0000018725_913.jpg,39,0.0914
0000017416_844.jpg,44,0.0845
0000010379_882.jpg,44,0.0883
0000026807_805.jpg,5,0.0805
0000018731_879.jpg,42,0.0879
0000017402_844.jpg,44,0.0845
000003181_990.jpg,11,0.0990
0000013664_1039.jpg,5,0.1040
000004188_1402.jpg,2,0.1402
000005296_834.jpg,5,0.0834
0000019349_865.jpg,43,0.0865
0000030903_865.jpg,29,0.0866
0000011715_828.jpg,39,0.0828
000006947_1296.jpg,39,0.1296
0000017364_883.jpg,14,0.0883
0000024786_894.jpg,8,0.0895
0000025498_1267.jpg,2,0.1267
000008942_1149.jpg,2,0.1150
00000990_2020.jpg,35,0.2020
0000018719_857.jpg,24,0.0857
0000016734_1115.jpg,2,0.1115
0000013894_1015.jpg,44,0.1016
0000022491_861.jpg,9,0.0862
0000023957_1730.jpg,39,0.1730
0000032682_816.jpg,29,0.0817
0000013880_850.jpg,2,0.0850
0000022485_907.jpg,17,0.0907
0000013658_946.jpg,39,0.0947
000001972_917.jpg,39,0.0917
00000984_833.jpg,5,0.0834
0000014651_829.jpg,11,0.0829
000003803_873.jpg,39,0.0873
0000033371_1596.jpg,39,0.1596
0000014916_1182.jpg,39,0.1182
0000025513_1454.jpg,35,0.1454
0000029329_845.jpg,41,0.0845
000001153_1329.jpg,2,0.1329
0000028751_937.jpg,34,0.0938
000005453_1114.jpg,17,0.1115
0000033417_816.jpg,13,0.0816
000003036_1087.jpg,2,0.1087
0000021007_1045.jpg,39,0.1046
0000026768_1112.jpg,44,0.1112
000001621_970.jpg,5,0.0971
0000031572_1228.jpg,2,0.1229
000006628_1239.jpg,2,0.1239
0000027310_1752.jpg,39,0.1753
000005321_1065.jpg,29,0.1065
0000029315_1045.jpg,29,0.1046
000006600_1124.jpg,39,0.1125
0000027338_1171.jpg,8,0.1172
000005309_820.jpg,9,0.0821
0000022240_909.jpg,29,0.0909
000002466_1065.jpg,9,0.1065
0000025249_1194.jpg,5,0.1194
0000013923_1059.jpg,2,0.1060
000004771_854.jpg,5,0.0855
0000023638_1053.jpg,17,0.1053
000009255_1193.jpg,39,0.1194
0000029473_1664.jpg,11,0.1665
0000030136_1095.jpg,8,0.1095
000009241_1444.jpg,2,0.1444
000006172_1063.jpg,44,0.1063
0000031228_916.jpg,44,0.0917
0000018862_977.jpg,5,0.0978
0000032721_886.jpg,39,0.0886
0000022532_1349.jpg,39,0.1350
000004765_832.jpg,35,0.0832
0000014080_988.jpg,11,0.0989
0000013089_1131.jpg,2,0.1131
0000024625_1056.jpg,2,0.1056
0000022254_904.jpg,5,0.0905
00000833_953.jpg,3,0.0953
0000018137_826.jpg,2,0.0826
000006827_1064.jpg,39,0.1064
000001190_858.jpg,41,0.0859
0000030863_1087.jpg,31,0.1087
0000015413_869.jpg,39,0.0870
0000015375_1211.jpg,44,0.1211
00000166_837.jpg,2,0.0838
0000018645_1249.jpg,8,0.1249
000003793_1297.jpg,39,0.1298
0000011661_835.jpg,41,0.0835
000001184_1154.jpg,2,0.1155
0000022283_1393.jpg,35,0.1393
0000012340_863.jpg,36,0.0863
0000017238_1052.jpg,5,0.1053
0000020494_853.jpg,26,0.0854
0000011891_924.jpg,34,0.0924
0000030687_983.jpg,34,0.0984
000008836_1206.jpg,39,0.1207
0000016640_927.jpg,2,0.0928
0000010231_1717.jpg,2,0.1718
0000014057_1035.jpg,35,0.1036
0000028962_1008.jpg,39,0.1008
0000016654_843.jpg,35,0.0844
0000010225_810.jpg,5,0.0811
0000027489_1153.jpg,9,0.1153
000008822_1298.jpg,2,0.1298
0000019201_889.jpg,39,0.0889
000003977_1223.jpg,35,0.1224
0000022718_1258.jpg,36,0.1259
0000031002_1337.jpg,35,0.1337
000008375_929.jpg,2,0.0930
000007046_1177.jpg,35,0.1178
0000019956_1015.jpg,28,0.1015
0000027660_939.jpg,9,0.0939
000005137_866.jpg,2,0.0867
0000023360_1146.jpg,5,0.1147
000002894_812.jpg,5,0.0812
0000027112_954.jpg,39,0.0955
000008407_1037.jpg,18,0.1037
000007734_825.jpg,39,0.0826
0000029659_834.jpg,2,0.0835
0000021205_1032.jpg,44,0.1033
000007052_1068.jpg,39,0.1068
0000028547_811.jpg,39,0.0811
0000019942_851.jpg,36,0.0852
0000012817_1019.jpg,39,0.1019
0000025063_1270.jpg,2,0.1270
0000029671_899.jpg,43,0.0899
0000017947_915.jpg,36,0.0916
0000024355_1006.jpg,39,0.1007
000004573_1272.jpg,2,0.1273
0000022724_840.jpg,5,0.0840
000002102_823.jpg,8,0.0823
0000031980_1264.jpg,18,0.1265
0000020655_897.jpg,43,0.0898
0000011488_1312.jpg,2,0.1313
0000014282_1032.jpg,44,0.1033
0000022730_938.jpg,45,0.0938
000006370_938.jpg,2,0.0938
0000027890_1012.jpg,41,0.1012
0000016495_940.jpg,38,0.0941
0000021239_859.jpg,45,0.0859
000007085_1061.jpg,39,0.1061
000005692_958.jpg,2,0.0959
0000013260_973.jpg,29,0.0973
0000015611_806.jpg,34,0.0806
00000402_1298.jpg,13,0.1298
0000017006_946.jpg,17,0.0947
0000018335_1126.jpg,2,0.1127
000001386_877.jpg,39,0.0877
0000020866_892.jpg,39,0.0893
0000018321_896.jpg,35,0.0897
000003591_874.jpg,11,0.0874
000005686_981.jpg,36,0.0982
0000022917_958.jpg,36,0.0958
000004598_914.jpg,39,0.0915
0000029842_889.jpg,41,0.0889
0000011305_944.jpg,1,0.0945
0000019759_866.jpg,5,0.0867
00000358_904.jpg,2,0.0905
0000027847_803.jpg,39,0.0804
000009094_1145.jpg,39,0.1145
0000025936_1585.jpg,2,0.1586
0000014527_880.jpg,2,0.0881
0000025922_824.jpg,5,0.0824
0000022095_993.jpg,5,0.0993
000007913_939.jpg,2,0.0939
0000030491_944.jpg,44,0.0944
0000020682_2381.jpg,2,0.2382
0000026595_988.jpg,11,0.0989
0000017990_829.jpg,44,0.0830
0000019765_808.jpg,43,0.0809
0000033826_1074.jpg,39,0.1075
0000014241_991.jpg,39,0.0991
00000374_1334.jpg,2,0.1335
0000011301_1749.jpg,2,0.1750
0000028580_1625.jpg,44,0.1625
0000013516_1160.jpg,39,0.1161
000005682_1045.jpg,9,0.1045
0000012608_832.jpg,44,0.0832
0000016308_887.jpg,39,0.0887
0000011467_993.jpg,5,0.0994
000009912_989.jpg,14,0.0989
0000018331_1197.jpg,2,0.1198
0000011473_1138.jpg,2,0.1139
0000020876_943.jpg,5,0.0943
0000015615_1516.jpg,2,0.1517
000002847_1160.jpg,2,0.1161
0000013264_846.jpg,35,0.0846
0000022907_1086.jpg,5,0.1087
0000015173_862.jpg,44,0.0863
0000017764_870.jpg,38,0.0871
0000019991_1030.jpg,9,0.1031
0000024386_1046.jpg,9,0.1047
0000016452_821.jpg,39,0.0821
000009084_1190.jpg,8,0.1190
0000027857_858.jpg,39,0.0858
0000010745_1273.jpg,35,0.1274
0000031953_831.jpg,39,0.0831
0000021598_2315.jpg,35,0.2315
0000032282_972.jpg,2,0.0972
0000032296_837.jpg,2,0.0837
0000022085_1057.jpg,2,0.1058
0000017980_924.jpg,39,0.0924
000005872_1774.jpg,2,0.1775
0000024392_817.jpg,35,0.0818
0000023416_838.jpg,34,0.0839
000008365_819.jpg,41,0.0820
000006348_1153.jpg,39,0.1153
0000021201_902.jpg,44,0.0902
0000010962_1131.jpg,4,0.1132
0000031774_1179.jpg,44,0.1179
0000027116_849.jpg,44,0.0849
000004239_912.jpg,39,0.0912
000003556_883.jpg,18,0.0884
0000031760_1186.jpg,39,0.1187
0000027664_865.jpg,44,0.0866
0000028557_1075.jpg,39,0.1075
0000021215_1268.jpg,39,0.1268
000005655_862.jpg,5,0.0863
0000025073_1355.jpg,43,0.1356
000003224_1019.jpg,42,0.1019
000002112_814.jpg,43,0.0814
0000033639_821.jpg,39,0.0821
000004563_878.jpg,36,0.0879
0000012191_1642.jpg,2,0.1642
000002674_917.jpg,2,0.0917
0000026234_811.jpg,43,0.0811
0000028219_981.jpg,39,0.0981
0000020645_833.jpg,9,0.0834
000006406_838.jpg,2,0.0838
0000020889_1036.jpg,5,0.1037
0000026220_1183.jpg,38,0.1184
000007718_935.jpg,39,0.0936
0000023358_804.jpg,39,0.0804
0000015832_1029.jpg,39,0.1030
0000012185_862.jpg,39,0.0863
000002660_1457.jpg,2,0.1457
000005669_1128.jpg,2,0.1128
000002106_863.jpg,2,0.0864
000003218_806.jpg,39,0.0807
0000021229_1136.jpg,19,0.1136
00000610_882.jpg,35,0.0882
0000030873_1154.jpg,39,0.1155
0000019239_871.jpg,17,0.0871
000006837_970.jpg,1,0.0971
000003797_1012.jpg,2,0.1013
0000015403_1064.jpg,39,0.1065
000002489_2149.jpg,13,0.2149
000004946_1782.jpg,2,0.1782
000005480_942.jpg,39,0.0943
0000013714_1067.jpg,39,0.1068
0000028782_1159.jpg,44,0.1160
0000026977_1385.jpg,39,0.1386
00000176_827.jpg,44,0.0828
0000026963_805.jpg,9,0.0806
00000162_2642.jpg,2,0.2642
0000011117_1026.jpg,17,0.1027
000004952_862.jpg,34,0.0862
0000015417_916.jpg,39,0.0917
0000012378_924.jpg,5,0.0925
0000032080_817.jpg,5,0.0818
0000012350_1460.jpg,39,0.1460
0000011881_998.jpg,43,0.0999
000001802_823.jpg,39,0.0823
000008198_960.jpg,39,0.0961
0000019563_1240.jpg,8,0.1240
0000028966_961.jpg,35,0.0962
0000012436_825.jpg,11,0.0825
0000015359_1093.jpg,2,0.1093
0000014047_1102.jpg,38,0.1102
0000013728_827.jpg,2,0.0828
0000024190_1151.jpg,2,0.1152
0000027499_881.jpg,8,0.0881
0000028972_995.jpg,39,0.0995
00000638_1118.jpg,11,0.1119
000008832_867.jpg,2,0.0868
0000016122_972.jpg,2,0.0973
0000020490_1065.jpg,2,0.1065
0000010553_1018.jpg,35,0.1018
0000030683_890.jpg,2,0.0890
0000012344_896.jpg,38,0.0897
0000027314_807.jpg,39,0.0808
0000031576_1554.jpg,5,0.1554
0000021765_877.jpg,39,0.0877
0000027472_890.jpg,17,0.0890
000008167_1065.jpg,39,0.1065
000004749_921.jpg,35,0.0921
000005457_905.jpg,39,0.0905
000001631_1262.jpg,2,0.1262
000007240_908.jpg,14,0.0908
0000018696_1042.jpg,39,0.1042
000001157_882.jpg,35,0.0883
0000021771_1139.jpg,35,0.1139
000003998_2199.jpg,39,0.2200
0000033375_887.jpg,34,0.0887
0000029305_919.jpg,2,0.0919
000009523_1004.jpg,39,0.1004
0000022250_866.jpg,2,0.0867
000005319_820.jpg,9,0.0821
0000025259_1187.jpg,2,0.1187
0000016693_1147.jpg,39,0.1148
0000026750_1090.jpg,41,0.1091
00000189_1494.jpg,2,0.1495
000006162_4447.jpg,2,0.4448
0000020335_1188.jpg,39,0.1188
0000032731_1075.jpg,39,0.1075
0000022244_1084.jpg,44,0.1085
0000032057_1018.jpg,9,0.1018
000002462_803.jpg,41,0.0804
00000823_957.jpg,44,0.0958
0000020453_826.jpg,26,0.0826
0000010590_859.jpg,5,0.0860
0000021995_917.jpg,13,0.0918
000006943_988.jpg,5,0.0989
00000764_1027.jpg,41,0.1028
0000014669_941.jpg,5,0.0941
0000013106_1125.jpg,17,0.1126
0000015211_821.jpg,4,0.0821
000004832_1597.jpg,26,0.1598
0000017406_861.jpg,5,0.0862
0000010369_1255.jpg,2,0.1255
0000018721_1179.jpg,2,0.1180
000003191_1030.jpg,2,0.1030
0000032862_807.jpg,2,0.0808
000004826_1008.jpg,2,0.1008
000004198_1771.jpg,38,0.1772
000006957_1234.jpg,2,0.1234
000007491_924.jpg,9,0.0925
0000030913_1474.jpg,39,0.1474
0000019359_998.jpg,5,0.0998
00000770_2133.jpg,2,0.2134
0000010433_1118.jpg,11,0.1118
0000021836_855.jpg,40,0.0855
00000980_996.jpg,38,0.0996
0000019371_910.jpg,39,0.0910
0000016042_1006.jpg,41,0.1007
0000026181_811.jpg,9,0.0811
000008952_960.jpg,9,0.0961
0000018709_1154.jpg,11,0.1155
0000030085_1005.jpg,5,0.1005
0000022481_951.jpg,43,0.0951
0000014127_818.jpg,2,0.0818
0000023953_1338.jpg,44,0.1339
0000012556_1190.jpg,13,0.1191
0000019403_1041.jpg,19,0.1041
0000016730_919.jpg,41,0.0919
0000028806_848.jpg,9,0.0848
000001962_1228.jpg,5,0.1229
0000020282_1029.jpg,18,0.1030
0000010427_870.jpg,34,0.0871
0000023006_826.jpg,13,0.0826
0000018090_1071.jpg,41,0.1072
000001989_841.jpg,12,0.0842
000007320_814.jpg,15,0.0815
0000028635_926.jpg,7,0.0926
0000027506_824.jpg,19,0.0824
0000031364_907.jpg,42,0.0908
0000025311_2312.jpg,2,0.2312
000003146_916.jpg,38,0.0917
000007334_1091.jpg,39,0.1092
0000028147_1244.jpg,1,0.1244
000006994_1146.jpg,5,0.1147
000003634_910.jpg,2,0.0910
0000029271_828.jpg,5,0.0828
0000030720_1268.jpg,17,0.1268
00000943_808.jpg,5,0.0809
0000014696_831.jpg,35,0.0831
000004173_1097.jpg,36,0.1097
0000024755_1349.jpg,12,0.1349
000002502_923.jpg,39,0.0924
0000013847_1056.jpg,2,0.1056
0000023984_949.jpg,20,0.0950
0000024033_1056.jpg,44,0.1057
0000018912_874.jpg,44,0.0874
000009331_897.jpg,43,0.0898
0000018906_827.jpg,2,0.0827
0000026630_915.jpg,39,0.0916
000006016_1007.jpg,18,0.1007
000009325_931.jpg,5,0.0932
0000024027_1149.jpg,44,0.1150
0000016095_1275.jpg,2,0.1275
0000030734_1114.jpg,44,0.1115
0000011922_2731.jpg,2,0.2732
00000957_809.jpg,29,0.0809
0000020527_966.jpg,44,0.0967
0000018537_1051.jpg,2,0.1051
0000017604_950.jpg,39,0.0951
0000015013_987.jpg,29,0.0987
0000011513_1044.jpg,42,0.1045
0000018251_855.jpg,3,0.0856
0000020902_987.jpg,44,0.0987
0000018245_902.jpg,39,0.0903
0000028386_1288.jpg,2,0.1289
000002933_802.jpg,11,0.0802
0000015761_1001.jpg,34,0.1002
000003393_1211.jpg,5,0.1211
0000014331_904.jpg,10,0.0904
0000017638_822.jpg,29,0.0823
0000020094_913.jpg,29,0.0914
0000031199_868.jpg,43,0.0869
0000026383_1108.jpg,9,0.1108
000009696_824.jpg,2,0.0825
0000019173_1624.jpg,2,0.1624
0000014457_815.jpg,34,0.0815
0000014443_904.jpg,2,0.0905
000007877_812.jpg,39,0.0813
000009682_1146.jpg,24,0.1147
0000019167_1710.jpg,2,0.1711
0000018279_849.jpg,2,0.0850
0000027089_1006.jpg,35,0.1006
0000012754_847.jpg,44,0.0848
000005906_950.jpg,13,0.0950
0000023562_870.jpg,31,0.0871
000003344_942.jpg,8,0.0942
000005735_2093.jpg,2,0.2094
0000031166_914.jpg,12,0.0914
0000027704_805.jpg,39,0.0805
000008211_845.jpg,18,0.0845
000007644_963.jpg,13,0.0964
000009669_970.jpg,44,0.0970
000002728_889.jpg,11,0.0889
0000025661_821.jpg,2,0.0821
0000018286_971.jpg,38,0.0971
0000020719_805.jpg,34,0.0805
0000027076_1079.jpg,11,0.1079
000001221_1446.jpg,5,0.1446
0000019826_946.jpg,34,0.0947
0000027710_944.jpg,26,0.0945
000008205_981.jpg,12,0.0981
0000012973_895.jpg,24,0.0896
0000025107_986.jpg,5,0.0986
000005721_1412.jpg,2,0.1412
0000030244_871.jpg,5,0.0871
0000010194_822.jpg,26,0.0823
0000020057_1070.jpg,13,0.1071
0000024231_1402.jpg,44,0.1403
000003378_1070.jpg,42,0.1071
000002066_900.jpg,44,0.0901
000004371_986.jpg,2,0.0987
0000026340_1790.jpg,39,0.1791
00000599_1331.jpg,44,0.1331
000009655_873.jpg,4,0.0873
0000016297_864.jpg,2,0.0864
000004365_1316.jpg,39,0.1316
0000034036_1204.jpg,5,0.1204
0000032447_816.jpg,38,0.0816
0000030250_869.jpg,40,0.0870
0000010180_812.jpg,1,0.0812
0000024542_805.jpg,44,0.0806
000002715_1328.jpg,39,0.1329
0000022133_861.jpg,44,0.0862
0000030537_903.jpg,13,0.0903
0000017188_837.jpg,39,0.0838
0000026433_866.jpg,34,0.0867
0000017836_1070.jpg,43,0.1070
0000022655_873.jpg,36,0.0873
0000013488_802.jpg,5,0.0803
0000034037_816.jpg,39,0.0817
0000022641_1242.jpg,2,0.1242
000005708_1116.jpg,39,0.1117
000003379_874.jpg,35,0.0875
0000010195_1289.jpg,2,0.1289
000006201_1002.jpg,2,0.1002
000009132_1005.jpg,2,0.1005
0000021348_912.jpg,39,0.0913
000006567_1106.jpg,2,0.1107
000009654_873.jpg,4,0.0873
0000029072_1219.jpg,43,0.1220
0000010803_836.jpg,5,0.0837
0000028344_889.jpg,13,0.0890
000007651_1202.jpg,5,0.1203
000004358_1559.jpg,2,0.1560
0000033002_806.jpg,5,0.0806
0000025106_974.jpg,5,0.0974
0000024218_902.jpg,2,0.0902
0000023577_812.jpg,34,0.0813
0000027711_1259.jpg,44,0.1259
0000021360_809.jpg,2,0.0809
0000027705_1058.jpg,39,0.1059
000001552_948.jpg,44,0.0949
000003423_910.jpg,39,0.0911
000005052_844.jpg,35,0.0845
000009668_801.jpg,44,0.0802
0000018278_837.jpg,12,0.0838
0000031832_840.jpg,39,0.0841
0000015984_924.jpg,9,0.0924
0000023588_892.jpg,34,0.0892
00000229_947.jpg,11,0.0947
0000019600_894.jpg,35,0.0895
0000027922_877.jpg,18,0.0878
0000019614_921.jpg,9,0.0922
0000010156_1033.jpg,39,0.1034
0000030286_861.jpg,36,0.0861
0000014330_1017.jpg,42,0.1017
0000022682_959.jpg,8,0.0959
0000012027_809.jpg,44,0.0810
0000014456_1102.jpg,5,0.1102
0000015990_959.jpg,39,0.0959
0000024595_967.jpg,39,0.0968
0000019172_1097.jpg,44,0.1097
000007862_813.jpg,19,0.0814
0000026382_938.jpg,36,0.0938
0000017177_909.jpg,39,0.0909
0000011260_876.jpg,5,0.0877
00000215_1067.jpg,2,0.1067
0000029927_802.jpg,8,0.0802
000003392_927.jpg,9,0.0928
0000012769_1218.jpg,39,0.1219
000003386_1074.jpg,43,0.1075
0000022866_827.jpg,38,0.0828
0000015012_848.jpg,11,0.0849
00000567_843.jpg,2,0.0844
000004600_1077.jpg,41,0.1078
0000012594_1499.jpg,2,0.1499
0000023991_816.jpg,41,0.0816
0000013852_874.jpg,1,0.0875
000009324_1749.jpg,29,0.1750
000001778_940.jpg,13,0.0940
0000020526_1178.jpg,24,0.1178
0000027249_881.jpg,46,0.0881
000008984_1163.jpg,2,0.1163
000006771_903.jpg,39,0.0904
000002503_931.jpg,9,0.0931
0000030721_934.jpg,39,0.0934
0000029270_1281.jpg,43,0.1281
0000026143_846.jpg,5,0.0846
000009456_828.jpg,39,0.0828
0000018913_838.jpg,39,0.0838
0000024032_846.jpg,35,0.0847
0000032650_1202.jpg,44,0.1202
0000013846_878.jpg,34,0.0879
0000021162_1750.jpg,39,0.1751
000001744_921.jpg,13,0.0922
0000033566_895.jpg,17,0.0896
0000014867_802.jpg,39,0.0802
000003635_1348.jpg,2,0.1349
000007453_1075.jpg,35,0.1076
000008760_868.jpg,5,0.0868
0000030709_831.jpg,39,0.0831
0000031417_1000.jpg,39,0.1000
0000021604_985.jpg,2,0.0986
000001036_800.jpg,2,0.0801
0000033214_873.jpg,44,0.0874
000004628_2498.jpg,2,0.2498
000005536_855.jpg,44,0.0855
0000026619_860.jpg,36,0.0861
0000028634_957.jpg,2,0.0958
0000012557_1083.jpg,9,0.1084
0000023952_1108.jpg,39,0.1109
0000032687_866.jpg,14,0.0866
0000022494_1264.jpg,39,0.1265
000003812_816.jpg,38,0.0816
0000011738_962.jpg,9,0.0962
000009481_1501.jpg,42,0.1501
00000995_874.jpg,44,0.0874
00000759_1384.jpg,39,0.1385
0000016043_1458.jpg,8,0.1458
000009495_994.jpg,5,0.0994
0000023946_1260.jpg,39,0.1260
0000013885_1395.jpg,2,0.1395
0000030084_980.jpg,39,0.0980
0000010354_1014.jpg,39,0.1014
000001977_1406.jpg,1,0.1407
0000016725_1461.jpg,5,0.1462
0000019416_1307.jpg,2,0.1307
0000011062_1448.jpg,2,0.1448
000004199_1299.jpg,39,0.1300
0000015562_818.jpg,11,0.0819
0000013107_921.jpg,29,0.0921
0000024973_873.jpg,5,0.0874
00000765_3556.jpg,2,0.3556
0000026802_1153.jpg,15,0.1154
0000011076_805.jpg,2,0.0805
000001793_898.jpg,26,0.0898
0000032877_1269.jpg,9,0.1269
0000022523_944.jpg,35,0.0945
000004774_1051.jpg,26,0.1052
0000014091_1102.jpg,5,0.1102
0000017598_1246.jpg,13,0.1247
0000020334_1032.jpg,5,0.1032
000006163_1565.jpg,5,0.1565
0000030899_870.jpg,38,0.0870
000008628_824.jpg,15,0.0824
0000011857_850.jpg,2,0.0850
0000032056_878.jpg,5,0.0878
000004006_1153.jpg,5,0.1153
000002477_889.jpg,39,0.0890
0000022251_953.jpg,44,0.0954
0000026989_1305.jpg,35,0.1306
0000018867_821.jpg,39,0.0822
0000016692_844.jpg,39,0.0844
0000025258_865.jpg,9,0.0866
000002311_924.jpg,46,0.0924
000007241_993.jpg,2,0.0993
000008172_854.jpg,34,0.0854
0000021016_886.jpg,34,0.0887
000005456_980.jpg,9,0.0980
000002339_836.jpg,11,0.0837
000004990_908.jpg,40,0.0909
0000023601_968.jpg,35,0.0969
0000033374_1051.jpg,39,0.1051
0000025516_987.jpg,29,0.0988
000005330_956.jpg,2,0.0957
000006639_1430.jpg,35,0.1430
0000021770_992.jpg,39,0.0993
0000028032_825.jpg,38,0.0826
000008614_1152.jpg,39,0.1153
0000031577_1458.jpg,39,0.1458
0000029338_1123.jpg,39,0.1123
000003755_1017.jpg,2,0.1017
0000025502_868.jpg,46,0.0869
000005324_864.jpg,5,0.0865
0000025264_901.jpg,39,0.0901
000003033_1354.jpg,5,0.1355
0000016876_1183.jpg,34,0.1184
0000031211_860.jpg,39,0.0861
0000028998_923.jpg,40,0.0924
000009278_822.jpg,39,0.0822
0000021002_815.jpg,39,0.0815
0000016645_802.jpg,14,0.0802
0000019576_985.jpg,39,0.0985
0000027498_1174.jpg,5,0.1174
0000014052_1171.jpg,2,0.1171
0000023826_969.jpg,41,0.0970
0000032095_857.jpg,39,0.0857
0000023198_808.jpg,39,0.0808
0000010552_865.jpg,2,0.0865
0000016123_980.jpg,39,0.0981
000008833_801.jpg,2,0.0802
0000021943_1002.jpg,2,0.1003
0000010546_903.jpg,44,0.0904
0000020485_1155.jpg,34,0.1155
0000012351_2241.jpg,2,0.2242
0000022292_852.jpg,2,0.0853
0000024185_864.jpg,44,0.0865
0000023832_1045.jpg,5,0.1046
0000026792_1174.jpg,39,0.1175
0000019562_1227.jpg,39,0.1228
000004953_1009.jpg,44,0.1009
00000163_807.jpg,39,0.0807
000007282_834.jpg,39,0.0835
0000017567_977.jpg,2,0.0978
0000010208_1063.jpg,34,0.1063
000006822_907.jpg,2,0.0908
0000017201_1149.jpg,5,0.1150
0000012379_841.jpg,2,0.0841
0000014708_1271.jpg,6,0.1272
000006836_851.jpg,44,0.0852
0000019238_1059.jpg,2,0.1059
00000611_1648.jpg,2,0.1649
0000011102_846.jpg,38,0.0847
0000018898_1033.jpg,39,0.1034
0000028783_1523.jpg,8,0.1523
000005481_1395.jpg,2,0.1396
0000032254_1089.jpg,39,0.1090
0000015833_1099.jpg,2,0.1100
0000023359_1271.jpg,38,0.1271
0000026221_1142.jpg,11,0.1143
0000029112_1126.jpg,46,0.1126
0000027881_1094.jpg,41,0.1095
0000030325_871.jpg,1,0.0871
0000020136_919.jpg,46,0.0919
000004576_987.jpg,2,0.0988
000003219_1016.jpg,39,0.1016
000005668_1457.jpg,2,0.1457
0000014287_813.jpg,38,0.0813
000004562_936.jpg,35,0.0936
000009046_805.jpg,1,0.0805
0000017956_1624.jpg,8,0.1624
0000031991_824.jpg,44,0.0824
0000028218_801.jpg,34,0.0802
0000011499_1159.jpg,5,0.1160
0000026235_1270.jpg,2,0.1270
0000029106_1012.jpg,39,0.1012
0000031749_922.jpg,35,0.0922
0000012190_1134.jpg,35,0.1134
0000024422_813.jpg,44,0.0813
000004204_1451.jpg,2,0.1452
000008416_801.jpg,2,0.0802
000001354_1064.jpg,13,0.1065
000009708_846.jpg,7,0.0847
0000025714_852.jpg,35,0.0852
0000023365_990.jpg,2,0.0991
0000033610_986.jpg,5,0.0987
000003225_1085.jpg,38,0.1086
0000025072_1017.jpg,17,0.1017
0000031007_815.jpg,39,0.0816
0000029648_1066.jpg,17,0.1067
0000028556_810.jpg,2,0.0811
0000027665_834.jpg,38,0.0835
000007043_813.jpg,44,0.0814
0000024378_1018.jpg,12,0.1018
0000033604_940.jpg,8,0.0940
0000022709_864.jpg,2,0.0865
0000025700_1223.jpg,9,0.1223
000003557_986.jpg,9,0.0987
0000023371_1148.jpg,44,0.1149
0000020678_937.jpg,39,0.0938
000007731_1557.jpg,2,0.1557
0000031946_902.jpg,35,0.0902
0000013259_866.jpg,39,0.0867
0000032297_999.jpg,8,0.1000
0000010036_1192.jpg,44,0.1192
0000019774_939.jpg,43,0.0940
0000010022_915.jpg,39,0.0916
0000019760_841.jpg,44,0.0841
0000014244_836.jpg,39,0.0836
0000024387_1427.jpg,39,0.1427
000005867_1452.jpg,11,0.1453
0000014522_1069.jpg,9,0.1069
000007916_1028.jpg,39,0.1029
0000019006_1062.jpg,39,0.1062
0000030494_851.jpg,26,0.0852
000002846_848.jpg,2,0.0849
0000011472_1110.jpg,9,0.1111
000009913_997.jpg,8,0.0998
0000011314_831.jpg,34,0.0832
000005697_1459.jpg,39,0.1459
0000013503_1077.jpg,5,0.1078
0000012609_922.jpg,44,0.0923
0000014278_981.jpg,7,0.0981
0000028581_895.jpg,9,0.0896
00000413_1135.jpg,13,0.1136
0000013271_851.jpg,43,0.0851
000002852_808.jpg,2,0.0808
0000029851_1046.jpg,39,0.1046
000009911_810.jpg,12,0.0811
0000018332_881.jpg,41,0.0882
0000012179_867.jpg,29,0.0868
0000014508_840.jpg,15,0.0840
0000013267_2385.jpg,2,0.2386
0000020861_818.jpg,17,0.0819
00000411_1478.jpg,5,0.1478
0000011464_1136.jpg,5,0.1136
000007928_832.jpg,34,0.0832
00000377_1145.jpg,1,0.1146
0000017773_853.jpg,2,0.0854
0000019776_935.jpg,5,0.0935
0000027840_1098.jpg,39,0.1099
000005871_930.jpg,15,0.0931
0000012623_1113.jpg,39,0.1114
0000010752_807.jpg,36,0.0808
0000020691_1034.jpg,29,0.1034
0000031944_872.jpg,3,0.0872
0000019010_1061.jpg,8,0.1062
0000020849_1135.jpg,2,0.1136
0000017029_877.jpg,44,0.0877
0000016337_913.jpg,11,0.0913
000007914_1008.jpg,2,0.1009
0000011458_813.jpg,46,0.0814
0000032281_821.jpg,44,0.0822
000005865_985.jpg,13,0.0986
0000013529_922.jpg,2,0.0922
0000010020_1458.jpg,44,0.1458
000008372_1446.jpg,42,0.1447
0000031005_1009.jpg,39,0.1009
000005656_1775.jpg,2,0.1775
000002139_2555.jpg,2,0.2556
0000023367_961.jpg,5,0.0961
000006439_819.jpg,4,0.0820
000001356_1269.jpg,39,0.1270
0000028232_905.jpg,5,0.0905
000007727_838.jpg,9,0.0839
0000029138_912.jpg,9,0.0913
0000028226_904.jpg,9,0.0905
0000033606_856.jpg,34,0.0857
0000018483_1072.jpg,5,0.1072
0000017968_964.jpg,35,0.0965
0000014291_1281.jpg,39,0.1282
0000012838_1082.jpg,39,0.1082
0000029676_856.jpg,44,0.0856
0000027883_1399.jpg,41,0.1399
0000016486_872.jpg,46,0.0872
000006405_909.jpg,44,0.0909
000009736_2403.jpg,2,0.2404
0000029110_889.jpg,39,0.0890
0000010791_920.jpg,34,0.0921
0000020652_840.jpg,11,0.0840
000004212_994.jpg,2,0.0995
0000012186_879.jpg,9,0.0880
0000022045_938.jpg,44,0.0938
000002677_881.jpg,39,0.0881
000006411_887.jpg,35,0.0888
0000026237_1985.jpg,39,0.1986
0000029104_926.jpg,11,0.0927
0000010785_1018.jpg,19,0.1018
0000031993_1231.jpg,39,0.1232
0000029662_1087.jpg,46,0.1087
0000022737_871.jpg,34,0.0871
0000025058_1143.jpg,34,0.1144
000004560_1390.jpg,5,0.1390
000003780_865.jpg,41,0.0866
0000015414_1454.jpg,2,0.1454
000003958_1168.jpg,2,0.1169
0000038_811.jpg,2,0.0812
0000011672_865.jpg,44,0.0865
000006820_826.jpg,39,0.0827
0000026960_900.jpg,43,0.0901
000001829_890.jpg,2,0.0890
0000015372_801.jpg,9,0.0802
0000032915_872.jpg,46,0.0872
000004789_1217.jpg,11,0.1217
0000013703_808.jpg,44,0.0809
000004945_1306.jpg,6,0.1307
0000012409_1155.jpg,11,0.1155
0000028781_1374.jpg,44,0.1374
0000018642_1052.jpg,39,0.1052
000007294_982.jpg,9,0.0983
0000030870_856.jpg,39,0.0856
0000015400_896.jpg,39,0.0897
0000019212_808.jpg,18,0.0809
0000020493_1476.jpg,5,0.1476
0000030680_820.jpg,8,0.0820
0000015428_1510.jpg,5,0.1511
0000024193_1594.jpg,44,0.1594
000009291_816.jpg,39,0.0817
0000028971_940.jpg,5,0.0941
0000011128_861.jpg,7,0.0862
0000014044_827.jpg,26,0.0828
0000022290_1270.jpg,19,0.1270
0000012353_957.jpg,39,0.0958
0000020487_860.jpg,46,0.0861
0000030694_1013.jpg,41,0.1013
000001154_1329.jpg,2,0.1329
0000032068_1007.jpg,2,0.1008
000003743_1233.jpg,2,0.1233
0000023603_1295.jpg,39,0.1295
000003025_929.jpg,2,0.0929
0000021014_1254.jpg,2,0.1255
000001632_860.jpg,2,0.0860
000007243_827.jpg,2,0.0828
000006149_931.jpg,15,0.0932
000001626_1083.jpg,13,0.1084
0000023617_1503.jpg,39,0.1504
0000022509_840.jpg,39,0.0840
000005440_865.jpg,5,0.0865
000003757_820.jpg,41,0.0820
000004038_864.jpg,39,0.0864
0000020478_822.jpg,39,0.0822
0000026009_804.jpg,39,0.0804
0000022247_1704.jpg,44,0.1705
000002461_1981.jpg,13,0.1981
0000032054_1025.jpg,11,0.1026
000004010_1042.jpg,46,0.1042
0000011855_832.jpg,9,0.0833
000009534_1358.jpg,2,0.1358
000006607_883.jpg,31,0.0883
000009252_1049.jpg,35,0.1049
000006161_1541.jpg,39,0.1541
0000029474_1492.jpg,44,0.1492
0000022521_809.jpg,2,0.0810
000004762_914.jpg,42,0.0915
0000014087_1166.jpg,5,0.1167
0000033438_1049.jpg,39,0.1050
0000013930_839.jpg,35,0.0839
0000016690_944.jpg,5,0.0944
0000029460_884.jpg,39,0.0884
0000028018_1649.jpg,44,0.1650
0000031549_825.jpg,26,0.0825
0000011699_1132.jpg,35,0.1133
0000022253_1009.jpg,38,0.1010
0000012390_978.jpg,5,0.0978
000002475_880.jpg,4,0.0880
000004004_1023.jpg,42,0.1024
0000015560_849.jpg,36,0.0849
0000017377_1133.jpg,29,0.1133
0000030910_808.jpg,9,0.0809
00000773_1216.jpg,5,0.1217
000001785_1054.jpg,2,0.1055
0000013677_1141.jpg,35,0.1141
0000014118_867.jpg,6,0.0867
000003186_1397.jpg,2,0.1397
0000015212_827.jpg,39,0.0827
0000023978_986.jpg,2,0.0986
000002298_870.jpg,44,0.0870
0000011074_1147.jpg,9,0.1147
0000019428_1140.jpg,44,0.1141
0000017405_917.jpg,5,0.0918
0000028193_844.jpg,13,0.0844
0000017363_908.jpg,41,0.0908
0000011712_1010.jpg,39,0.1011
000005291_955.jpg,24,0.0955
0000013105_902.jpg,34,0.0903
0000021821_957.jpg,8,0.0958
0000010424_951.jpg,2,0.0952
000006968_905.jpg,36,0.0906
0000016055_1061.jpg,46,0.1062
0000019366_1232.jpg,39,0.1232
0000024959_1155.jpg,2,0.1156
0000012555_989.jpg,4,0.0989
0000016733_824.jpg,46,0.0825
0000026828_1021.jpg,44,0.1022
0000011048_822.jpg,5,0.0823
0000017439_924.jpg,5,0.0924
0000032849_1009.jpg,12,0.1009
0000014130_828.jpg,39,0.0828
0000023944_819.jpg,43,0.0819
0000032691_813.jpg,18,0.0813
000003804_1016.jpg,13,0.1017
000008789_1073.jpg,2,0.1074
000009497_889.jpg,2,0.0889
0000016041_1093.jpg,2,0.1094
0000019372_864.jpg,24,0.0864
000001020_878.jpg,2,0.0878
0000027277_1245.jpg,39,0.1245
00000968_1414.jpg,2,0.1414
0000020518_1129.jpg,40,0.1130
000002529_813.jpg,11,0.0813
000005246_1004.jpg,11,0.1004
000005520_1520.jpg,2,0.1521
000008004_1264.jpg,2,0.1265
0000028622_879.jpg,39,0.0880
0000016914_958.jpg,5,0.0959
000001746_1415.jpg,35,0.1416
0000028636_963.jpg,44,0.0963
0000021174_1133.jpg,8,0.1134
0000025312_908.jpg,39,0.0909
0000033570_1647.jpg,8,0.1647
000003145_916.jpg,38,0.0917
0000033216_882.jpg,43,0.0882
000003623_1405.jpg,2,0.1405
0000014871_933.jpg,2,0.0934
0000025474_956.jpg,44,0.0957
000009468_1717.jpg,2,0.1717
0000018093_961.jpg,2,0.0962
000007445_893.jpg,2,0.0893
000004164_1283.jpg,5,0.1283
0000032120_1112.jpg,39,0.1113
0000022333_1042.jpg,2,0.1043
0000016096_1009.jpg,39,0.1009
0000029266_965.jpg,39,0.0966
0000020242_985.jpg,39,0.0985
0000016928_1489.jpg,44,0.1489
0000029500_1026.jpg,43,0.1027
000009326_1447.jpg,2,0.1448
0000013850_851.jpg,9,0.0851
0000032646_975.jpg,2,0.0976
000002273_875.jpg,5,0.0875
0000033558_990.jpg,5,0.0990
0000012582_2157.jpg,2,0.2158
0000023987_1062.jpg,35,0.1063
0000024030_956.jpg,46,0.0956
0000026627_1131.jpg,39,0.1131
0000018911_1056.jpg,7,0.1056
000009332_1749.jpg,29,0.1750
0000016082_1059.jpg,24,0.1060
0000020530_1441.jpg,34,0.1442
000007479_840.jpg,44,0.0840
0000011935_1045.jpg,2,0.1045
0000023039_905.jpg,39,0.0905
0000024756_1369.jpg,39,0.1369
0000025448_2244.jpg,18,0.2245
0000017613_1734.jpg,2,0.1734
000001587_1184.jpg,35,0.1184
0000020901_895.jpg,44,0.0895
00000571_1385.jpg,2,0.1386
000009865_961.jpg,43,0.0962
0000013307_906.jpg,26,0.0907
0000012019_1021.jpg,46,0.1021
0000020915_826.jpg,39,0.0827
000007684_1030.jpg,39,0.1030
0000010168_831.jpg,2,0.0832
0000029931_1043.jpg,39,0.1044
0000017607_1071.jpg,38,0.1072
0000013461_818.jpg,34,0.0819
0000030290_1336.jpg,5,0.1336
0000029919_813.jpg,39,0.0814
0000020083_940.jpg,39,0.0940
0000032487_897.jpg,2,0.0897
0000015038_2417.jpg,2,0.2417
0000022694_924.jpg,17,0.0925
0000013449_848.jpg,35,0.0849
0000015986_1031.jpg,39,0.1031
0000025845_1659.jpg,39,0.1659
0000011538_1018.jpg,2,0.1018
0000016257_1545.jpg,5,0.1546
000009859_1040.jpg,2,0.1041
00000559_1051.jpg,39,0.1051
0000019170_805.jpg,13,0.0806
000009695_1258.jpg,2,0.1259
0000015992_874.jpg,39,0.0875
0000024597_1012.jpg,5,0.1012
0000012025_1262.jpg,2,0.1262
0000012743_1162.jpg,39,0.1163
0000014332_906.jpg,2,0.0907
0000022858_835.jpg,13,0.0836
0000030284_918.jpg,11,0.0918
0000020097_940.jpg,39,0.0940
0000021389_1163.jpg,39,0.1163
000009118_1086.jpg,39,0.1086
000008206_979.jpg,5,0.0979
0000015979_1227.jpg,14,0.1227
000007653_901.jpg,38,0.0901
0000027075_2217.jpg,2,0.2218
0000010801_1400.jpg,2,0.1401
0000028352_869.jpg,5,0.0869
000001236_803.jpg,2,0.0804
0000021410_954.jpg,39,0.0955
0000010815_963.jpg,11,0.0964
0000024568_836.jpg,39,0.0837
0000023207_902.jpg,35,0.0902
000003347_1416.jpg,5,0.1416
0000021376_906.jpg,39,0.0906
000008212_1248.jpg,39,0.1249
0000034035_1204.jpg,5,0.1204
0000024226_877.jpg,34,0.0877
000006217_801.jpg,2,0.0802
000009124_942.jpg,2,0.0942
0000026431_932.jpg,39,0.0932
0000017834_1470.jpg,13,0.1470
0000010183_827.jpg,39,0.0828
0000022131_1065.jpg,17,0.1065
000002717_1056.jpg,2,0.1057
000002703_1158.jpg,2,0.1158
0000025892_1134.jpg,46,0.1135
0000026425_1177.jpg,44,0.1178
0000017820_1107.jpg,2,0.1107
0000029716_822.jpg,39,0.0822
000004414_1022.jpg,2,0.1022
0000024232_1041.jpg,36,0.1042
000002065_919.jpg,35,0.0920
0000033996_1009.jpg,42,0.1010
000009657_913.jpg,35,0.0913
0000010828_838.jpg,17,0.0839
0000029071_1012.jpg,44,0.1013
0000014496_892.jpg,43,0.0893
0000015788_1029.jpg,35,0.1030
0000022642_1586.jpg,2,0.1586
0000032451_823.jpg,24,0.0823
0000030246_1084.jpg,35,0.1084
0000028409_907.jpg,39,0.0907
0000017835_898.jpg,13,0.0899
0000026430_844.jpg,11,0.0845
000002070_801.jpg,8,0.0801
0000032445_842.jpg,39,0.0842
000004367_966.jpg,18,0.0967
0000015944_934.jpg,11,0.0934
000003408_956.jpg,39,0.0956
0000032323_953.jpg,2,0.0953
0000022130_920.jpg,44,0.0921
000006570_1149.jpg,5,0.1150
0000022118_827.jpg,34,0.0828
000006558_990.jpg,4,0.0991
000001237_926.jpg,2,0.0926
0000028353_913.jpg,39,0.0913
0000027706_1337.jpg,2,0.1338
0000026418_987.jpg,9,0.0988
0000021377_822.jpg,39,0.0823
000005737_1136.jpg,35,0.1136
0000033773_954.jpg,8,0.0955
000005723_1597.jpg,2,0.1598
0000033767_1553.jpg,5,0.1553
0000023574_910.jpg,11,0.0910
0000028421_1228.jpg,44,0.1229
000001545_821.jpg,42,0.0822
0000017809_842.jpg,43,0.0842
0000021363_906.jpg,39,0.0906
0000010800_822.jpg,13,0.0823
000001223_832.jpg,41,0.0832
0000018284_971.jpg,2,0.0972
000008561_908.jpg,27,0.0908
0000023212_905.jpg,39,0.0906
000003434_1235.jpg,35,0.1236
0000025663_838.jpg,34,0.0838
0000012024_1057.jpg,2,0.1058
000002919_1061.jpg,2,0.1062
0000010633_948.jpg,39,0.0949
000009694_1258.jpg,2,0.1259
00000558_1080.jpg,39,0.1080
0000030285_1015.jpg,44,0.1015
0000022859_955.jpg,29,0.0956
0000014333_1404.jpg,39,0.1404
0000016530_909.jpg,2,0.0909
0000027935_969.jpg,39,0.0970
000009858_1238.jpg,5,0.1238
000009680_1393.jpg,2,0.1393
0000019165_892.jpg,12,0.0892
0000026395_971.jpg,41,0.0971
0000024582_845.jpg,17,0.0846
0000015987_876.jpg,39,0.0876
000009870_998.jpg,11,0.0999
000005092_862.jpg,2,0.0862
0000013306_843.jpg,39,0.0843
0000013460_871.jpg,9,0.0871
00000202_890.jpg,2,0.0890
0000018535_859.jpg,39,0.0859
0000029924_1220.jpg,5,0.1221
000003391_1288.jpg,2,0.1289
000005938_1153.jpg,2,0.1154
0000015005_936.jpg,14,0.0936
0000015763_886.jpg,11,0.0887
000005086_1413.jpg,5,0.1414
000002931_1263.jpg,2,0.1263
000004398_1082.jpg,15,0.1082
0000018247_1077.jpg,35,0.1078
0000011505_872.jpg,39,0.0872
0000020900_1876.jpg,35,0.1876
0000027538_882.jpg,41,0.0883
0000032653_1080.jpg,8,0.1081
0000013845_1110.jpg,35,0.1111
0000022326_947.jpg,39,0.0947
000002500_827.jpg,39,0.0827
0000032135_929.jpg,2,0.0929
000007478_1128.jpg,5,0.1129
0000029273_981.jpg,11,0.0982
0000016083_875.jpg,11,0.0875
0000011920_929.jpg,9,0.0930
0000020525_1292.jpg,2,0.1292
0000029267_823.jpg,8,0.0823
000006772_814.jpg,9,0.0815
000009441_889.jpg,9,0.0890
0000032121_838.jpg,17,0.0838
000002514_1346.jpg,35,0.1346
000004603_1586.jpg,35,0.1586
0000033559_895.jpg,17,0.0896
0000032647_845.jpg,39,0.0845
0000013851_874.jpg,1,0.0875
000009327_827.jpg,36,0.0828
0000010380_1612.jpg,2,0.1613
0000023762_842.jpg,34,0.0843
000003144_829.jpg,35,0.0829
0000013879_890.jpg,46,0.0890
0000021175_1305.jpg,2,0.1305
0000027504_908.jpg,9,0.0909
000007322_817.jpg,18,0.0817
000007444_1233.jpg,2,0.1234
000009469_846.jpg,2,0.0846
000003622_873.jpg,39,0.0874
000005247_866.jpg,2,0.0867
0000033203_916.jpg,2,0.0917
0000023010_840.jpg,34,0.0841
0000020519_1441.jpg,34,0.1442
00000969_1137.jpg,39,0.1138
0000028145_840.jpg,44,0.0841
0000021607_1188.jpg,9,0.1188
000007336_1102.jpg,5,0.1103
0000023776_1074.jpg,44,0.1074
0000025307_1007.jpg,39,0.1007
0000023945_811.jpg,7,0.0812
0000022483_1113.jpg,2,0.1113
0000016726_884.jpg,39,0.0884
0000030939_1114.jpg,44,0.1114
000009496_1165.jpg,39,0.1166
0000021834_982.jpg,38,0.0983
000003805_851.jpg,5,0.0851
0000026197_1193.jpg,5,0.1193
0000016054_813.jpg,26,0.0814
0000018079_821.jpg,35,0.0821
0000021820_1098.jpg,44,0.1099
000001960_854.jpg,5,0.0855
0000014125_1153.jpg,5,0.1153
0000019429_838.jpg,24,0.0838
0000023979_1062.jpg,35,0.1063
000003187_1067.jpg,39,0.1068
000005290_1041.jpg,39,0.1042
0000017362_1566.jpg,2,0.1567
0000028192_862.jpg,2,0.0862
000006941_989.jpg,34,0.0989
0000017376_827.jpg,8,0.0828
0000028186_822.jpg,17,0.0822
000005284_1429.jpg,2,0.1429
0000015207_958.jpg,36,0.0959
0000013676_1133.jpg,2,0.1133
0000017410_805.jpg,44,0.0805
0000018723_916.jpg,41,0.0916
0000028838_1027.jpg,44,0.1028
0000011061_862.jpg,5,0.0863
0000016691_876.jpg,46,0.0877
000002312_1130.jpg,39,0.1130
0000024145_828.jpg,39,0.0829
0000014086_1060.jpg,35,0.1061
000004005_1131.jpg,2,0.1131
000002474_1024.jpg,5,0.1024
000006612_967.jpg,39,0.0968
0000029307_895.jpg,46,0.0895
0000031548_1255.jpg,39,0.1256
0000021983_983.jpg,26,0.0984
0000023158_1172.jpg,34,0.1172
000004011_1199.jpg,2,0.1199
000002306_809.jpg,41,0.0810
000003018_1339.jpg,8,0.1340
0000024151_1118.jpg,9,0.1118
0000027458_925.jpg,46,0.0925
0000018870_1356.jpg,13,0.1356
0000026746_838.jpg,11,0.0839
0000021029_1163.jpg,39,0.1163
000009253_1132.jpg,29,0.1133
000003030_874.jpg,11,0.0875
000008165_1007.jpg,2,0.1007
0000016875_832.jpg,11,0.0833
0000018858_1356.jpg,13,0.1356
000006148_1265.jpg,34,0.1266
0000020479_838.jpg,44,0.0839
00000809_913.jpg,2,0.0913
000004039_919.jpg,2,0.0920
0000023170_1172.jpg,34,0.1172
0000025501_882.jpg,39,0.0883
0000014904_1115.jpg,5,0.1116
0000032069_1403.jpg,8,0.1403
0000021773_1144.jpg,39,0.1145
0000028031_853.jpg,44,0.0853
0000027302_847.jpg,14,0.0847
0000011868_869.jpg,39,0.0870
000008171_853.jpg,34,0.0853
0000029449_1189.jpg,35,0.1189
0000033411_1077.jpg,8,0.1077
0000014045_867.jpg,46,0.0868
000004978_1148.jpg,44,0.1149
0000025298_958.jpg,39,0.0958
0000028964_1868.jpg,39,0.1869
0000016652_800.jpg,34,0.0801
000001800_1202.jpg,1,0.1202
0000010545_923.jpg,44,0.0923
0000021940_925.jpg,9,0.0926
0000011883_856.jpg,13,0.0856
0000020486_1048.jpg,2,0.1049
0000016134_870.jpg,11,0.0871
0000011_1232.jpg,2,0.1233
0000012352_2023.jpg,2,0.2024
0000022291_988.jpg,39,0.0988
000003971_836.jpg,5,0.0837
0000024838_1377.jpg,2,0.1377
0000013058_1049.jpg,2,0.1050
0000020492_899.jpg,44,0.0899
0000011129_869.jpg,39,0.0870
0000026785_837.jpg,2,0.0838
0000016646_956.jpg,11,0.0957
0000017558_946.jpg,34,0.0946
0000032928_814.jpg,9,0.0814
00000174_813.jpg,9,0.0814
0000028958_948.jpg,34,0.0949
0000017570_827.jpg,43,0.0827
0000018643_979.jpg,39,0.0980
000007295_1413.jpg,2,0.1414
0000015367_1541.jpg,39,0.1542
000003795_865.jpg,8,0.0865
0000010579_1153.jpg,39,0.1153
0000017216_820.jpg,39,0.0820
000001182_1139.jpg,5,0.1140
00000612_1050.jpg,13,0.1050
0000024810_885.jpg,27,0.0886
000003959_1495.jpg,2,0.1496
000004788_811.jpg,29,0.0811
0000015373_1042.jpg,44,0.1043
0000019549_1046.jpg,13,0.1047
000001828_815.jpg,12,0.0815
0000026961_893.jpg,44,0.0894
0000018657_1077.jpg,39,0.1078
0000020647_1051.jpg,9,0.1051
000006410_907.jpg,1,0.0907
000005119_3683.jpg,2,0.3684
000002676_1043.jpg,4,0.1043
0000014284_979.jpg,13,0.0980
000002110_878.jpg,5,0.0879
0000016493_1650.jpg,44,0.1651
000006376_2101.jpg,2,0.2102
0000020121_863.jpg,44,0.0864
000009051_813.jpg,44,0.0813
000006362_997.jpg,2,0.0998
0000026544_819.jpg,43,0.0820
000004575_810.jpg,13,0.0811
0000024353_814.jpg,5,0.0815
0000022044_809.jpg,36,0.0810
0000032257_1388.jpg,39,0.1388
000009737_818.jpg,2,0.0818
000002892_991.jpg,39,0.0992
0000028227_808.jpg,5,0.0809
0000030468_1097.jpg,14,0.1098
0000029139_870.jpg,34,0.0871
0000019944_820.jpg,46,0.0821
000003232_883.jpg,8,0.0884
0000032519_2075.jpg,39,0.2076
0000023400_929.jpg,39,0.0929
000003226_1059.jpg,36,0.1059
000005657_1775.jpg,2,0.1775
0000031004_1503.jpg,44,0.1504
0000028555_1245.jpg,44,0.1246
000007040_945.jpg,13,0.0945
0000027100_978.jpg,2,0.0979
000001357_1132.jpg,13,0.1132
0000031762_1112.jpg,43,0.1113
0000022078_810.jpg,26,0.0810
000005131_1359.jpg,9,0.1359
0000022093_845.jpg,43,0.0846
0000012150_1351.jpg,41,0.1352
000007915_1870.jpg,39,0.1871
0000010747_1319.jpg,2,0.1319
000009086_862.jpg,9,0.0862
0000015159_882.jpg,35,0.0883
000005864_930.jpg,15,0.0931
0000024384_1031.jpg,26,0.1031
0000014253_1479.jpg,35,0.1480
0000024390_1573.jpg,39,0.1574
0000017982_835.jpg,5,0.0836
00000438_1081.jpg,39,0.1081
0000025930_966.jpg,2,0.0966
000002879_855.jpg,8,0.0856
0000032294_875.jpg,38,0.0875
00000410_1053.jpg,2,0.1054
0000018327_973.jpg,43,0.0973
0000015603_1030.jpg,39,0.1031
0000015165_905.jpg,2,0.0905
000005858_1871.jpg,2,0.1872
0000027869_878.jpg,2,0.0878
00000376_835.jpg,5,0.0836
0000011303_1206.jpg,5,0.1206
0000010009_896.jpg,39,0.0897
0000028596_816.jpg,43,0.0816
0000029850_811.jpg,44,0.0811
00000362_1614.jpg,2,0.1614
0000011317_899.jpg,44,0.0899
0000022905_1203.jpg,4,0.1203
0000013500_820.jpg,2,0.0820
0000014509_1024.jpg,2,0.1024
000002845_1759.jpg,2,0.1759
0000012178_846.jpg,34,0.0847
000009910_962.jpg,29,0.0963
000005817_857.jpg,13,0.0857
0000027826_800.jpg,39,0.0801
0000010734_2473.jpg,5,0.2474
0000027198_1169.jpg,11,0.1169
0000013229_961.jpg,39,0.0961
0000010720_815.jpg,15,0.0815
0000026292_1433.jpg,2,0.1433
0000031088_820.jpg,8,0.0821
0000010046_832.jpg,43,0.0832
0000017729_992.jpg,35,0.0992
0000014220_880.jpg,11,0.0880
000005803_1030.jpg,5,0.1030
0000033847_999.jpg,8,0.1000
0000022792_1040.jpg,2,0.1040
000001495_837.jpg,26,0.0838
0000018432_1079.jpg,39,0.1080
0000017701_1008.jpg,26,0.1008
0000022962_894.jpg,34,0.0894
0000012679_1236.jpg,2,0.1237
0000015116_915.jpg,39,0.0915
000005195_825.jpg,35,0.0825
000002822_974.jpg,44,0.0974
0000010708_1137.jpg,35,0.1138
00000463_1590.jpg,9,0.1591
0000016379_1060.jpg,14,0.1060
0000013215_847.jpg,39,0.0848
000003296_1025.jpg,2,0.1025
0000015102_812.jpg,2,0.0812
0000019738_863.jpg,5,0.0863
0000030341_869.jpg,5,0.0869
0000010091_844.jpg,39,0.0844
000004512_1144.jpg,39,0.1144
0000015857_857.jpg,2,0.0858
0000026245_866.jpg,2,0.0866
00000488_858.jpg,2,0.0858
0000030433_825.jpg,34,0.0825
000004260_833.jpg,35,0.0834
0000014585_804.jpg,11,0.0805
000002177_959.jpg,39,0.0959
000005618_1076.jpg,5,0.1076
0000033884_881.jpg,46,0.0882
000009022_1302.jpg,2,0.1303
000006311_801.jpg,40,0.0801
000003241_845.jpg,5,0.0845
0000019937_837.jpg,34,0.0838
0000028532_2320.jpg,39,0.2320
000007027_877.jpg,5,0.0878
0000021270_849.jpg,11,0.0849
000001330_1537.jpg,35,0.1537
0000031705_841.jpg,39,0.0842
0000019089_916.jpg,46,0.0916
0000021516_903.jpg,5,0.0903
0000028254_1099.jpg,2,0.1100
000005156_987.jpg,2,0.0988
0000023315_1011.jpg,36,0.1012
0000032218_1144.jpg,44,0.1144
0000031711_841.jpg,5,0.0842
000001324_946.jpg,39,0.0946
000008466_875.jpg,2,0.0876
0000028240_808.jpg,5,0.0809
0000027615_944.jpg,8,0.0944
000007033_1506.jpg,2,0.1507
0000031077_860.jpg,5,0.0861
000001442_857.jpg,2,0.0858
0000029638_1053.jpg,2,0.1054
0000012321_863.jpg,13,0.0863
0000019274_1886.jpg,35,0.1887
000009591_1406.jpg,35,0.1406
0000011628_1039.jpg,2,0.1040
000008857_803.jpg,5,0.0804
0000019512_834.jpg,39,0.0834
0000032797_829.jpg,41,0.0830
0000032783_1358.jpg,39,0.1359
0000030194_820.jpg,36,0.0821
000009585_1248.jpg,2,0.1248
0000010522_1225.jpg,44,0.1226
0000015314_1123.jpg,13,0.1123
0000013765_990.jpg,44,0.0990
0000026912_841.jpg,5,0.0842
00000113_2209.jpg,2,0.2209
000004923_947.jpg,5,0.0948
0000012309_957.jpg,24,0.0958
0000024863_1406.jpg,39,0.1406
00000675_1077.jpg,9,0.1078
000007594_891.jpg,39,0.0892
0000030625_845.jpg,5,0.0846
00000846_1427.jpg,39,0.1427
0000011833_968.jpg,39,0.0969
000009552_805.jpg,6,0.0806
0000021728_862.jpg,5,0.0863
0000022221_977.jpg,36,0.0978
0000024888_1224.jpg,2,0.1225
000005368_1899.jpg,2,0.1899
000004076_934.jpg,35,0.0935
0000024136_1538.jpg,8,0.1538
0000013942_818.jpg,31,0.0818
000002361_1434.jpg,2,0.1435
0000032754_806.jpg,5,0.0806
0000012484_1147.jpg,2,0.1148
0000025228_1062.jpg,38,0.1063
0000010293_1088.jpg,24,0.1088
0000011199_814.jpg,9,0.0814
0000029406_1018.jpg,39,0.1018
0000030157_1070.jpg,9,0.1070
0000013956_903.jpg,41,0.0904
000002375_1070.jpg,5,0.1070
0000015499_1367.jpg,2,0.1368
0000033338_813.jpg,26,0.0813
000008658_1056.jpg,43,0.1057
0000020422_846.jpg,41,0.0847
000009546_804.jpg,1,0.0805
000008880_1554.jpg,35,0.1554
0000014977_1254.jpg,35,0.1255
0000023103_803.jpg,44,0.0804
0000030619_1226.jpg,34,0.1226
000008670_936.jpg,2,0.0937
0000021072_1735.jpg,5,0.1735
0000027403_1082.jpg,5,0.1082
0000025214_867.jpg,2,0.0867
0000033462_1320.jpg,8,0.1321
0000023671_840.jpg,16,0.0841
0000025200_811.jpg,35,0.0812
000002349_814.jpg,19,0.0814
000007231_1166.jpg,44,0.1167
0000027417_981.jpg,4,0.0981
000006891_1115.jpg,2,0.1116
0000031513_830.jpg,2,0.0831
000005340_826.jpg,42,0.0826
0000023117_975.jpg,26,0.0975
0000023088_815.jpg,44,0.0816
0000019466_1057.jpg,2,0.1057
0000028863_977.jpg,39,0.0977
000009383_1054.jpg,35,0.1055
0000010324_996.jpg,5,0.0996
0000014142_924.jpg,13,0.0925
0000012533_857.jpg,38,0.0857
0000024095_813.jpg,9,0.0813
000009397_1314.jpg,2,0.1314
0000026682_1189.jpg,39,0.1189
000001913_933.jpg,44,0.0933
000008089_2183.jpg,2,0.2184
0000021853_899.jpg,45,0.0900
0000011748_1154.jpg,2,0.1155
0000019314_846.jpg,39,0.0847
0000032191_854.jpg,39,0.0854
0000014630_899.jpg,39,0.0900
0000017311_1448.jpg,2,0.1449
0000018022_1279.jpg,38,0.1279
0000012269_990.jpg,5,0.0991
0000032807_1374.jpg,5,0.1374
000004843_919.jpg,18,0.0920
0000018988_845.jpg,5,0.0846
0000028693_826.jpg,43,0.0826
0000013605_1246.jpg,2,0.1246
0000024917_1135.jpg,5,0.1136
000002598_907.jpg,39,0.0907
000003686_911.jpg,44,0.0911
0000018036_862.jpg,2,0.0862
000006926_880.jpg,2,0.0880
000001091_1538.jpg,2,0.1538
0000011774_836.jpg,43,0.0837
000008738_1073.jpg,13,0.1074
0000020542_1249.jpg,39,0.1250
0000033258_814.jpg,11,0.0815
000002215_1206.jpg,39,0.1206
000004664_968.jpg,2,0.0969
000006073_1032.jpg,34,0.1032
0000018963_816.jpg,34,0.0817
000002201_1033.jpg,11,0.1034
0000022427_1406.jpg,5,0.1406
0000013822_877.jpg,9,0.0877
000003679_976.jpg,39,0.0976
0000024730_2018.jpg,2,0.2018
000005208_1027.jpg,2,0.1027
0000011953_821.jpg,5,0.0822
0000010495_1366.jpg,35,0.1366
0000024718_1010.jpg,41,0.1011
000005220_966.jpg,9,0.0967
0000014803_934.jpg,2,0.0935
000001046_849.jpg,17,0.0849
0000016972_816.jpg,5,0.0816
0000020218_1031.jpg,41,0.1031
000008062_1165.jpg,38,0.1166
000007351_1031.jpg,5,0.1031
0000026669_1216.jpg,2,0.1216
000002229_854.jpg,5,0.0854
0000023711_860.jpg,29,0.0861
000003123_910.jpg,2,0.0911
000007345_1255.jpg,39,0.1256
0000029228_975.jpg,44,0.0975
0000021674_975.jpg,44,0.0975
000005234_800.jpg,39,0.0800
0000014817_934.jpg,2,0.0935
0000034090_1242.jpg,2,0.1242
0000014340_965.jpg,44,0.0965
0000017649_1230.jpg,39,0.1230
0000010126_813.jpg,35,0.0813
0000017891_896.jpg,43,0.0896
0000011238_915.jpg,5,0.0915
0000010898_974.jpg,29,0.0974
0000030590_1054.jpg,9,0.1055
0000025837_984.jpg,8,0.0984
0000012043_810.jpg,5,0.0811
0000022180_1279.jpg,5,0.1280
0000021489_974.jpg,2,0.0975
000007806_1157.jpg,26,0.1158
0000020797_878.jpg,39,0.0878
0000025189_842.jpg,39,0.0842
0000024297_1127.jpg,44,0.1127
000007190_1282.jpg,13,0.1283
0000018546_836.jpg,14,0.0836
0000017675_807.jpg,38,0.0808
0000015062_849.jpg,38,0.0849
0000013413_866.jpg,38,0.0866
0000013375_1477.jpg,38,0.1478
0000011562_1033.jpg,39,0.1033
0000017113_913.jpg,1,0.0913
0000016219_1014.jpg,2,0.1014
00000503_1116.jpg,2,0.1117
0000020973_839.jpg,26,0.0839
000009817_872.jpg,44,0.0872
000003484_1773.jpg,2,0.1773
0000013361_1021.jpg,42,0.1022
000005793_851.jpg,2,0.0851
0000013407_838.jpg,7,0.0838
0000029957_1236.jpg,44,0.1237
0000028491_1027.jpg,5,0.1027
0000017852_835.jpg,36,0.0836
0000021338_845.jpg,2,0.0846
000006271_901.jpg,11,0.0901
000003309_1041.jpg,2,0.1041
0000014383_878.jpg,13,0.0878
000005778_869.jpg,35,0.0869
0000032422_990.jpg,8,0.0991
000002771_1292.jpg,2,0.1292
000004300_812.jpg,9,0.0813
0000010683_1250.jpg,34,0.1250
0000020740_952.jpg,39,0.0952
000009624_888.jpg,44,0.0889
0000028308_839.jpg,39,0.0839
0000031881_812.jpg,29,0.0813
000009630_942.jpg,11,0.0943
0000032350_1322.jpg,39,0.1322
000004472_1078.jpg,2,0.1079
0000015089_1423.jpg,2,0.1423
0000022625_807.jpg,7,0.0807
0000032436_801.jpg,9,0.0801
0000027985_938.jpg,8,0.0938
0000033700_884.jpg,8,0.0884
000001522_834.jpg,13,0.0835
0000029980_1488.jpg,39,0.1489
0000028446_937.jpg,19,0.0938
000007635_1018.jpg,39,0.1019
0000010867_955.jpg,2,0.0956
0000031671_1232.jpg,44,0.1233
000001244_1657.jpg,2,0.1657
0000032378_848.jpg,39,0.0848
000002995_894.jpg,2,0.0895
0000033066_856.jpg,2,0.0856
0000025610_903.jpg,39,0.0904
000004328_1049.jpg,5,0.1050
000003447_848.jpg,5,0.0849
000008512_1099.jpg,44,0.1100
0000010873_1168.jpg,2,0.1168
0000021310_1332.jpg,38,0.1332
000007147_1061.jpg,13,0.1062
0000019857_996.jpg,8,0.0997
0000024268_1039.jpg,18,0.1039
0000025611_829.jpg,42,0.0830
000002758_896.jpg,2,0.0896
0000025177_843.jpg,39,0.0843
000005751_956.jpg,39,0.0956
0000022618_962.jpg,46,0.0962
0000033715_951.jpg,44,0.0952
0000029995_862.jpg,39,0.0862
000006258_1327.jpg,35,0.1327
000001537_1114.jpg,39,0.1114
0000027774_928.jpg,39,0.0928
000008261_879.jpg,44,0.0880
0000018584_1732.jpg,2,0.1733
000007152_954.jpg,40,0.0955
0000021305_970.jpg,35,0.0970
0000033701_884.jpg,8,0.0884
000003452_852.jpg,5,0.0852
0000023274_828.jpg,35,0.0829
0000032379_848.jpg,39,0.0848
000001245_843.jpg,38,0.0843
0000010866_1588.jpg,5,0.1589
000008507_840.jpg,39,0.0840
000004315_802.jpg,34,0.0802
0000022142_1191.jpg,39,0.1192
0000032351_1035.jpg,2,0.1035
0000011588_929.jpg,2,0.0930
000009631_1078.jpg,2,0.1079
0000030220_914.jpg,9,0.0915
0000020033_1105.jpg,17,0.1106
000009157_810.jpg,5,0.0811
000002002_1015.jpg,38,0.1016
0000034052_1750.jpg,39,0.1751
0000020027_908.jpg,46,0.0909
0000017853_1011.jpg,2,0.1012
0000031894_1033.jpg,46,0.1033
000002770_1698.jpg,2,0.1699
0000015711_2000.jpg,2,0.2000
0000013360_908.jpg,35,0.0908
000009816_1037.jpg,35,0.1037
0000020972_936.jpg,24,0.0936
000001292_1336.jpg,44,0.1336
0000016218_1231.jpg,8,0.1232
00000264_814.jpg,39,0.0814
0000011211_1177.jpg,35,0.1177
0000014369_1452.jpg,11,0.1453
000005792_1676.jpg,2,0.1677
0000013412_1017.jpg,2,0.1017
0000019659_1079.jpg,39,0.1079
0000011205_916.jpg,39,0.0916
0000028484_827.jpg,39,0.0827
0000018547_828.jpg,39,0.0828
0000020966_1240.jpg,39,0.1240
0000011563_952.jpg,5,0.0952
0000013374_803.jpg,39,0.0803
0000030585_892.jpg,44,0.0892
000007807_1865.jpg,2,0.1866
0000016224_907.jpg,2,0.0907
0000025836_1057.jpg,8,0.1058
0000014355_1213.jpg,35,0.1213
000005976_1332.jpg,13,0.1332
0000019671_947.jpg,39,0.0948
0000010133_842.jpg,19,0.0843
0000027953_1017.jpg,5,0.1018
0000017648_913.jpg,39,0.0914
000005962_837.jpg,41,0.0837
0000012730_941.jpg,2,0.0941
0000033926_927.jpg,2,0.0928
0000010641_1041.jpg,5,0.1042
0000030591_923.jpg,34,0.0924
0000010899_1907.jpg,39,0.1908
000007344_1130.jpg,39,0.1130
0000027562_942.jpg,34,0.0943
0000028651_958.jpg,29,0.0958
0000023704_1188.jpg,35,0.1188
000004895_867.jpg,35,0.0867
000003644_870.jpg,2,0.0870
0000028137_962.jpg,11,0.0962
0000021675_838.jpg,9,0.0838
000007436_1082.jpg,2,0.1082
000001047_966.jpg,2,0.0966
000003650_1296.jpg,2,0.1297
0000033265_835.jpg,11,0.0835
0000024719_881.jpg,29,0.0881
0000033503_942.jpg,34,0.0942
000005547_930.jpg,38,0.0930
0000025361_831.jpg,9,0.0832
000001721_906.jpg,39,0.0906
0000019498_1107.jpg,39,0.1107
0000027576_959.jpg,2,0.0959
0000016973_1228.jpg,2,0.1229
000001709_811.jpg,39,0.0811
0000018976_1591.jpg,39,0.1592
0000016783_1126.jpg,14,0.1126
000009355_852.jpg,2,0.0852
0000030022_907.jpg,39,0.0907
0000021891_820.jpg,44,0.0820
0000021649_2827.jpg,2,0.2828
000009433_994.jpg,2,0.0994
000006700_926.jpg,34,0.0926
0000029215_900.jpg,44,0.0901
0000012297_1204.jpg,2,0.1205
0000013189_811.jpg,39,0.0812
0000030750_911.jpg,39,0.0911
0000010480_861.jpg,2,0.0861
000008739_801.jpg,39,0.0802
00000933_2437.jpg,35,0.2438
0000030988_1054.jpg,39,0.1055
0000029567_991.jpg,14,0.0991
0000017489_1077.jpg,8,0.1077
0000024043_1003.jpg,39,0.1003
000004665_939.jpg,13,0.0940
000002214_1354.jpg,2,0.1355
000005590_948.jpg,5,0.0949
000007387_994.jpg,39,0.0994
0000011013_810.jpg,39,0.0810
0000019329_1011.jpg,43,0.1011
000003687_1018.jpg,39,0.1019
000002599_1321.jpg,13,0.1322
000003693_855.jpg,9,0.0855
0000015507_1262.jpg,34,0.1262
000001084_882.jpg,1,0.0883
0000017310_997.jpg,36,0.0997
000007393_1292.jpg,43,0.1293
0000011007_1685.jpg,2,0.1686
0000016768_1195.jpg,8,0.1196
0000015261_840.jpg,9,0.0841
0000013610_848.jpg,9,0.0849
000008088_1345.jpg,2,0.1345
0000010331_1292.jpg,13,0.1293
0000028876_1043.jpg,9,0.1043
0000015249_912.jpg,44,0.0912
0000012526_1030.jpg,2,0.1030
000003863_941.jpg,39,0.0941
0000022383_1015.jpg,39,0.1016
0000016026_1336.jpg,39,0.1336
000008936_1178.jpg,2,0.1179
0000031499_906.jpg,2,0.0907
0000021852_1400.jpg,2,0.1401
0000016032_1212.jpg,39,0.1213
000008922_914.jpg,2,0.0915
00000728_903.jpg,13,0.0904
0000014625_805.jpg,39,0.0805
0000012532_975.jpg,44,0.0975
0000023937_1176.jpg,9,0.1176
0000026697_1887.jpg,38,0.1887
0000016754_840.jpg,39,0.0841
000009382_885.jpg,39,0.0886
0000019467_906.jpg,11,0.0907
0000028725_829.jpg,39,0.0830
0000033305_1186.jpg,39,0.1187
000005341_1133.jpg,44,0.1134
0000025567_806.jpg,2,0.0807
0000021701_909.jpg,24,0.0910
000008665_1357.jpg,2,0.1357
000001133_859.jpg,21,0.0860
0000021715_807.jpg,2,0.0808
000008671_946.jpg,39,0.0947
000006884_923.jpg,35,0.0923
0000025215_1176.jpg,39,0.1177
0000031260_854.jpg,36,0.0855
000001655_903.jpg,2,0.0903
0000022552_871.jpg,44,0.0871
0000032999_861.jpg,44,0.0862
0000024123_1150.jpg,5,0.1151
0000028719_968.jpg,24,0.0969
0000031248_808.jpg,34,0.0809
0000029361_902.jpg,39,0.0903
000008881_821.jpg,44,0.0822
000009547_804.jpg,1,0.0805
000004063_838.jpg,2,0.0839
0000015498_842.jpg,2,0.0843
000002406_800.jpg,8,0.0800
0000032033_844.jpg,13,0.0844
000008895_975.jpg,39,0.0976
0000016185_830.jpg,39,0.0831
0000021729_830.jpg,11,0.0831
0000030142_1001.jpg,46,0.1002
000007218_1079.jpg,39,0.1079
000001669_1452.jpg,2,0.1453
0000032755_1107.jpg,36,0.1107
000003095_998.jpg,39,0.0998
000004922_1206.jpg,44,0.1207
000001682_809.jpg,2,0.0810
0000018625_1033.jpg,39,0.1033
0000017516_1028.jpg,34,0.1028
000006853_813.jpg,2,0.0813
0000015467_845.jpg,39,0.0845
000005396_817.jpg,13,0.0818
000004088_865.jpg,35,0.0865
0000018157_969.jpg,43,0.0969
0000017264_1116.jpg,35,0.1117
0000028094_1409.jpg,39,0.1410
0000019249_1090.jpg,39,0.1091
0000011173_839.jpg,8,0.0839
0000032972_818.jpg,44,0.0819
000003081_877.jpg,2,0.0877
0000013764_800.jpg,39,0.0801
0000021098_1129.jpg,2,0.1129
0000019507_1010.jpg,39,0.1010
0000023857_802.jpg,11,0.0802
0000013994_912.jpg,44,0.0912
000003917_1080.jpg,5,0.1081
0000025598_1482.jpg,35,0.1482
0000010523_882.jpg,39,0.0883
000008842_821.jpg,8,0.0821
00000884_1259.jpg,18,0.1259
000008856_861.jpg,41,0.0862
0000011629_859.jpg,46,0.0860
0000026085_925.jpg,35,0.0925
000009590_859.jpg,2,0.0859
0000063_1076.jpg,39,0.1077
0000014037_1385.jpg,5,0.1386
0000013980_1129.jpg,39,0.1130
0000022585_935.jpg,39,0.0936
0000016620_1087.jpg,2,0.1087
0000010251_977.jpg,9,0.0978
0000018382_898.jpg,2,0.0898
000003532_834.jpg,39,0.0834
0000023472_911.jpg,8,0.0911
0000025003_969.jpg,29,0.0970
000001443_816.jpg,5,0.0817
0000019922_971.jpg,5,0.0972
0000027614_983.jpg,2,0.0984
000006338_851.jpg,34,0.0851
0000012863_863.jpg,11,0.0863
000005157_854.jpg,34,0.0855
0000023300_1335.jpg,2,0.1336
0000027166_1141.jpg,24,0.1141
000007740_1454.jpg,2,0.1455
000001331_956.jpg,2,0.0957
0000031704_983.jpg,39,0.0984
0000026278_1032.jpg,39,0.1033
000002610_1179.jpg,5,0.1180
0000032225_869.jpg,8,0.0869
0000022036_1106.jpg,35,0.1107
0000023328_942.jpg,13,0.0943
000006476_872.jpg,2,0.0872
0000016393_833.jpg,44,0.0834
000009745_1249.jpg,5,0.1250
00000489_1070.jpg,2,0.1071
000001319_1061.jpg,5,0.1061
0000029163_966.jpg,5,0.0967
0000026536_903.jpg,44,0.0904
0000027628_886.jpg,43,0.0886
0000033885_1066.jpg,8,0.1066
0000032543_1281.jpg,46,0.1282
0000012693_1256.jpg,2,0.1256
0000024335_846.jpg,26,0.0847
000004513_876.jpg,2,0.0877
0000032557_916.jpg,39,0.0917
0000017927_1158.jpg,35,0.1159
000009037_817.jpg,39,0.0818
0000020153_830.jpg,9,0.0830
0000010090_871.jpg,19,0.0871
000009989_1022.jpg,35,0.1022
0000026244_858.jpg,44,0.0858
000005180_999.jpg,35,0.0999
00000476_1555.jpg,35,0.1555
0000028282_2504.jpg,8,0.2505
0000018341_809.jpg,2,0.0809
0000029822_1055.jpg,41,0.1055
0000015103_854.jpg,35,0.0855
0000015117_879.jpg,39,0.0879
0000018433_851.jpg,36,0.0852
00000304_1402.jpg,35,0.1402
0000029188_965.jpg,28,0.0965
0000011417_900.jpg,46,0.0901
00000462_843.jpg,41,0.0843
000009976_825.jpg,43,0.0826
000002823_1219.jpg,2,0.1220
000007973_1024.jpg,13,0.1024
000008498_1295.jpg,39,0.1295
0000024484_826.jpg,39,0.0826
0000022793_956.jpg,44,0.0957
0000032580_1044.jpg,44,0.1044
0000014221_1011.jpg,44,0.1012
0000012888_1390.jpg,2,0.1391
0000017728_1044.jpg,44,0.1045
0000020184_967.jpg,39,0.0967
0000010047_968.jpg,29,0.0968
0000030397_973.jpg,39,0.0973
0000011359_830.jpg,2,0.0830
0000030383_801.jpg,43,0.0802
00000338_1159.jpg,2,0.1160
0000019711_1098.jpg,5,0.1098
0000016422_916.jpg,43,0.0916
0000014235_1216.jpg,39,0.1217
0000014553_826.jpg,2,0.0827
0000015895_995.jpg,2,0.0995
0000024490_1179.jpg,39,0.1180
0000019077_1144.jpg,39,0.1145
0000016344_868.jpg,35,0.0868
0000026287_967.jpg,8,0.0968
0000016434_833.jpg,41,0.0833
0000010045_1104.jpg,41,0.1105
0000020186_965.jpg,11,0.0966
0000025798_829.jpg,13,0.0829
0000014545_943.jpg,35,0.0943
0000025940_824.jpg,5,0.0824
000007971_862.jpg,17,0.0862
0000019061_1591.jpg,39,0.1591
0000016352_1121.jpg,44,0.1121
000009784_2201.jpg,2,0.2202
0000017058_885.jpg,2,0.0885
0000011429_885.jpg,34,0.0885
0000016346_944.jpg,44,0.0945
0000025954_1011.jpg,5,0.1012
000005814_1333.jpg,2,0.1334
0000013558_1028.jpg,29,0.1028
0000027825_1213.jpg,39,0.1214
0000016420_835.jpg,39,0.0836
0000020192_850.jpg,11,0.0851
000003295_841.jpg,4,0.0841
0000033878_893.jpg,39,0.0894
000001482_1169.jpg,2,0.1169
0000010079_1133.jpg,29,0.1133
0000017716_845.jpg,16,0.0846
0000028280_849.jpg,44,0.0850
0000015667_949.jpg,17,0.0950
0000013216_800.jpg,34,0.0801
0000015673_821.jpg,41,0.0822
000009974_1042.jpg,4,0.1042
00000460_832.jpg,2,0.0833
000007959_1449.jpg,9,0.1450
0000013564_1292.jpg,2,0.1293
000004505_893.jpg,13,0.0894
0000024323_1322.jpg,2,0.1322
0000030356_1043.jpg,39,0.1043
000009021_887.jpg,2,0.0887
0000011398_1064.jpg,39,0.1065
0000017931_1048.jpg,39,0.1048
0000031048_828.jpg,24,0.0828
0000026252_1449.jpg,11,0.1450
000006474_1199.jpg,39,0.1199
000009747_855.jpg,43,0.0856
0000030430_821.jpg,1,0.0821
0000033139_930.jpg,39,0.0931
0000014586_872.jpg,2,0.0872
000004263_1525.jpg,2,0.1525
0000032227_872.jpg,39,0.0873
000003518_818.jpg,13,0.0819
0000024451_989.jpg,2,0.0990
0000014592_823.jpg,39,0.0823
0000022020_992.jpg,9,0.0992
000009753_1046.jpg,39,0.1046
0000010092_914.jpg,44,0.0914
0000030342_851.jpg,46,0.0851
000002160_987.jpg,2,0.0987
0000022746_1486.jpg,39,0.1486
0000027616_896.jpg,2,0.0896
0000031074_849.jpg,39,0.0849
0000026508_976.jpg,39,0.0976
0000023470_806.jpg,8,0.0807
000003256_1181.jpg,35,0.1182
0000027170_897.jpg,39,0.0898
0000029149_1354.jpg,46,0.1354
000008471_830.jpg,39,0.0830
000007742_880.jpg,36,0.0880
0000028257_909.jpg,44,0.0909
0000034118_1138.jpg,29,0.1138
0000028531_921.jpg,39,0.0922
0000019934_1127.jpg,24,0.1127
000007024_1153.jpg,13,0.1154
0000021273_945.jpg,5,0.0946
000001455_963.jpg,2,0.0964
000009586_1233.jpg,39,0.1234
0000030829_1132.jpg,39,0.1132
0000010521_972.jpg,39,0.0972
0000014747_912.jpg,12,0.0913
0000012336_993.jpg,29,0.0993
0000075_3447.jpg,2,0.3448
0000013996_1199.jpg,15,0.1199
0000028900_950.jpg,41,0.0950
0000030183_1417.jpg,39,0.1417
0000028914_1262.jpg,24,0.1263
0000014753_804.jpg,29,0.0805
0000061_862.jpg,2,0.0863
0000024848_1036.jpg,5,0.1036
0000019277_1369.jpg,35,0.1370
0000049_847.jpg,44,0.0847
000005380_1114.jpg,39,0.1114
0000026911_1120.jpg,39,0.1120
0000017514_821.jpg,2,0.0822
0000011165_815.jpg,5,0.0816
0000015303_989.jpg,39,0.0989
0000013772_966.jpg,39,0.0967
0000032964_977.jpg,34,0.0978
0000014009_981.jpg,2,0.0982
00000104_1398.jpg,2,0.1399
0000011171_1270.jpg,39,0.1270
000001694_1128.jpg,2,0.1129
0000030801_803.jpg,29,0.0804
0000011617_1039.jpg,2,0.1040
0000029388_898.jpg,17,0.0899
000006845_1717.jpg,9,0.1717
0000018155_1570.jpg,38,0.1571
000007583_811.jpg,5,0.0811
000005394_1048.jpg,2,0.1049
000002410_946.jpg,5,0.0947
0000023128_1120.jpg,2,0.1121
0000030632_1823.jpg,2,0.1824
0000016193_803.jpg,9,0.0804
000008883_1108.jpg,46,0.1108
000001119_1744.jpg,2,0.1745
00000689_881.jpg,11,0.0882
0000018800_1019.jpg,2,0.1019
000009223_1769.jpg,2,0.1769
0000033449_834.jpg,39,0.0835
000004713_1066.jpg,39,0.1067
0000012487_1330.jpg,43,0.1331
0000018814_815.jpg,13,0.0815
0000030140_869.jpg,11,0.0870
0000028069_878.jpg,39,0.0879
0000017299_1194.jpg,35,0.1195
0000016187_839.jpg,46,0.0839
000006662_1088.jpg,2,0.1088
0000029377_1324.jpg,44,0.1324
0000032031_957.jpg,34,0.0957
000002404_2211.jpg,2,0.2212
000004075_1902.jpg,2,0.1903
0000018182_972.jpg,26,0.0972
0000031510_1392.jpg,39,0.1393
0000014960_926.jpg,2,0.0926
0000023114_1866.jpg,2,0.1866
0000013969_897.jpg,36,0.0898
0000027414_934.jpg,39,0.0935
0000028727_884.jpg,2,0.0884
0000031262_1087.jpg,39,0.1087
000006138_1053.jpg,46,0.1054
000003040_807.jpg,2,0.0808
0000023666_831.jpg,40,0.0831
0000014974_869.jpg,36,0.0870
000007540_1146.jpg,2,0.1147
0000020409_1376.jpg,42,0.1377
0000018009_844.jpg,2,0.0844
0000010455_817.jpg,2,0.0818
0000022381_862.jpg,39,0.0862
000003861_878.jpg,9,0.0879
0000024096_1197.jpg,39,0.1198
000004868_1027.jpg,2,0.1028
0000028874_813.jpg,44,0.0813
0000019471_1043.jpg,41,0.1044
0000010333_1436.jpg,5,0.1437
0000016756_1039.jpg,2,0.1039
0000011039_2209.jpg,2,0.2209
0000022395_800.jpg,11,0.0800
0000012256_970.jpg,39,0.0971
0000032186_989.jpg,39,0.0990
0000014627_838.jpg,11,0.0839
0000021844_1078.jpg,39,0.1079
000008920_1138.jpg,36,0.1139
0000011777_838.jpg,29,0.0839
0000030961_972.jpg,2,0.0973
0000011011_823.jpg,44,0.0824
0000028690_847.jpg,34,0.0847
000007385_1414.jpg,39,0.1415
0000032810_970.jpg,40,0.0970
000004854_800.jpg,2,0.0801
0000015277_1944.jpg,2,0.1945
000004698_1061.jpg,5,0.1062
0000013612_1174.jpg,19,0.1174
0000015263_811.jpg,34,0.0812
000005586_819.jpg,39,0.0819
0000018747_1041.jpg,39,0.1041
0000017474_973.jpg,9,0.0973
0000018021_991.jpg,2,0.0991
000001086_880.jpg,13,0.0880
0000015505_1057.jpg,35,0.1057
000003691_1004.jpg,46,0.1004
0000014828_951.jpg,44,0.0952
000002564_845.jpg,39,0.0846
000009431_841.jpg,39,0.0842
0000011950_2027.jpg,2,0.2028
0000016959_901.jpg,39,0.0901
000009357_2840.jpg,2,0.2840
0000018974_845.jpg,5,0.0846
000002202_943.jpg,41,0.0943
0000033529_1405.jpg,34,0.1406
0000024041_1063.jpg,46,0.1064
000003108_1945.jpg,2,0.1945
0000016795_1250.jpg,35,0.1250
0000018960_862.jpg,35,0.0862
000007408_1362.jpg,35,0.1363
0000021887_1881.jpg,39,0.1882
000004101_1072.jpg,2,0.1073
000007420_1386.jpg,5,0.1387
000004129_1405.jpg,5,0.1405
000002558_1127.jpg,35,0.1128
000005551_1339.jpg,35,0.1340
0000018790_836.jpg,13,0.0836
000006058_804.jpg,41,0.0804
0000021111_849.jpg,35,0.0850
0000016971_888.jpg,2,0.0889
0000021105_820.jpg,26,0.0821
000001723_854.jpg,39,0.0854
000004883_871.jpg,13,0.0872
0000013809_1059.jpg,13,0.1059
0000033501_804.jpg,39,0.0805
000003134_1378.jpg,41,0.1379
000003652_1092.jpg,9,0.1092
0000025405_1245.jpg,39,0.1246
000001045_1352.jpg,39,0.1352
0000016540_824.jpg,14,0.0824
0000015049_971.jpg,39,0.0971
0000016226_993.jpg,39,0.0994
000009828_1037.jpg,35,0.1037
0000030587_1448.jpg,8,0.1449
0000020794_1005.jpg,39,0.1006
0000031855_804.jpg,26,0.0805
000002969_894.jpg,35,0.0894
0000012054_1066.jpg,2,0.1066
0000024280_831.jpg,26,0.0832
0000034093_930.jpg,17,0.0930
0000027789_2413.jpg,39,0.2413
000005948_958.jpg,2,0.0958
0000022801_1090.jpg,2,0.1090
0000017662_883.jpg,5,0.0884
0000029954_821.jpg,35,0.0821
0000018551_1428.jpg,2,0.1428
0000027979_908.jpg,11,0.0909
000006299_881.jpg,34,0.0881
000001290_987.jpg,5,0.0987
0000020970_1024.jpg,43,0.1024
0000011575_961.jpg,13,0.0962
000007839_942.jpg,2,0.0943
0000025808_948.jpg,5,0.0948
0000013362_858.jpg,2,0.0859
000002799_870.jpg,44,0.0871
0000015707_1641.jpg,2,0.1642
0000011561_1165.jpg,2,0.1166
0000029940_959.jpg,34,0.0959
000007193_1318.jpg,39,0.1319
000005784_834.jpg,2,0.0835
0000015061_883.jpg,13,0.0884
0000013410_929.jpg,12,0.0930
000004471_2278.jpg,2,0.2278
0000032435_1576.jpg,2,0.1577
00000299_820.jpg,38,0.0820
0000027986_896.jpg,2,0.0896
000007178_972.jpg,9,0.0973
0000010694_1137.jpg,35,0.1138
0000027038_1009.jpg,35,0.1009
0000030544_1044.jpg,2,0.1044
0000021449_905.jpg,2,0.0905
0000024531_983.jpg,24,0.0984
0000032347_887.jpg,9,0.0887
0000022154_1096.jpg,39,0.1096
0000015920_849.jpg,2,0.0849
0000024525_1147.jpg,43,0.1148
000008539_1187.jpg,2,0.1187
0000031896_827.jpg,5,0.0828
000006514_1407.jpg,2,0.1408
0000026332_899.jpg,24,0.0899
0000029001_857.jpg,31,0.0858
0000026454_888.jpg,44,0.0888
0000027992_970.jpg,14,0.0970
000009141_1424.jpg,39,0.1425
0000020025_831.jpg,34,0.0831
0000024243_971.jpg,44,0.0971
000002014_828.jpg,43,0.0829
0000031100_1172.jpg,39,0.1173
0000017879_1067.jpg,43,0.1067
000001535_986.jpg,39,0.0986
000008277_994.jpg,2,0.0995
0000029997_938.jpg,44,0.0939
0000019854_860.jpg,39,0.0860
0000027762_827.jpg,5,0.0828
0000033717_965.jpg,41,0.0965
000003322_1011.jpg,13,0.1012
0000012901_855.jpg,11,0.0856
000005753_937.jpg,5,0.0937
0000033071_834.jpg,17,0.0835
0000028337_889.jpg,13,0.0890
0000030578_958.jpg,39,0.0959
0000027004_856.jpg,26,0.0856
000008505_818.jpg,2,0.0819
0000010864_904.jpg,41,0.0905
0000022168_819.jpg,34,0.0820
000003450_1168.jpg,2,0.1169
0000012915_857.jpg,41,0.0857
0000023510_1044.jpg,5,0.1044
000001521_1722.jpg,38,0.1722
000005020_883.jpg,39,0.0884
0000010865_935.jpg,5,0.0936
0000021460_939.jpg,2,0.0940
000007637_1233.jpg,2,0.1234
0000027777_930.jpg,44,0.0931
0000028444_877.jpg,39,0.0877
0000020018_1074.jpg,5,0.1074
0000021306_915.jpg,44,0.0915
000001520_1117.jpg,46,0.1117
000005746_880.jpg,2,0.0880
000003337_924.jpg,2,0.0924
0000019855_860.jpg,39,0.0860
000007145_957.jpg,2,0.0958
0000021312_857.jpg,44,0.0858
0000017878_963.jpg,38,0.0964
0000029028_921.jpg,39,0.0922
0000010871_909.jpg,5,0.0909
0000033070_941.jpg,9,0.0942
000002983_1217.jpg,5,0.1217
0000026333_853.jpg,39,0.0854
000006515_3229.jpg,2,0.3230
0000031897_819.jpg,9,0.0820
0000032346_866.jpg,2,0.0867
0000022633_1093.jpg,29,0.1093
0000030237_1058.jpg,34,0.1058
0000017688_853.jpg,5,0.0853
0000030223_950.jpg,39,0.0950
0000020030_831.jpg,11,0.0832
000009154_808.jpg,43,0.0808
0000017844_842.jpg,39,0.0843
00000298_986.jpg,9,0.0986
0000014395_1136.jpg,39,0.1137
000003479_977.jpg,2,0.0978
000004316_1223.jpg,35,0.1224
0000022141_823.jpg,46,0.0823
000002767_1034.jpg,1,0.1035
0000032352_1225.jpg,39,0.1226
0000026327_806.jpg,2,0.0806
0000030545_972.jpg,44,0.0973
0000010695_828.jpg,44,0.0828
000009801_900.jpg,39,0.0901
0000020965_853.jpg,5,0.0854
0000015706_1654.jpg,2,0.1655
000003492_2105.jpg,5,0.2105
0000014418_856.jpg,43,0.0857
0000011206_843.jpg,13,0.0844
00000273_1145.jpg,39,0.1145
0000010118_1136.jpg,39,0.1137
0000019882_982.jpg,17,0.0983
0000028487_1239.jpg,5,0.1239
0000017677_896.jpg,35,0.0896
0000029941_980.jpg,39,0.0980
000006298_1574.jpg,11,0.1574
00000267_4784.jpg,2,0.4785
0000018550_1525.jpg,34,0.1526
0000017663_878.jpg,39,0.0879
000005949_1298.jpg,2,0.1299
0000025809_924.jpg,35,0.0925
000009815_2826.jpg,2,0.2827
00000501_930.jpg,5,0.0930
0000022196_843.jpg,9,0.0843
0000032385_1008.jpg,35,0.1008
0000014424_866.jpg,35,0.0866
0000020781_814.jpg,39,0.0814
00000529_1867.jpg,2,0.1868
0000027788_1122.jpg,11,0.1123
0000012733_871.jpg,39,0.0871
0000033925_968.jpg,39,0.0969
0000014356_813.jpg,46,0.0813
0000016541_805.jpg,38,0.0806
0000026482_1113.jpg,39,0.1114
0000029969_845.jpg,5,0.0846
000008289_813.jpg,5,0.0813
0000030586_1049.jpg,44,0.1050
000009829_935.jpg,9,0.0936
0000019114_853.jpg,5,0.0853
0000032391_1256.jpg,5,0.1256
000003135_871.jpg,44,0.0871
000004882_955.jpg,5,0.0956
000001722_854.jpg,39,0.0854
0000021104_1180.jpg,39,0.1181
000008060_961.jpg,39,0.0962
0000027575_1036.jpg,38,0.1037
000007435_1073.jpg,39,0.1074
000003653_869.jpg,11,0.0869
000005236_901.jpg,9,0.0902
0000023061_1629.jpg,39,0.1629
000003647_1083.jpg,2,0.1084
000008712_834.jpg,9,0.0834
0000020568_941.jpg,39,0.0942
000001736_1179.jpg,2,0.1179
0000018949_924.jpg,5,0.0924
0000021110_884.jpg,43,0.0885
000006059_1037.jpg,39,0.1037
000008074_1094.jpg,39,0.1095
000003121_814.jpg,39,0.0815
000005550_1109.jpg,2,0.1109
0000025376_804.jpg,35,0.0804
0000026657_1076.jpg,6,0.1077
0000029564_835.jpg,36,0.0835
0000021138_810.jpg,34,0.0810
000003109_1163.jpg,2,0.1164
0000014183_1293.jpg,2,0.1293
000002217_810.jpg,2,0.0810
0000032622_1477.jpg,39,0.1478
0000025438_1130.jpg,39,0.1130
000004100_893.jpg,38,0.0893
0000021886_1447.jpg,2,0.1448
000006717_883.jpg,44,0.0884
0000011951_1451.jpg,5,0.1451
000006703_1529.jpg,39,0.1530
000004114_1461.jpg,8,0.1461
0000014197_1257.jpg,39,0.1258
000004672_856.jpg,5,0.0856
0000022425_1283.jpg,34,0.1283
0000032636_836.jpg,39,0.0836
000002203_1033.jpg,11,0.1034
0000018975_1932.jpg,2,0.1932
000009356_805.jpg,17,0.0806
0000020232_3798.jpg,2,0.3798
0000019458_1241.jpg,39,0.1242
0000013613_1077.jpg,39,0.1078
0000032805_990.jpg,39,0.0991
0000024901_817.jpg,13,0.0817
000003848_1330.jpg,39,0.1330
0000021879_898.jpg,39,0.0899
0000017313_1247.jpg,35,0.1247
0000018020_934.jpg,5,0.0934
000006924_854.jpg,34,0.0855
0000017307_801.jpg,35,0.0801
0000012519_811.jpg,2,0.0811
0000013607_815.jpg,8,0.0815
0000026864_986.jpg,44,0.0986
0000023934_979.jpg,9,0.0980
0000010326_1037.jpg,26,0.1037
0000028861_923.jpg,39,0.0924
0000016031_830.jpg,11,0.0831
0000030790_1211.jpg,18,0.1212
0000012257_1196.jpg,39,0.1197
0000014632_1453.jpg,5,0.1453
0000012243_2357.jpg,2,0.2357
0000019316_1045.jpg,39,0.1046
0000021689_986.jpg,2,0.0987
000008935_814.jpg,2,0.0814
000006918_1301.jpg,41,0.1301
0000021851_1086.jpg,36,0.1087
0000011992_1051.jpg,5,0.1051
0000026858_977.jpg,19,0.0978
0000028875_1124.jpg,44,0.1124
000009395_888.jpg,23,0.0888
0000023920_1043.jpg,8,0.1043
0000012525_1429.jpg,2,0.1429
0000025216_1056.jpg,2,0.1057
0000022579_1170.jpg,2,0.1170
0000023667_942.jpg,11,0.0943
000008114_1138.jpg,17,0.1139
0000021070_1095.jpg,39,0.1096
000001130_866.jpg,9,0.0866
000007541_1149.jpg,2,0.1149
000006887_812.jpg,9,0.0813
000003733_1226.jpg,11,0.1227
0000018183_891.jpg,44,0.0891
000007555_992.jpg,1,0.0992
000006893_939.jpg,36,0.0940
000008100_921.jpg,5,0.0921
0000023673_1015.jpg,2,0.1015
0000030141_837.jpg,38,0.0837
0000029410_976.jpg,11,0.0977
0000012486_1047.jpg,19,0.1048
0000022223_1385.jpg,2,0.1386
0000029376_919.jpg,46,0.0919
00000844_891.jpg,2,0.0892
0000030627_862.jpg,46,0.0863
0000028068_933.jpg,8,0.0933
0000026051_1001.jpg,39,0.1001
00000688_838.jpg,15,0.0839
000006677_856.jpg,4,0.0857
0000016192_931.jpg,2,0.0931
00000850_858.jpg,39,0.0858
000007569_2870.jpg,35,0.2870
0000020420_897.jpg,39,0.0898
0000023129_1253.jpg,13,0.1253
0000032024_1121.jpg,39,0.1121
0000010285_3613.jpg,2,0.3613
0000027429_913.jpg,2,0.0914
0000030155_944.jpg,5,0.0945
0000021058_924.jpg,44,0.0924
0000026737_885.jpg,39,0.0885
00000105_1398.jpg,2,0.1399
0000017501_810.jpg,36,0.0811
0000026904_1262.jpg,39,0.1262
0000014008_1450.jpg,13,0.1450
0000024875_1406.jpg,39,0.1406
000007582_1175.jpg,34,0.1176
0000010508_1343.jpg,2,0.1344
00000663_1020.jpg,2,0.1020
0000016179_1027.jpg,39,0.1027
000007596_2127.jpg,2,0.2127
00000677_1238.jpg,39,0.1239
0000030814_1266.jpg,5,0.1266
000003928_911.jpg,35,0.0911
0000048_1645.jpg,2,0.1645
0000013773_929.jpg,2,0.0929
000003096_832.jpg,34,0.0832
000002388_1189.jpg,2,0.1189
0000015302_817.jpg,13,0.0817
000001681_1230.jpg,35,0.1230
000001859_800.jpg,5,0.0801
0000022586_896.jpg,11,0.0896
0000026938_1079.jpg,44,0.1079
0000020391_1354.jpg,39,0.1354
000001871_1656.jpg,2,0.1657
000008855_1392.jpg,2,0.1392
0000019276_924.jpg,26,0.0924
000009593_1029.jpg,8,0.1030
0000060_835.jpg,2,0.0836
0000012323_957.jpg,24,0.0958
0000014746_1609.jpg,2,0.1610
000008699_816.jpg,44,0.0816
000008841_928.jpg,46,0.0929
000009587_959.jpg,29,0.0959
0000019504_1032.jpg,9,0.1032
0000016637_1407.jpg,35,0.1407
0000028901_879.jpg,2,0.0880
0000032959_947.jpg,17,0.0947
0000022592_1062.jpg,41,0.1062
0000013997_892.jpg,39,0.0892
0000025772_804.jpg,12,0.0805
000005154_962.jpg,2,0.0963
0000018395_1031.jpg,9,0.1031
000008470_989.jpg,39,0.0989
0000010911_1760.jpg,2,0.1760
0000021514_896.jpg,14,0.0897
000001454_994.jpg,2,0.0995
0000021272_2068.jpg,2,0.2069
000009008_817.jpg,44,0.0817
000007025_931.jpg,35,0.0932
000008316_858.jpg,39,0.0858
0000027603_914.jpg,5,0.0915
0000012860_801.jpg,2,0.0802
000003257_1019.jpg,39,0.1020
0000023471_997.jpg,34,0.0997
000004538_1615.jpg,39,0.1616
0000031075_1647.jpg,43,0.1648
000007031_920.jpg,42,0.0920
0000020178_896.jpg,8,0.0896
0000027171_813.jpg,34,0.0813
000008464_1579.jpg,2,0.1580
0000010905_920.jpg,39,0.0921
0000021500_992.jpg,2,0.0992
000001326_971.jpg,2,0.0971
0000027159_897.jpg,39,0.0898
0000021528_1061.jpg,2,0.1061
0000026247_868.jpg,2,0.0869
000005168_907.jpg,5,0.0908
0000024336_1526.jpg,39,0.1527
0000022747_1020.jpg,5,0.1020
0000032554_1012.jpg,39,0.1012
000001468_847.jpg,5,0.0848
0000029612_822.jpg,8,0.0823
000006307_1290.jpg,44,0.1291
0000030343_1283.jpg,44,0.1284
0000031049_1080.jpg,39,0.1081
0000026535_1145.jpg,34,0.1146
0000020144_1211.jpg,2,0.1212
000002175_1073.jpg,2,0.1074
0000025982_835.jpg,5,0.0835
000004262_833.jpg,2,0.0834
0000014587_1082.jpg,35,0.1082
0000015841_812.jpg,34,0.0812
0000030431_887.jpg,39,0.0887
0000016390_1027.jpg,1,0.1028
000006475_956.jpg,44,0.0957
0000019048_909.jpg,39,0.0910
0000018356_908.jpg,39,0.0908
0000017065_869.jpg,36,0.0870
000002820_1248.jpg,34,0.1248
0000013203_1106.jpg,35,0.1107
000005197_1087.jpg,2,0.1088
0000015114_910.jpg,7,0.0911
000003280_805.jpg,44,0.0806
0000022960_1051.jpg,2,0.1052
0000018430_1079.jpg,39,0.1080
0000029821_1955.jpg,2,0.1956
00000313_1013.jpg,39,0.1014
0000016409_1030.jpg,44,0.1031
000003294_1028.jpg,13,0.1029
0000013571_814.jpg,4,0.0814
000005183_1243.jpg,44,0.1243
000009961_1497.jpg,2,0.1497
0000031908_896.jpg,39,0.0896
0000025955_836.jpg,44,0.0837
0000019074_805.jpg,36,0.0805
000009949_1492.jpg,2,0.1492
0000031920_921.jpg,5,0.0921
0000029809_1023.jpg,39,0.1024
0000020193_971.jpg,39,0.0972
0000010050_932.jpg,35,0.0933
0000016421_842.jpg,39,0.0843
0000013559_1181.jpg,44,0.1182
000005815_1899.jpg,2,0.1899
0000022790_815.jpg,39,0.0815
0000010044_1057.jpg,5,0.1057
0000016435_859.jpg,39,0.0859
0000021299_852.jpg,14,0.0853
0000027830_882.jpg,39,0.0883
0000019706_890.jpg,5,0.0890
0000026290_809.jpg,11,0.0809
00000449_1024.jpg,9,0.1024
0000010722_873.jpg,44,0.0873
0000031934_823.jpg,5,0.0824
0000028285_1185.jpg,2,0.1185
000007790_842.jpg,11,0.0842
0000018346_1035.jpg,39,0.1035
0000020801_944.jpg,35,0.0945
000005187_901.jpg,38,0.0901
0000025979_873.jpg,39,0.0874
000002830_1292.jpg,9,0.1293
0000013575_1068.jpg,9,0.1069
0000015104_1028.jpg,2,0.1028
00000317_920.jpg,11,0.0920
0000017713_915.jpg,29,0.0915
0000018434_1297.jpg,2,0.1297
0000013207_906.jpg,43,0.0906
0000028291_1064.jpg,39,0.1064
000009971_1015.jpg,9,0.1016
000009959_940.jpg,39,0.0941
0000019064_1224.jpg,2,0.1225
000009781_882.jpg,39,0.0882
0000030390_1255.jpg,39,0.1256
0000032587_817.jpg,8,0.0817
0000012657_813.jpg,2,0.0814
0000033855_1070.jpg,39,0.1070
0000032593_816.jpg,44,0.0816
0000019716_1009.jpg,44,0.1009
0000018408_841.jpg,39,0.0841
0000010732_872.jpg,43,0.0873
0000016343_821.jpg,38,0.0822
0000014554_957.jpg,39,0.0957
0000024497_951.jpg,8,0.0951
0000033100_861.jpg,39,0.0861
000001322_1143.jpg,2,0.1143
0000027613_1171.jpg,11,0.1171
0000031071_826.jpg,44,0.0826
0000021262_1119.jpg,39,0.1120
0000033666_1102.jpg,10,0.1102
000003247_829.jpg,2,0.0830
0000023461_1076.jpg,9,0.1076
000007021_1195.jpg,44,0.1195
0000031065_1647.jpg,43,0.1648
0000021276_1002.jpg,34,0.1003
0000031703_922.jpg,12,0.0922
0000028252_857.jpg,44,0.0857
0000033114_1231.jpg,34,0.1232
0000025776_862.jpg,41,0.0863
000006471_914.jpg,9,0.0914
0000016394_912.jpg,11,0.0913
0000027149_1037.jpg,39,0.1037
000004266_958.jpg,2,0.0958
0000022031_1025.jpg,13,0.1025
0000022757_938.jpg,2,0.0939
000002171_1144.jpg,2,0.1144
0000020154_1644.jpg,44,0.1645
0000028508_932.jpg,44,0.0933
0000011389_1571.jpg,5,0.1572
0000029616_934.jpg,39,0.0934
0000017920_1267.jpg,2,0.1267
0000033896_1112.jpg,19,0.1113
000002165_886.jpg,2,0.0887
0000012858_862.jpg,44,0.0863
000004272_846.jpg,39,0.0846
000002603_809.jpg,5,0.0809
000006465_1300.jpg,2,0.1301
0000026243_921.jpg,41,0.0922
000008448_1054.jpg,39,0.1055
0000017511_851.jpg,5,0.0852
0000015306_947.jpg,13,0.0948
000003092_835.jpg,39,0.0835
0000013011_1200.jpg,5,0.1201
000005385_874.jpg,2,0.0875
0000030810_838.jpg,5,0.0839
0000017277_887.jpg,44,0.0888
000006854_935.jpg,24,0.0935
0000017263_841.jpg,2,0.0842
0000021909_900.jpg,46,0.0900
0000028093_862.jpg,39,0.0863
0000013005_875.jpg,18,0.0876
0000015474_845.jpg,44,0.0845
0000024871_995.jpg,26,0.0995
000002398_886.jpg,11,0.0887
000004931_966.jpg,11,0.0967
0000026900_907.jpg,2,0.0908
0000014024_1342.jpg,39,0.1343
0000023688_1295.jpg,2,0.1296
0000010242_930.jpg,2,0.0930
0000026928_863.jpg,29,0.0863
0000021921_1501.jpg,2,0.1502
000006868_879.jpg,4,0.0880
0000024695_1535.jpg,2,0.1536
0000014756_852.jpg,1,0.0853
000003904_815.jpg,39,0.0815
0000026082_862.jpg,39,0.0862
000009597_1287.jpg,35,0.1287
000008689_1098.jpg,5,0.1099
0000021935_1033.jpg,11,0.1034
0000030186_973.jpg,44,0.0973
0000016627_939.jpg,2,0.0939
000005420_856.jpg,5,0.0857
000006129_805.jpg,34,0.0805
0000031273_835.jpg,38,0.0835
0000027411_1185.jpg,29,0.1186
000007237_805.jpg,26,0.0806
0000031515_878.jpg,8,0.0879
0000025560_834.jpg,46,0.0835
000004058_1199.jpg,18,0.1200
000007545_887.jpg,26,0.0888
000008676_823.jpg,34,0.0824
000006883_888.jpg,39,0.0888
0000028050_812.jpg,26,0.0813
000001134_877.jpg,11,0.0877
0000027405_902.jpg,17,0.0903
000008110_834.jpg,2,0.0834
0000025212_850.jpg,5,0.0851
000005434_900.jpg,39,0.0901
0000029400_1052.jpg,39,0.1053
0000020342_811.jpg,44,0.0811
000008138_985.jpg,46,0.0985
0000013788_1025.jpg,39,0.1025
0000024642_859.jpg,46,0.0860
0000014781_1822.jpg,2,0.1823
0000011821_1213.jpg,44,0.1214
0000028078_818.jpg,29,0.0818
0000031529_825.jpg,13,0.0825
0000020430_880.jpg,35,0.0881
000007579_973.jpg,39,0.0974
000001108_1204.jpg,24,0.1205
00000698_802.jpg,2,0.0802
0000016182_2107.jpg,5,0.2108
0000024656_989.jpg,5,0.0989
0000014795_841.jpg,5,0.0842
0000024130_1158.jpg,2,0.1159
000003079_879.jpg,17,0.0879
0000012482_872.jpg,16,0.0873
0000023887_1031.jpg,11,0.1031
000009232_935.jpg,2,0.0936
0000027439_1106.jpg,41,0.1106
000007380_1378.jpg,39,0.1378
0000013603_1020.jpg,5,0.1020
000004689_848.jpg,44,0.0848
0000023918_956.jpg,44,0.0957
0000015514_839.jpg,29,0.0839
000003858_913.jpg,39,0.0914
0000011772_854.jpg,13,0.0854
00000707_823.jpg,9,0.0823
000001097_1147.jpg,2,0.1147
0000010478_1484.jpg,2,0.1485
0000017317_1165.jpg,24,0.1166
00000713_1872.jpg,2,0.1872
000008919_810.jpg,26,0.0810
0000015266_881.jpg,2,0.0881
000005583_852.jpg,39,0.0852
0000012509_834.jpg,39,0.0835
0000028859_864.jpg,26,0.0864
0000018742_862.jpg,8,0.0862
0000026874_1068.jpg,34,0.1069
0000024093_918.jpg,35,0.0918
0000032829_1289.jpg,8,0.1290
0000011028_856.jpg,18,0.0856
0000019474_885.jpg,5,0.0886
0000010336_1108.jpg,2,0.1109
0000020593_1669.jpg,2,0.1670
0000022384_879.jpg,39,0.0879
0000033289_879.jpg,39,0.0880
0000024939_816.jpg,39,0.0817
000003870_829.jpg,2,0.0830
0000014622_812.jpg,35,0.0813
0000010444_816.jpg,9,0.0817
0000020587_1552.jpg,35,0.1552
0000016035_934.jpg,44,0.0934
0000021699_811.jpg,8,0.0811
0000026690_939.jpg,2,0.0940
0000016753_1123.jpg,2,0.1124
0000010322_838.jpg,36,0.0839
0000014144_1321.jpg,5,0.1321
0000023930_1072.jpg,2,0.1073
0000013818_1236.jpg,2,0.1237
000004892_1034.jpg,5,0.1034
0000018795_933.jpg,5,0.0934
0000028656_912.jpg,8,0.0913
0000016960_900.jpg,15,0.0901
0000030019_1092.jpg,39,0.1093
000009408_906.jpg,9,0.0907
000001054_2155.jpg,2,0.2155
0000027203_922.jpg,44,0.0922
000008716_860.jpg,35,0.0860
000005232_1324.jpg,38,0.1325
000004138_935.jpg,13,0.0935
0000033262_1025.jpg,36,0.1026
000005226_941.jpg,5,0.0942
0000031475_1585.jpg,44,0.1586
0000027217_1114.jpg,39,0.1114
000008064_971.jpg,13,0.0972
0000027571_1106.jpg,38,0.1107
000001726_841.jpg,9,0.0842
0000031313_1015.jpg,39,0.1015
0000023717_814.jpg,43,0.0815
000005568_847.jpg,39,0.0848
0000022421_1202.jpg,9,0.1202
000003119_823.jpg,46,0.0824
000004676_891.jpg,9,0.0891
0000012284_1379.jpg,2,0.1379
0000025428_1023.jpg,2,0.1023
000006707_826.jpg,2,0.0827
0000010493_982.jpg,18,0.0983
000007419_1183.jpg,29,0.1183
000009420_833.jpg,44,0.0833
0000021882_875.jpg,39,0.0875
0000020544_800.jpg,39,0.0800
00000934_1123.jpg,2,0.1123
0000024722_936.jpg,39,0.0936
0000032140_1216.jpg,35,0.1217
0000013830_956.jpg,35,0.0957
0000015299_964.jpg,2,0.0964
0000014187_1304.jpg,35,0.1305
000008058_1441.jpg,46,0.1441
0000030031_1300.jpg,39,0.1301
0000026653_932.jpg,39,0.0933
0000017101_1088.jpg,39,0.1089
000009811_1691.jpg,39,0.1691
000003482_840.jpg,5,0.0840
0000015716_1454.jpg,2,0.1455
0000015070_860.jpg,18,0.0861
0000028497_1016.jpg,39,0.1016
0000029789_870.jpg,34,0.0871
00000263_1465.jpg,2,0.1466
0000029945_821.jpg,35,0.0821
0000018540_857.jpg,35,0.0858
00000277_914.jpg,11,0.0914
0000025819_948.jpg,5,0.0948
000002950_2479.jpg,13,0.2480
000002788_1244.jpg,2,0.1245
0000020961_831.jpg,28,0.0832
0000019138_882.jpg,40,0.0883
0000017115_957.jpg,5,0.0957
000009805_987.jpg,44,0.0987
000002978_1004.jpg,2,0.1004
0000023298_865.jpg,2,0.0866
0000022186_901.jpg,39,0.0902
0000032395_839.jpg,46,0.0839
000007800_824.jpg,39,0.0825
0000020949_1045.jpg,11,0.1045
0000010652_1768.jpg,2,0.1769
0000016545_1330.jpg,14,0.1330
0000022838_893.jpg,11,0.0893
000005971_898.jpg,9,0.0898
0000013429_1111.jpg,46,0.1112
0000026492_1054.jpg,34,0.1054
0000011558_1029.jpg,11,0.1030
0000031688_1157.jpg,39,0.1158
0000017129_834.jpg,5,0.0835
0000031850_802.jpg,39,0.0802
0000022192_1320.jpg,46,0.1320
0000025616_1871.jpg,39,0.1872
000003441_848.jpg,5,0.0849
000002987_880.jpg,18,0.0881
000007627_873.jpg,9,0.0874
0000028332_1238.jpg,39,0.1239
0000031663_818.jpg,44,0.0818
000006539_2552.jpg,2,0.2552
0000031105_933.jpg,39,0.0934
000007141_1637.jpg,2,0.1638
0000018597_1763.jpg,39,0.1764
0000031111_882.jpg,5,0.0883
0000017868_843.jpg,34,0.0844
0000028440_1120.jpg,26,0.1121
0000027773_831.jpg,42,0.0832
0000018583_914.jpg,2,0.0914
0000021464_827.jpg,8,0.0827
000005024_860.jpg,35,0.0861
0000015919_918.jpg,2,0.0919
000003455_925.jpg,2,0.0926
0000023273_874.jpg,40,0.0874
000008528_1000.jpg,35,0.1001
0000026323_1353.jpg,44,0.1353
0000010849_811.jpg,36,0.0812
000002763_928.jpg,39,0.0929
0000012086_2196.jpg,38,0.2197
0000013398_1110.jpg,9,0.1110
0000032430_1093.jpg,5,0.1093
000006263_1088.jpg,9,0.1088
000009150_1386.jpg,35,0.1387
0000016586_868.jpg,11,0.0868
0000030227_828.jpg,39,0.0829
0000020034_1950.jpg,2,0.1951
0000027997_852.jpg,39,0.0852
0000016592_875.jpg,35,0.0876
0000026451_837.jpg,2,0.0837
0000017854_883.jpg,34,0.0884
0000030233_1014.jpg,26,0.1014
000007169_1367.jpg,2,0.1368
0000025158_976.jpg,5,0.0976
0000031893_1058.jpg,34,0.1058
0000022636_1079.jpg,2,0.1080
0000025159_976.jpg,5,0.0976
0000024247_931.jpg,41,0.0932
0000020021_835.jpg,5,0.0836
0000030232_851.jpg,5,0.0852
0000019878_987.jpg,39,0.0987
000009145_934.jpg,44,0.0934
0000031892_1067.jpg,39,0.1067
0000020747_1484.jpg,44,0.1484
000004307_822.jpg,11,0.0823
000005019_1036.jpg,39,0.1037
0000013399_929.jpg,12,0.0930
0000033049_1937.jpg,39,0.1938
0000012087_1261.jpg,35,0.1261
000002762_1020.jpg,2,0.1021
0000022144_1065.jpg,17,0.1065
000006504_927.jpg,39,0.0927
0000010848_1087.jpg,5,0.1088
0000030540_840.jpg,36,0.0840
0000029777_893.jpg,11,0.0894
0000026444_866.jpg,39,0.0866
000002004_1228.jpg,2,0.1228
0000012939_939.jpg,5,0.0939
0000014390_1989.jpg,2,0.1990
000007154_999.jpg,46,0.1000
0000029987_1175.jpg,2,0.1175
0000027772_831.jpg,18,0.0831
0000028441_1728.jpg,2,0.1728
0000023514_1057.jpg,44,0.1058
0000034068_1030.jpg,9,0.1031
000002992_943.jpg,39,0.0943
0000015918_922.jpg,39,0.0922
000007626_1166.jpg,35,0.1167
0000023266_983.jpg,2,0.0983
000002986_1371.jpg,2,0.1371
0000024509_1003.jpg,14,0.1003
000003326_1101.jpg,35,0.1101
0000023500_1080.jpg,13,0.1080
0000012905_1035.jpg,29,0.1035
0000029993_863.jpg,29,0.0864
0000020009_978.jpg,2,0.0979
0000027766_2244.jpg,44,0.2244
0000021317_865.jpg,39,0.0865
0000010121_858.jpg,42,0.0859
0000033920_1110.jpg,5,0.1111
0000032380_811.jpg,44,0.0812
0000025824_1017.jpg,2,0.1018
0000014421_1630.jpg,2,0.1631
000009838_838.jpg,2,0.0838
0000030597_814.jpg,34,0.0814
0000017128_960.jpg,2,0.0960
0000031689_958.jpg,34,0.0959
0000012044_866.jpg,44,0.0867
0000032394_908.jpg,2,0.0909
0000025830_1028.jpg,39,0.1029
0000014435_910.jpg,9,0.0911
0000017882_812.jpg,35,0.0812
0000027941_950.jpg,39,0.0951
0000027799_874.jpg,5,0.0874
000005958_1459.jpg,2,0.1460
0000011203_1000.jpg,36,0.1001
00000276_1767.jpg,39,0.1768
000006289_1047.jpg,35,0.1048
000007197_1042.jpg,9,0.1042
0000018541_808.jpg,2,0.0809
0000017672_807.jpg,5,0.0807
000001280_1483.jpg,2,0.1483
000002789_1093.jpg,2,0.1094
000003497_1250.jpg,35,0.1251
0000015717_1078.jpg,2,0.1079
000002945_968.jpg,35,0.0968
000003483_831.jpg,11,0.0831
0000029788_993.jpg,39,0.0993
0000018555_863.jpg,39,0.0864
0000012291_942.jpg,2,0.0943
0000010486_804.jpg,9,0.0804
0000021883_882.jpg,39,0.0883
000006074_936.jpg,2,0.0936
0000020223_1037.jpg,39,0.1038
0000014186_1151.jpg,5,0.1152
0000024045_846.jpg,35,0.0847
0000015298_947.jpg,13,0.0948
0000022434_1283.jpg,34,0.1283
0000013831_866.jpg,2,0.0867
000002206_900.jpg,5,0.0901
000006060_2090.jpg,2,0.2090
0000016785_1688.jpg,35,0.1689
0000021129_1107.jpg,13,0.1107
0000026646_824.jpg,5,0.0824
0000030742_855.jpg,46,0.0855
000009435_973.jpg,2,0.0974
000004111_885.jpg,44,0.0885
0000020579_916.jpg,2,0.0916
000008703_974.jpg,2,0.0974
000007430_860.jpg,2,0.0861
0000027216_1257.jpg,36,0.1257
0000025401_803.jpg,39,0.0804
0000023716_903.jpg,42,0.0904
0000028643_1133.jpg,44,0.1134
0000018780_806.jpg,38,0.0807
0000021115_1158.jpg,11,0.1159
0000016961_1088.jpg,35,0.1088
000008071_859.jpg,42,0.0859
0000025373_1027.jpg,38,0.1027
0000032169_841.jpg,17,0.0841
000003642_1012.jpg,13,0.1013
0000023064_983.jpg,11,0.0984
000007424_1103.jpg,17,0.1103
000009409_1023.jpg,29,0.1024
0000021698_1062.jpg,6,0.1063
0000018019_1046.jpg,39,0.1047
0000011983_1088.jpg,39,0.1089
0000021840_1046.jpg,41,0.1047
0000012534_908.jpg,39,0.0909
0000025398_1085.jpg,9,0.1086
0000019461_800.jpg,5,0.0801
0000016752_916.jpg,2,0.0917
000009384_889.jpg,2,0.0889
000001914_850.jpg,35,0.0851
0000026685_832.jpg,11,0.0832
0000012520_811.jpg,44,0.0812
0000014637_1110.jpg,13,0.1111
000003865_819.jpg,2,0.0820
0000011997_1130.jpg,35,0.1131
0000020592_1051.jpg,29,0.1051
0000030781_1194.jpg,39,0.1194
000001082_1258.jpg,29,0.1258
0000017316_1282.jpg,8,0.1282
0000012508_834.jpg,39,0.0835
000005582_935.jpg,46,0.0935
0000014179_885.jpg,17,0.0885
0000032800_899.jpg,2,0.0900
000004850_829.jpg,44,0.0829
0000023919_805.jpg,2,0.0806
0000028694_847.jpg,34,0.0847
000001928_1078.jpg,39,0.1079
0000019449_1029.jpg,17,0.1029
000001096_878.jpg,43,0.0878
0000018031_1041.jpg,5,0.1042
000004071_800.jpg,39,0.0800
0000024657_1029.jpg,9,0.1029
000002400_1023.jpg,35,0.1024
00000841_1246.jpg,2,0.1246
0000011834_842.jpg,38,0.0843
0000030144_819.jpg,8,0.0819
0000029415_1393.jpg,39,0.1394
000002366_957.jpg,44,0.0958
0000023886_1301.jpg,17,0.1302
0000012483_886.jpg,39,0.0887
0000013951_939.jpg,14,0.0940
0000032747_1110.jpg,2,0.1111
0000029401_804.jpg,34,0.0804
000006114_1580.jpg,2,0.1581
000006672_1089.jpg,4,0.1090
0000026054_925.jpg,41,0.0926
0000022232_1291.jpg,2,0.1292
000001135_2781.jpg,2,0.2782
0000028051_1095.jpg,39,0.1095
0000027362_998.jpg,2,0.0999
000008677_1363.jpg,41,0.1364
0000011808_1438.jpg,44,0.1439
000003722_915.jpg,39,0.0915
0000025575_801.jpg,35,0.0802
0000032009_1111.jpg,13,0.1111
0000025213_855.jpg,39,0.0856
000008111_1157.jpg,5,0.1157
000007222_1008.jpg,5,0.1009
0000028737_803.jpg,34,0.0804
0000030178_966.jpg,39,0.0967
0000027404_962.jpg,38,0.0963
0000029429_811.jpg,44,0.0812
0000027410_981.jpg,4,0.0981
0000031272_902.jpg,39,0.0902
0000021061_1735.jpg,5,0.1735
000006128_1113.jpg,5,0.1113
000005421_1298.jpg,39,0.1298
000004059_886.jpg,18,0.0886
0000023110_883.jpg,39,0.0884
0000025561_913.jpg,2,0.0913
0000014964_1045.jpg,39,0.1045
000006896_931.jpg,39,0.0932
0000010531_831.jpg,26,0.0832
0000021934_1003.jpg,39,0.1004
00000882_1121.jpg,2,0.1121
0000019273_1007.jpg,5,0.1008
0000016140_1153.jpg,2,0.1153
0000065_1003.jpg,2,0.1004
0000013038_1056.jpg,5,0.1057
0000032948_1065.jpg,44,0.1066
0000011149_831.jpg,5,0.0831
0000028910_832.jpg,5,0.0832
0000017538_1028.jpg,9,0.1028
0000010257_1170.jpg,2,0.1171
00000128_1360.jpg,2,0.1361
0000026929_1130.jpg,39,0.1131
0000010243_1096.jpg,9,0.1097
0000023689_926.jpg,39,0.0926
000006869_901.jpg,2,0.0901
0000027389_1000.jpg,39,0.1000
0000018179_1587.jpg,39,0.1588
0000019267_850.jpg,44,0.0851
0000016154_1458.jpg,39,0.1458
000009582_1122.jpg,2,0.1123
0000013004_1279.jpg,2,0.1280
0000030805_839.jpg,39,0.0839
00000666_1743.jpg,2,0.1743
000001690_1384.jpg,2,0.1384
0000018637_812.jpg,39,0.0812
0000026901_1199.jpg,38,0.1200
000004930_807.jpg,19,0.0807
0000023879_860.jpg,39,0.0861
0000013776_855.jpg,34,0.0855
0000032960_825.jpg,39,0.0826
000004924_947.jpg,5,0.0948
0000017510_1015.jpg,46,0.1015
0000029398_1235.jpg,2,0.1236
0000012681_1100.jpg,39,0.1101
0000033897_875.jpg,39,0.0875
0000022742_928.jpg,26,0.0929
0000017921_1381.jpg,5,0.1382
0000011388_1333.jpg,2,0.1333
0000026524_935.jpg,39,0.0935
0000028509_1357.jpg,5,0.1358
0000020155_1644.jpg,44,0.1645
000009757_847.jpg,35,0.0847
000002602_845.jpg,13,0.0846
0000015850_1568.jpg,2,0.1568
000004273_823.jpg,39,0.0824
0000022030_1194.jpg,24,0.1194
0000032223_834.jpg,44,0.0835
0000024441_905.jpg,5,0.0905
000003508_1804.jpg,2,0.1804
0000025987_1103.jpg,26,0.1104
0000014582_1434.jpg,13,0.1434
0000030434_823.jpg,2,0.0823
0000027148_824.jpg,24,0.0825
0000021539_1460.jpg,5,0.1460
000001479_1219.jpg,5,0.1220
000007008_988.jpg,35,0.0989
000002170_1312.jpg,41,0.1313
0000021277_967.jpg,7,0.0967
0000028535_2182.jpg,39,0.2182
000008313_1128.jpg,39,0.1128
0000012865_927.jpg,5,0.0928
000003246_817.jpg,44,0.0818
0000028253_850.jpg,4,0.0851
000001337_843.jpg,5,0.0844
0000031702_832.jpg,46,0.0832
000007752_855.jpg,2,0.0856
0000028247_968.jpg,5,0.0968
0000031716_1480.jpg,39,0.1480
000001323_922.jpg,5,0.0923
0000029159_1157.jpg,34,0.1157
000003534_936.jpg,38,0.0936
0000032579_1080.jpg,2,0.1080
0000021263_801.jpg,41,0.0802
000001445_1012.jpg,11,0.1013
0000019924_837.jpg,34,0.0838
000007034_800.jpg,2,0.0801
0000019717_835.jpg,39,0.0835
0000024496_1612.jpg,44,0.1613
0000015893_884.jpg,44,0.0884
0000012124_1050.jpg,2,0.1050
0000016342_888.jpg,39,0.0889
000009794_1045.jpg,35,0.1045
0000031925_1188.jpg,39,0.1189
0000010733_1137.jpg,2,0.1137
000009780_914.jpg,26,0.0915
0000019065_811.jpg,5,0.0811
0000024482_1039.jpg,39,0.1039
0000033840_1009.jpg,39,0.1009
0000014227_967.jpg,29,0.0967
000005804_1289.jpg,2,0.1289
0000033698_871.jpg,39,0.0871
0000020182_809.jpg,4,0.0809
0000019703_807.jpg,44,0.0808
0000029830_1730.jpg,5,0.1731
0000016418_1084.jpg,35,0.1084
00000302_1095.jpg,5,0.1095
000001492_4087.jpg,2,0.4088
0000011411_1224.jpg,39,0.1225
0000020814_803.jpg,2,0.0803
0000018353_1295.jpg,2,0.1296
000007785_1047.jpg,11,0.1048
000009970_825.jpg,43,0.0826
0000013206_1369.jpg,39,0.1370
000002825_1248.jpg,34,0.1248
000005192_872.jpg,41,0.0873
000002831_1254.jpg,2,0.1255
0000025978_1074.jpg,44,0.1074
0000019059_1292.jpg,2,0.1292
000009964_870.jpg,39,0.0870
0000028284_859.jpg,36,0.0860
0000017712_859.jpg,39,0.0860
000001486_844.jpg,39,0.0844
000003291_2031.jpg,2,0.2032
0000022971_974.jpg,44,0.0975
0000013574_886.jpg,45,0.0886
000005190_1112.jpg,39,0.1113
0000028292_871.jpg,39,0.0871
000007787_815.jpg,39,0.0816
000006499_1011.jpg,9,0.1011
0000015107_1045.jpg,43,0.1046
00000314_933.jpg,2,0.0934
0000018423_1861.jpg,5,0.1862
0000010719_1031.jpg,24,0.1031
0000016368_2011.jpg,38,0.2011
00000472_1467.jpg,2,0.1468
0000011407_929.jpg,39,0.0929
0000020802_828.jpg,43,0.0828
000005184_863.jpg,39,0.0863
000002833_1141.jpg,5,0.1142
0000019073_811.jpg,40,0.0811
0000015891_1160.jpg,44,0.1160
000005812_806.jpg,40,0.0806
0000012898_835.jpg,39,0.0836
0000031099_805.jpg,5,0.0806
0000011349_980.jpg,5,0.0981
0000027823_809.jpg,39,0.0809
0000020194_928.jpg,39,0.0929
0000016432_1233.jpg,39,0.1233
0000030393_1042.jpg,41,0.1043
000005806_855.jpg,2,0.0856
0000023489_1566.jpg,26,0.1566
0000033842_1084.jpg,43,0.1085
0000022797_1083.jpg,44,0.1083
0000032584_880.jpg,24,0.0880
0000025946_972.jpg,39,0.0972
0000014543_921.jpg,9,0.0921
0000015885_1077.jpg,35,0.1077
000007977_1097.jpg,9,0.1097
000009769_2015.jpg,8,0.2016
0000027162_1347.jpg,5,0.1347
000003522_1023.jpg,44,0.1024
000005153_873.jpg,39,0.0874
000005635_845.jpg,14,0.0846
0000023462_933.jpg,34,0.0934
0000012867_823.jpg,29,0.0823
000007022_1412.jpg,2,0.1413
0000029629_804.jpg,5,0.0804
0000019926_888.jpg,13,0.0888
0000028523_931.jpg,39,0.0931
0000031072_804.jpg,39,0.0804
0000019098_834.jpg,39,0.0835
0000010902_830.jpg,39,0.0830
000001321_838.jpg,24,0.0839
0000018386_807.jpg,43,0.0808
0000023338_844.jpg,44,0.0845
0000024457_1191.jpg,44,0.1191
000002600_1033.jpg,2,0.1034
0000016383_817.jpg,2,0.0818
0000029173_813.jpg,18,0.0814
00000499_989.jpg,2,0.0989
0000030422_893.jpg,39,0.0894
0000020157_1090.jpg,9,0.1091
0000029615_1098.jpg,39,0.1098
0000026526_906.jpg,5,0.0906
0000021249_848.jpg,31,0.0849
000006300_1004.jpg,2,0.1005
0000033895_915.jpg,2,0.0915
0000024331_1268.jpg,5,0.1268
0000012697_914.jpg,39,0.0914
000002172_959.jpg,39,0.0960
0000020143_934.jpg,39,0.0934
000006472_3020.jpg,2,0.3021
0000029167_1168.jpg,44,0.1168
0000028279_849.jpg,44,0.0850
0000015846_958.jpg,7,0.0959
0000032221_839.jpg,39,0.0840
0000022032_1223.jpg,35,0.1223
000004932_2041.jpg,39,0.2041
0000018635_925.jpg,35,0.0926
0000011177_862.jpg,29,0.0863
00000664_1291.jpg,1,0.1292
0000030807_822.jpg,10,0.0822
000007585_876.jpg,39,0.0876
000006843_1200.jpg,8,0.1201
0000012318_976.jpg,2,0.0977
000007591_1094.jpg,2,0.1094
0000015305_902.jpg,5,0.0903
000003091_1207.jpg,9,0.1208
0000016624_979.jpg,5,0.0979
0000023847_965.jpg,39,0.0965
0000022581_841.jpg,42,0.0841
0000014033_817.jpg,40,0.0818
0000012324_881.jpg,5,0.0881
00000658_1129.jpg,2,0.1130
0000010533_837.jpg,5,0.0838
0000019265_890.jpg,9,0.0891
0000016156_1134.jpg,9,0.1134
0000024682_842.jpg,35,0.0843
0000073_817.jpg,11,0.0818
0000014999_1305.jpg,39,0.1306
0000013748_1226.jpg,2,0.1227
0000030191_1062.jpg,46,0.1063
0000028906_1262.jpg,24,0.1263
000001889_1185.jpg,38,0.1185
000007220_1420.jpg,2,0.1421
0000022218_1124.jpg,2,0.1125
0000025577_801.jpg,35,0.0802
000003720_1302.jpg,39,0.1303
0000033315_912.jpg,5,0.0912
000007546_895.jpg,43,0.0896
0000027360_1900.jpg,36,0.1901
000006880_1358.jpg,2,0.1358
000001137_1155.jpg,11,0.1156
000007552_1296.jpg,2,0.1296
0000016817_1230.jpg,39,0.1230
000007234_830.jpg,9,0.0831
0000023884_910.jpg,5,0.0910
0000012481_928.jpg,9,0.0929
0000022542_1007.jpg,17,0.1007
0000013947_1229.jpg,2,0.1229
0000011188_893.jpg,39,0.0894
0000029417_961.jpg,14,0.0961
0000010296_1190.jpg,5,0.1190
0000011836_846.jpg,39,0.0847
000008891_903.jpg,41,0.0903
000006664_1496.jpg,13,0.1496
0000015488_1613.jpg,39,0.1613
0000022224_908.jpg,44,0.0908
0000032037_1537.jpg,13,0.1537
0000014796_824.jpg,39,0.0825
0000024899_959.jpg,42,0.0960
000005379_1153.jpg,5,0.1153
0000032023_946.jpg,44,0.0946
0000014782_871.jpg,2,0.0872
000004067_951.jpg,9,0.0951
0000011822_1095.jpg,35,0.1096
0000020427_1040.jpg,5,0.1041
0000021739_960.jpg,9,0.0961
000006116_974.jpg,8,0.0975
000001679_820.jpg,39,0.0820
0000010282_1088.jpg,24,0.1088
0000030152_1175.jpg,44,0.1175
0000022556_1407.jpg,39,0.1407
000006089_1003.jpg,5,0.1004
0000028682_1148.jpg,39,0.1149
0000018027_921.jpg,44,0.0921
0000030973_842.jpg,5,0.0843
000001080_1162.jpg,2,0.1162
0000011765_915.jpg,2,0.0916
0000024906_1306.jpg,39,0.1306
0000013172_1624.jpg,9,0.1624
0000017300_1194.jpg,35,0.1195
0000030967_1654.jpg,46,0.1655
00000704_2302.jpg,2,0.2302
0000016778_866.jpg,35,0.0867
000004852_1104.jpg,39,0.1104
000009386_848.jpg,39,0.0848
0000016750_2021.jpg,35,0.2022
000001902_945.jpg,39,0.0945
0000012250_925.jpg,29,0.0926
0000021842_1049.jpg,2,0.1049
0000011981_1351.jpg,2,0.1351
0000020584_3445.jpg,2,0.3446
0000021856_845.jpg,46,0.0845
0000030783_919.jpg,9,0.0919
0000011995_909.jpg,43,0.0909
00000738_969.jpg,2,0.0970
0000032194_967.jpg,35,0.0967
000003867_881.jpg,2,0.0881
0000014635_930.jpg,2,0.0931
0000028872_863.jpg,44,0.0863
000008067_1002.jpg,11,0.1002
0000031310_847.jpg,29,0.0847
000003132_1109.jpg,44,0.1109
0000023072_880.jpg,11,0.0880
0000033261_1152.jpg,26,0.1153
000005225_1025.jpg,41,0.1025
000007432_1208.jpg,45,0.1208
000008715_853.jpg,2,0.0853
0000033275_1054.jpg,8,0.1055
000003898_805.jpg,13,0.0805
0000022378_1017.jpg,2,0.1017
0000023700_887.jpg,39,0.0888
000008073_874.jpg,44,0.0874
000007340_823.jpg,39,0.0823
0000018796_1203.jpg,39,0.1204
0000016963_906.jpg,1,0.0906
0000027566_943.jpg,39,0.0943
0000013833_1289.jpg,39,0.1289
0000032625_817.jpg,18,0.0818
0000025359_1590.jpg,5,0.1591
0000030032_1037.jpg,44,0.1037
0000018966_1472.jpg,2,0.1472
0000016793_2288.jpg,35,0.2288
000009345_936.jpg,2,0.0936
000006710_1722.jpg,2,0.1722
000009423_948.jpg,35,0.0948
0000030754_854.jpg,46,0.0855
000004107_984.jpg,9,0.0985
0000024721_863.jpg,39,0.0864
000002576_1173.jpg,35,0.1173
000005219_889.jpg,2,0.0890
000004113_823.jpg,35,0.0823
0000022344_1338.jpg,39,0.1339
0000020553_965.jpg,5,0.0966
0000029577_885.jpg,44,0.0886
0000032631_1244.jpg,39,0.1245
0000024053_1206.jpg,39,0.1206
000004675_938.jpg,2,0.0938
000003495_873.jpg,39,0.0874
0000013370_892.jpg,39,0.0893
000002953_1025.jpg,2,0.1025
00000512_1540.jpg,2,0.1541
0000011567_1000.jpg,2,0.1000
00000274_1411.jpg,39,0.1411
0000012708_841.jpg,5,0.0841
0000015067_801.jpg,39,0.0802
0000015073_1443.jpg,35,0.1443
000004488_1028.jpg,35,0.1029
0000022807_934.jpg,35,0.0935
0000013402_1534.jpg,2,0.1534
00000260_946.jpg,4,0.0947
00000506_882.jpg,1,0.0882
0000020976_1127.jpg,35,0.1127
0000013364_889.jpg,2,0.0890
0000020786_818.jpg,38,0.0818
0000010645_1223.jpg,8,0.1223
0000012052_822.jpg,44,0.0822
0000033922_1002.jpg,11,0.1003
0000024286_1445.jpg,39,0.1445
0000027943_919.jpg,46,0.0919
0000026485_894.jpg,39,0.0894
0000022185_1202.jpg,2,0.1203
000007803_1265.jpg,5,0.1265
0000016220_1197.jpg,24,0.1197
0000026308_962.jpg,41,0.0962
0000010862_2032.jpg,44,0.2033
000005027_1030.jpg,44,0.1031
0000025601_818.jpg,5,0.0818
000003456_858.jpg,2,0.0859
0000021301_1000.jpg,44,0.1001
0000031112_1170.jpg,26,0.1170
000007156_1599.jpg,39,0.1599
0000029985_938.jpg,44,0.0939
000001533_951.jpg,2,0.0951
000008271_1172.jpg,39,0.1172
0000025615_887.jpg,9,0.0887
000002984_1130.jpg,41,0.1130
0000023264_1156.jpg,39,0.1156
0000010876_1121.jpg,34,0.1121
0000020745_942.jpg,44,0.0943
0000028319_951.jpg,36,0.0952
0000011598_830.jpg,44,0.0831
000004463_1176.jpg,2,0.1176
0000033739_808.jpg,39,0.0809
0000034042_917.jpg,42,0.0917
0000022620_812.jpg,39,0.0813
0000021329_1127.jpg,2,0.1128
0000029775_822.jpg,2,0.0823
0000020751_843.jpg,5,0.0844
0000030542_838.jpg,39,0.0839
0000025629_908.jpg,41,0.0908
0000024537_880.jpg,29,0.0881
0000026447_854.jpg,5,0.0854
0000027981_991.jpg,45,0.0992
000009152_829.jpg,39,0.0829
0000022621_1189.jpg,8,0.1189
000003319_862.jpg,2,0.0862
0000014393_1336.jpg,5,0.1337
000004476_1022.jpg,5,0.1023
000004310_1484.jpg,5,0.1485
0000012084_814.jpg,39,0.0814
0000025628_1147.jpg,2,0.1147
000006507_835.jpg,44,0.0836
000001268_1234.jpg,11,0.1235
0000010693_825.jpg,5,0.0826
0000020750_843.jpg,5,0.0844
0000031885_894.jpg,5,0.0894
000006513_1055.jpg,39,0.1055
0000029006_1039.jpg,13,0.1040
0000028318_991.jpg,35,0.0992
000004304_947.jpg,9,0.0947
0000024522_897.jpg,39,0.0898
0000012090_1328.jpg,2,0.1329
0000015099_1108.jpg,5,0.1109
000004462_827.jpg,2,0.0827
0000020022_838.jpg,26,0.0839
0000026453_1064.jpg,39,0.1065
0000029760_888.jpg,39,0.0888
000006275_968.jpg,5,0.0968
0000023503_1002.jpg,40,0.1003
0000019853_866.jpg,38,0.0867
000001532_1930.jpg,2,0.1930
000009608_890.jpg,39,0.0891
0000010877_896.jpg,41,0.0897
0000027003_1305.jpg,35,0.1306
000008516_1000.jpg,35,0.1001
000002985_992.jpg,9,0.0993
0000023265_809.jpg,38,0.0809
000003443_808.jpg,2,0.0809
000005032_1982.jpg,38,0.1982
000002991_1078.jpg,1,0.1078
0000025600_867.jpg,8,0.0867
0000021466_1030.jpg,9,0.1030
0000025166_1450.jpg,39,0.1451
0000024278_1419.jpg,5,0.1419
0000033937_835.jpg,44,0.0835
0000027942_869.jpg,44,0.0869
0000030580_1061.jpg,5,0.1061
0000022184_960.jpg,42,0.0961
0000025833_1279.jpg,5,0.1280
0000014422_844.jpg,2,0.0844
0000020787_805.jpg,13,0.0806
0000019106_1006.jpg,41,0.1006
000007816_846.jpg,39,0.0846
00000249_857.jpg,35,0.0857
0000017895_1202.jpg,5,0.1202
0000012735_1364.jpg,41,0.1365
0000025199_822.jpg,8,0.0823
0000019648_1023.jpg,6,0.1024
0000022806_900.jpg,39,0.0901
000004489_1081.jpg,15,0.1081
000009813_941.jpg,35,0.0942
0000017103_1059.jpg,5,0.1060
000001297_911.jpg,13,0.0911
000001283_1626.jpg,2,0.1627
0000011566_916.jpg,39,0.0917
00000513_1540.jpg,2,0.1541
000002952_913.jpg,13,0.0914
0000013417_1522.jpg,38,0.1522
000005783_826.jpg,18,0.0827
0000012709_908.jpg,2,0.0909
0000017671_1318.jpg,39,0.1318
0000019884_1016.jpg,39,0.1016
0000030741_825.jpg,11,0.0826
0000013826_903.jpg,9,0.0903
0000018973_806.jpg,8,0.0807
0000020234_858.jpg,24,0.0858
0000016792_820.jpg,44,0.0820
0000018967_813.jpg,44,0.0813
0000026889_993.jpg,34,0.0994
0000024046_1056.jpg,44,0.1057
0000022351_1551.jpg,2,0.1551
0000024720_1668.jpg,2,0.1669
0000030755_886.jpg,42,0.0886
000009422_913.jpg,39,0.0914
000006711_1003.jpg,42,0.1003
000003899_1134.jpg,9,0.1134
000005230_1246.jpg,39,0.1247
0000025416_832.jpg,39,0.0832
0000033274_820.jpg,2,0.0821
0000028132_1073.jpg,39,0.1073
000006739_998.jpg,2,0.0998
0000021670_960.jpg,5,0.0960
0000027567_804.jpg,42,0.0805
0000028654_1393.jpg,35,0.1394
000007341_1217.jpg,41,0.1218
000008072_895.jpg,44,0.0896
000003133_1109.jpg,44,0.1109
000001724_817.jpg,5,0.0817
000008066_881.jpg,35,0.0881
0000027215_864.jpg,2,0.0864
0000021664_933.jpg,41,0.0934
000005224_841.jpg,39,0.0841
0000014807_1786.jpg,2,0.1786
0000025402_819.jpg,9,0.0820
0000022386_1049.jpg,44,0.1050
0000032195_852.jpg,39,0.0852
00000739_1808.jpg,2,0.1808
0000030782_868.jpg,39,0.0868
0000027598_987.jpg,39,0.0987
0000019476_922.jpg,39,0.0923
0000023932_884.jpg,24,0.0885
0000010320_1111.jpg,2,0.1111
000008099_1162.jpg,2,0.1162
000009387_1235.jpg,2,0.1236
0000019304_1507.jpg,39,0.1507
0000021843_1005.jpg,39,0.1006
0000010446_1233.jpg,24,0.1233
000003872_1256.jpg,39,0.1257
00000705_2679.jpg,35,0.2680
0000017301_992.jpg,44,0.0992
0000015516_835.jpg,5,0.0836
0000029589_940.jpg,26,0.0940
000004847_1320.jpg,35,0.1320
0000015264_1118.jpg,41,0.1118
000005581_902.jpg,2,0.0902
000003696_1245.jpg,2,0.1246
0000024907_1114.jpg,35,0.1114
0000011764_970.jpg,44,0.0971
000001081_907.jpg,2,0.0907
0000017315_815.jpg,13,0.0815
0000016194_899.jpg,39,0.0900
000008884_920.jpg,4,0.0920
0000027349_856.jpg,39,0.0856
0000020426_903.jpg,46,0.0903
00000856_1111.jpg,35,0.1112
000003709_1061.jpg,45,0.1061
0000024898_991.jpg,7,0.0991
0000022231_1108.jpg,39,0.1108
000002371_1055.jpg,39,0.1056
0000023649_913.jpg,35,0.0914
0000020340_852.jpg,35,0.0853
0000029402_814.jpg,5,0.0814
0000018807_882.jpg,12,0.0883
000009224_1060.jpg,39,0.1061
0000030147_1650.jpg,2,0.1650
0000018813_862.jpg,39,0.0863
0000012480_1331.jpg,35,0.1332
0000023885_1010.jpg,41,0.1010
000002365_892.jpg,39,0.0893
0000032988_1321.jpg,2,0.1322
0000015489_1172.jpg,2,0.1173
0000016180_859.jpg,2,0.0860
0000011837_806.jpg,45,0.0806
0000025562_945.jpg,2,0.0945
0000021704_1069.jpg,35,0.1069
0000031517_984.jpg,39,0.0985
000001122_967.jpg,17,0.0968
000006895_981.jpg,2,0.0981
0000027375_823.jpg,39,0.0824
000007553_1078.jpg,2,0.1079
0000027413_994.jpg,44,0.0995
0000028720_1014.jpg,41,0.1015
000001644_910.jpg,2,0.0911
000005422_3313.jpg,2,0.3314
000003053_925.jpg,2,0.0925
000003047_906.jpg,2,0.0906
000007221_1081.jpg,2,0.1081
0000028734_1002.jpg,2,0.1003
0000031265_902.jpg,39,0.0902
000006659_838.jpg,39,0.0838
000001136_849.jpg,13,0.0849
000007547_1720.jpg,5,0.1721
0000012331_950.jpg,2,0.0950
0000072_990.jpg,13,0.0991
0000014998_829.jpg,9,0.0830
0000014740_816.jpg,39,0.0816
0000024683_978.jpg,15,0.0978
0000021923_1095.jpg,11,0.1096
000001863_1042.jpg,39,0.1043
0000033499_1254.jpg,5,0.1255
0000013991_1106.jpg,2,0.1106
0000022580_890.jpg,39,0.0890
0000019516_1300.jpg,38,0.1301
0000020397_1150.jpg,2,0.1150
0000018608_904.jpg,46,0.0905
0000030184_810.jpg,2,0.0810
00000881_834.jpg,2,0.0834
00000659_901.jpg,2,0.0901
0000014754_852.jpg,29,0.0852
0000017275_1033.jpg,5,0.1033
0000011604_862.jpg,35,0.0863
0000015462_1465.jpg,24,0.1465
000003090_1037.jpg,39,0.1038
0000013775_1057.jpg,39,0.1058
000004927_931.jpg,5,0.0932
0000017513_812.jpg,5,0.0812
0000013761_1042.jpg,39,0.1043
0000028091_1107.jpg,44,0.1107
0000018152_1446.jpg,39,0.1447
0000017261_926.jpg,9,0.0926
00000665_1408.jpg,2,0.1408
0000029600_1053.jpg,39,0.1053
0000034137_850.jpg,44,0.0851
0000013588_834.jpg,35,0.0835
0000033880_1056.jpg,39,0.1056
0000024442_1183.jpg,2,0.1184
0000014581_837.jpg,39,0.0837
0000020624_1398.jpg,19,0.1399
000009998_1431.jpg,2,0.1431
0000028278_849.jpg,44,0.0850
0000016396_877.jpg,36,0.0877
000007779_1315.jpg,6,0.1316
0000030423_1046.jpg,39,0.1046
0000016382_874.jpg,38,0.0874
0000025748_1020.jpg,26,0.1021
0000033894_1097.jpg,44,0.1098
000005608_922.jpg,39,0.0923
0000021248_963.jpg,38,0.0964
000009032_929.jpg,39,0.0929
0000017922_851.jpg,9,0.0852
0000030345_831.jpg,11,0.0832
0000020156_1114.jpg,2,0.1114
0000023477_968.jpg,13,0.0969
0000022769_834.jpg,5,0.0834
0000028522_931.jpg,15,0.0932
0000019927_989.jpg,13,0.0990
0000027611_886.jpg,43,0.0886
000007037_830.jpg,35,0.0830
000007751_1138.jpg,11,0.1139
000007989_804.jpg,46,0.0805
0000026269_823.jpg,38,0.0823
000003537_914.jpg,2,0.0914
0000023311_917.jpg,5,0.0918
0000025774_926.jpg,39,0.0927
000003523_829.jpg,35,0.0830
000007745_2155.jpg,2,0.2155
0000028250_1060.jpg,2,0.1060
0000031067_1145.jpg,9,0.1146
0000028536_870.jpg,5,0.0871
0000030379_1185.jpg,46,0.1185
0000027605_857.jpg,29,0.0858
0000019933_804.jpg,26,0.0805
000007023_2227.jpg,2,0.2228
0000012866_919.jpg,44,0.0919
0000025012_923.jpg,44,0.0924
000005634_1373.jpg,2,0.1374
0000032585_832.jpg,39,0.0833
0000023488_919.jpg,39,0.0920
0000030392_883.jpg,5,0.0883
000009783_879.jpg,2,0.0879
0000010724_1035.jpg,13,0.1035
0000024481_967.jpg,2,0.0967
0000012133_1252.jpg,44,0.1253
0000013239_884.jpg,39,0.0885
0000024495_818.jpg,43,0.0819
0000025953_804.jpg,39,0.0805
0000020195_905.jpg,38,0.0906
0000019714_902.jpg,39,0.0903
0000016427_968.jpg,2,0.0969
0000033857_881.jpg,17,0.0882
0000012899_847.jpg,1,0.0848
0000018422_1009.jpg,35,0.1009
0000015106_1067.jpg,5,0.1067
0000014218_915.jpg,2,0.0915
0000022972_1171.jpg,46,0.1172
000002832_942.jpg,11,0.0942
000005185_1039.jpg,39,0.1039
000007792_892.jpg,39,0.0893
000009967_1577.jpg,5,0.1578
0000020817_828.jpg,36,0.0828
0000017063_888.jpg,39,0.0888
000007786_1950.jpg,2,0.1950
000009973_908.jpg,40,0.0908
000002198_962.jpg,44,0.0962
0000015112_902.jpg,2,0.0902
0000019731_1063.jpg,44,0.1064
00000318_1016.jpg,9,0.1016
0000033872_991.jpg,5,0.0992
0000025976_814.jpg,2,0.0815
0000029194_1410.jpg,39,0.1410
000007947_894.jpg,9,0.0894
0000031917_805.jpg,29,0.0806
0000010701_1309.jpg,26,0.1310
000006495_873.jpg,44,0.0874
0000012116_864.jpg,35,0.0864
000004282_1013.jpg,39,0.1014
0000011379_1192.jpg,39,0.1192
0000022943_831.jpg,2,0.0832
0000013546_922.jpg,2,0.0922
0000012658_817.jpg,39,0.0817
0000031081_907.jpg,34,0.0908
0000029816_886.jpg,34,0.0886
0000017046_889.jpg,9,0.0889
0000027185_1117.jpg,2,0.1118
0000011437_1008.jpg,2,0.1008
0000020832_863.jpg,2,0.0863
0000016358_982.jpg,39,0.0982
0000013234_3206.jpg,2,0.3206
000009942_806.jpg,17,0.0807
0000011423_1060.jpg,26,0.1060
0000031095_834.jpg,26,0.0835
0000015123_972.jpg,5,0.0972
0000032577_1213.jpg,34,0.1213
000008309_1483.jpg,8,0.1483
0000026502_911.jpg,39,0.0912
000009771_883.jpg,35,0.0883
000004255_1340.jpg,2,0.1340
000002624_911.jpg,9,0.0911
0000024467_1598.jpg,2,0.1598
0000022016_1223.jpg,35,0.1223
0000032205_899.jpg,2,0.0900
0000029143_892.jpg,43,0.0892
000007990_831.jpg,46,0.0832
000007748_802.jpg,13,0.0803
0000021279_960.jpg,43,0.0961
000006330_825.jpg,34,0.0826
0000032563_801.jpg,39,0.0802
000005639_1207.jpg,2,0.1208
0000022770_870.jpg,13,0.0870
0000034112_849.jpg,34,0.0850
000003248_892.jpg,2,0.0893
0000019916_972.jpg,39,0.0972
0000027620_903.jpg,39,0.0903
0000028513_862.jpg,2,0.0863
000007006_818.jpg,8,0.0818
000001477_875.jpg,13,0.0876
0000025037_2130.jpg,2,0.2130
000005611_1258.jpg,39,0.1259
000003260_1307.jpg,9,0.1308
0000013585_1115.jpg,44,0.1116
000004269_1139.jpg,35,0.1139
0000025989_1254.jpg,8,0.1255
0000025751_820.jpg,46,0.0820
00000481_884.jpg,5,0.0884
0000031724_997.jpg,14,0.0998
000008453_1493.jpg,2,0.1493
0000017085_1244.jpg,39,0.1244
00000495_894.jpg,39,0.0895
0000031730_1681.jpg,38,0.1681
0000010926_890.jpg,5,0.0891
0000021523_835.jpg,9,0.0835
0000017091_907.jpg,39,0.0907
000008447_1124.jpg,5,0.1125
0000027152_824.jpg,24,0.0825
0000028261_857.jpg,44,0.0857
0000023334_988.jpg,39,0.0988
0000025745_810.jpg,9,0.0811
0000025023_827.jpg,44,0.0828
000005605_822.jpg,35,0.0823
0000012857_823.jpg,29,0.0823
0000033641_928.jpg,2,0.0928
0000013591_1007.jpg,24,0.1008
0000010098_1259.jpg,11,0.1259
0000028507_842.jpg,38,0.0842
000007012_1008.jpg,39,0.1009
0000029619_893.jpg,29,0.0894
000006683_1427.jpg,2,0.1427
0000029396_1517.jpg,2,0.1518
0000010517_1055.jpg,44,0.1055
0000028088_855.jpg,2,0.0856
0000043_1221.jpg,2,0.1222
000003923_845.jpg,2,0.0845
0000013778_814.jpg,2,0.0814
000001852_828.jpg,11,0.0829
0000010271_822.jpg,39,0.0823
000001846_1035.jpg,2,0.1036
0000010265_1728.jpg,2,0.1728
0000012472_944.jpg,38,0.0944
0000014003_1001.jpg,11,0.1002
0000057_1063.jpg,2,0.1063
00000668_1016.jpg,7,0.1016
000008862_832.jpg,39,0.0832
000007589_1110.jpg,5,0.1110
0000015453_896.jpg,13,0.0897
0000019269_934.jpg,39,0.0935
0000027387_1634.jpg,35,0.1635
00000898_1020.jpg,11,0.1020
0000026927_952.jpg,39,0.0953
0000021090_1052.jpg,44,0.1053
0000015335_892.jpg,5,0.0893
000004902_1528.jpg,2,0.1529
0000033480_1071.jpg,34,0.1071
0000030189_1271.jpg,8,0.1271
0000010259_849.jpg,38,0.0849
0000031297_810.jpg,39,0.0810
0000012328_1051.jpg,13,0.1052
0000015447_1213.jpg,2,0.1214
0000080_1128.jpg,5,0.1128
0000032013_1042.jpg,8,0.1043
000002426_1222.jpg,5,0.1222
0000022200_803.jpg,11,0.0803
0000020417_1178.jpg,39,0.1178
0000019296_887.jpg,35,0.0887
000006640_993.jpg,34,0.0994
0000020371_892.jpg,44,0.0892
000004731_908.jpg,13,0.0909
000002340_1447.jpg,2,0.1447
0000025209_1083.jpg,2,0.1084
0000013977_986.jpg,39,0.0987
0000029427_971.jpg,2,0.0971
000009201_878.jpg,44,0.0879
0000020365_1578.jpg,13,0.1579
00000873_940.jpg,5,0.0940
000008679_1229.jpg,41,0.1229
0000032007_1365.jpg,39,0.1366
0000033319_935.jpg,5,0.0935
0000024665_1068.jpg,2,0.1068
00000683_1095.jpg,2,0.1095
0000024895_1354.jpg,5,0.1355
0000023122_1063.jpg,38,0.1063
000003704_1190.jpg,2,0.1190
0000013787_1103.jpg,41,0.1103
0000023644_830.jpg,41,0.0830
000005413_830.jpg,2,0.0831
0000025235_817.jpg,43,0.0818
0000021053_1072.jpg,39,0.1073
0000028711_929.jpg,46,0.0929
0000031254_835.jpg,39,0.0836
000001661_1288.jpg,39,0.1289
0000026728_900.jpg,39,0.0900
0000027436_865.jpg,32,0.0866
0000025221_946.jpg,3,0.0946
0000023888_883.jpg,11,0.0884
0000014942_855.jpg,8,0.0856
0000023136_1361.jpg,20,0.1362
000003710_996.jpg,2,0.0996
0000027350_883.jpg,29,0.0884
00000697_916.jpg,2,0.0917
0000010463_845.jpg,39,0.0846
0000021866_1018.jpg,39,0.1019
000001098_1311.jpg,2,0.1312
0000016012_1331.jpg,35,0.1331
000003857_921.jpg,39,0.0922
0000014163_1044.jpg,26,0.1045
0000010305_2016.jpg,2,0.2016
0000019453_910.jpg,14,0.0911
0000016760_866.jpg,35,0.0867
0000018995_1065.jpg,5,0.1065
0000015269_890.jpg,39,0.0890
000002585_847.jpg,5,0.0848
0000012260_892.jpg,44,0.0893
0000017318_1068.jpg,29,0.1069
0000010477_1049.jpg,5,0.1049
0000021872_1010.jpg,2,0.1010
0000011769_934.jpg,2,0.0934
000008916_1290.jpg,18,0.1291
0000033286_1523.jpg,39,0.1523
0000023095_819.jpg,39,0.0819
0000031491_1128.jpg,39,0.1129
00000734_1016.jpg,2,0.1016
0000021682_960.jpg,5,0.0960
0000016748_1000.jpg,29,0.1001
0000010339_919.jpg,39,0.0920
0000017456_1145.jpg,43,0.1145
0000013630_1357.jpg,9,0.1358
0000025382_869.jpg,9,0.0869
0000032832_1113.jpg,39,0.1114
0000016984_830.jpg,35,0.0830
0000027581_1003.jpg,5,0.1003
000008094_811.jpg,44,0.0812
0000018771_1040.jpg,38,0.1041
0000020588_919.jpg,2,0.0919
0000019309_862.jpg,41,0.0862
000003894_1218.jpg,5,0.1219
000002552_1483.jpg,13,0.1483
0000032167_912.jpg,5,0.0913
0000028659_1013.jpg,44,0.1013
000009361_1155.jpg,2,0.1155
0000013817_881.jpg,35,0.0882
000004645_890.jpg,2,0.0890
000004889_1325.jpg,2,0.1326
0000023718_1809.jpg,2,0.1810
000004651_854.jpg,5,0.0854
0000030002_896.jpg,35,0.0897
000007358_1091.jpg,2,0.1092
0000019490_1031.jpg,39,0.1032
0000018956_1058.jpg,39,0.1059
0000026660_1333.jpg,43,0.1334
0000026106_1414.jpg,2,0.1415
0000029235_990.jpg,44,0.0991
000006720_1236.jpg,39,0.1237
0000021669_875.jpg,39,0.0876
0000011972_1096.jpg,2,0.1096
0000022360_1161.jpg,44,0.1161
0000031452_918.jpg,5,0.0919
0000021641_913.jpg,2,0.0913
0000028103_878.jpg,2,0.0878
0000021899_883.jpg,34,0.0883
0000024739_1535.jpg,2,0.1535
000005567_858.jpg,29,0.0858
000003116_855.jpg,35,0.0855
0000016953_811.jpg,46,0.0811
0000028665_1393.jpg,35,0.1394
0000026890_1091.jpg,39,0.1092
000007370_1133.jpg,2,0.1134
0000031334_842.jpg,43,0.0843
0000028671_1164.jpg,43,0.1165
0000027542_855.jpg,44,0.0856
0000017481_1115.jpg,2,0.1116
000008057_818.jpg,2,0.0819
000007364_1411.jpg,29,0.1412
0000021133_1081.jpg,9,0.1082
000001715_898.jpg,2,0.0898
0000023724_980.jpg,2,0.0980
000003102_990.jpg,39,0.0990
000003664_1464.jpg,39,0.1464
0000023042_985.jpg,39,0.0985
0000027224_848.jpg,14,0.0848
0000017668_854.jpg,39,0.0854
0000012710_846.jpg,5,0.0846
0000015719_1118.jpg,9,0.1119
000007833_1505.jpg,2,0.1505
000003499_1090.jpg,2,0.1091
000005956_896.jpg,39,0.0897
0000014375_883.jpg,11,0.0883
0000010113_1083.jpg,2,0.1083
0000029792_819.jpg,5,0.0820
0000016562_1035.jpg,39,0.1035
0000019651_876.jpg,13,0.0877
0000015043_1006.jpg,35,0.1006
0000022837_827.jpg,5,0.0827
0000013432_916.jpg,2,0.0917
00000250_1080.jpg,2,0.1081
00000536_826.jpg,41,0.0827
000009822_942.jpg,2,0.0942
000002977_856.jpg,11,0.0856
0000023283_874.jpg,39,0.0875
000002963_987.jpg,2,0.0987
0000016238_1357.jpg,44,0.1358
00000522_932.jpg,13,0.0932
0000031687_1166.jpg,44,0.1167
0000017126_973.jpg,36,0.0974
0000018573_914.jpg,44,0.0915
0000029976_876.jpg,39,0.0877
000008296_886.jpg,2,0.0886
000009188_931.jpg,11,0.0931
0000025194_810.jpg,14,0.0810
0000022823_1204.jpg,5,0.1205
0000014349_835.jpg,42,0.0835
0000034072_1016.jpg,41,0.1016
0000032403_1359.jpg,36,0.1359
0000017873_919.jpg,39,0.0920
0000020007_1510.jpg,44,0.1511
0000027768_858.jpg,39,0.0859
000007628_988.jpg,2,0.0988
0000032365_837.jpg,2,0.0838
000002988_925.jpg,39,0.0926
000002744_866.jpg,13,0.0866
0000030566_1170.jpg,5,0.1171
0000020775_1160.jpg,39,0.1160
0000029037_1162.jpg,5,0.1162
0000026304_814.jpg,39,0.0815
0000019692_961.jpg,2,0.0962
000008269_1684.jpg,35,0.1684
000005995_2788.jpg,2,0.2788
000001503_883.jpg,41,0.0883
0000031136_964.jpg,5,0.0964
000007172_1436.jpg,2,0.1436
0000027754_1416.jpg,39,0.1416
0000033721_812.jpg,5,0.0813
0000015080_977.jpg,13,0.0977
000005765_953.jpg,39,0.0953
0000023254_903.jpg,12,0.0904
0000027032_836.jpg,2,0.0836
000001265_957.jpg,38,0.0957
0000020985_1121.jpg,39,0.1122
0000027026_1022.jpg,7,0.1022
0000021457_1307.jpg,42,0.1307
0000026338_1008.jpg,2,0.1008
0000011594_953.jpg,2,0.0954
000001271_823.jpg,2,0.0824
000002778_1211.jpg,2,0.1211
0000025631_905.jpg,9,0.0906
000004309_1313.jpg,2,0.1314
000003466_1623.jpg,2,0.1623
000003300_1227.jpg,39,0.1228
0000024249_1060.jpg,24,0.1060
0000022638_1116.jpg,38,0.1117
0000015094_1305.jpg,39,0.1305
0000031122_1000.jpg,8,0.1000
0000027998_822.jpg,43,0.0822
0000017683_1054.jpg,39,0.1055
0000027740_841.jpg,9,0.0842
0000028473_914.jpg,39,0.0914
0000033052_859.jpg,2,0.0859
000004308_952.jpg,2,0.0952
000005016_1118.jpg,39,0.1119
0000025630_1060.jpg,28,0.1061
000002779_835.jpg,5,0.0835
0000026339_1209.jpg,39,0.1210
0000021456_928.jpg,44,0.0929
0000027741_1082.jpg,44,0.1082
0000021330_1155.jpg,44,0.1156
0000027999_1948.jpg,2,0.1949
0000025156_997.jpg,34,0.0998
000005770_4562.jpg,2,0.4563
0000015095_1171.jpg,2,0.1171
0000012936_898.jpg,2,0.0898
0000027755_1820.jpg,39,0.1821
0000021324_1162.jpg,13,0.1163
0000029778_1091.jpg,9,0.1092
0000031137_935.jpg,2,0.0935
00000292_1527.jpg,2,0.1528
000008526_1130.jpg,29,0.1131
000007615_1083.jpg,2,0.1084
0000028300_920.jpg,44,0.0920
000005002_843.jpg,9,0.0844
0000032358_1192.jpg,5,0.1192
000009610_899.jpg,17,0.0899
000004334_1331.jpg,35,0.1331
0000022163_1007.jpg,5,0.1008
0000032370_840.jpg,29,0.0840
0000020012_1036.jpg,39,0.1036
0000029988_861.jpg,17,0.0862
0000017866_868.jpg,39,0.0868
000006251_836.jpg,46,0.0836
0000032402_956.jpg,44,0.0957
0000022611_905.jpg,43,0.0906
000003329_807.jpg,29,0.0807
0000024506_960.jpg,42,0.0960
000002751_1084.jpg,11,0.1084
0000025618_884.jpg,44,0.0885
000006537_977.jpg,5,0.0978
0000030573_1040.jpg,39,0.1040
0000018214_914.jpg,2,0.0915
0000010648_826.jpg,9,0.0826
0000010890_1587.jpg,44,0.1588
0000015730_1660.jpg,2,0.1661
0000023282_931.jpg,9,0.0932
0000034098_1136.jpg,11,0.1136
0000022822_817.jpg,29,0.0818
0000011230_1031.jpg,2,0.1031
0000019678_1131.jpg,8,0.1132
00000251_1630.jpg,2,0.1631
0000011224_1285.jpg,38,0.1286
0000029963_1092.jpg,39,0.1092
0000013433_1033.jpg,4,0.1034
0000022188_805.jpg,17,0.0805
00000537_847.jpg,2,0.0848
0000021481_1086.jpg,2,0.1087
0000010884_1121.jpg,34,0.1121
000002786_953.jpg,39,0.0954
0000010674_851.jpg,15,0.0852
000007826_1393.jpg,2,0.1394
0000019136_964.jpg,9,0.0964
0000016205_1732.jpg,35,0.1733
0000019650_912.jpg,9,0.0913
00000279_1354.jpg,2,0.1354
0000010112_862.jpg,2,0.0863
0000014374_1103.jpg,41,0.1104
000005957_1127.jpg,5,0.1127
0000012705_876.jpg,43,0.0877
000004485_1212.jpg,2,0.1212
000005943_2081.jpg,2,0.2081
0000029787_1035.jpg,39,0.1035
0000031876_1030.jpg,44,0.1030
0000016211_877.jpg,35,0.0877
0000015718_1078.jpg,2,0.1079
0000013369_1005.jpg,11,0.1006
0000025803_964.jpg,2,0.0964
000003103_1328.jpg,42,0.1328
0000023725_857.jpg,43,0.0858
0000014189_871.jpg,39,0.0871
0000031321_833.jpg,13,0.0834
0000026885_1223.jpg,44,0.1224
000008730_824.jpg,5,0.0825
000001072_1217.jpg,2,0.1217
000003665_935.jpg,29,0.0935
0000013180_809.jpg,9,0.0809
0000022349_971.jpg,5,0.0972
000005200_930.jpg,2,0.0931
000008724_956.jpg,39,0.0957
000006709_1179.jpg,13,0.1179
0000030995_827.jpg,39,0.0828
0000021640_1941.jpg,39,0.1941
000008042_842.jpg,9,0.0842
0000027557_1670.jpg,11,0.1671
0000023731_980.jpg,2,0.0980
0000026661_993.jpg,2,0.0993
0000025368_903.jpg,43,0.0903
000005228_810.jpg,2,0.0811
000004136_1038.jpg,39,0.1038
000003659_1090.jpg,2,0.1091
0000020576_851.jpg,39,0.0851
000006721_815.jpg,44,0.0816
0000026107_801.jpg,41,0.0801
0000026113_1130.jpg,2,0.1130
0000032166_941.jpg,2,0.0942
0000022375_1762.jpg,35,0.1762
000004122_1851.jpg,2,0.1852
0000024704_891.jpg,12,0.0892
0000026675_1904.jpg,2,0.1905
0000028880_810.jpg,40,0.0810
000009360_1248.jpg,2,0.1248
0000028658_918.jpg,6,0.0919
0000030017_945.jpg,39,0.0945
0000018770_1028.jpg,41,0.1028
0000013625_911.jpg,2,0.0912
0000023080_823.jpg,39,0.0823
0000024937_1095.jpg,39,0.1095
0000020589_951.jpg,44,0.0951
0000021683_928.jpg,29,0.0928
0000031490_958.jpg,39,0.0959
0000023094_803.jpg,44,0.0804
0000015240_825.jpg,11,0.0826
0000032827_983.jpg,16,0.0983
0000018764_1401.jpg,35,0.1402
0000017457_915.jpg,5,0.0915
0000027594_1003.jpg,5,0.1003
0000016991_824.jpg,39,0.0825
0000023902_998.jpg,39,0.0999
0000018994_933.jpg,35,0.0934
000002590_1078.jpg,9,0.1078
0000021867_879.jpg,7,0.0880
0000010304_914.jpg,2,0.0914
0000016775_997.jpg,39,0.0997
0000028843_925.jpg,43,0.0925
0000019446_867.jpg,9,0.0868
0000033442_1015.jpg,44,0.1016
0000013792_801.jpg,36,0.0801
0000020358_1051.jpg,2,0.1051
0000026729_821.jpg,39,0.0822
000001660_825.jpg,14,0.0825
00000696_963.jpg,13,0.0963
000007577_1176.jpg,2,0.1177
0000028062_1352.jpg,2,0.1353
0000024658_845.jpg,13,0.0846
000005360_1107.jpg,35,0.1108
0000024894_3122.jpg,2,0.3123
000008650_1620.jpg,2,0.1620
0000016826_833.jpg,7,0.0833
0000021052_1035.jpg,39,0.1035
000001674_1141.jpg,5,0.1141
0000031241_938.jpg,44,0.0938
000005412_876.jpg,5,0.0876
0000032990_966.jpg,39,0.0966
0000028738_803.jpg,5,0.0803
000001884_1152.jpg,35,0.1152
0000029426_812.jpg,8,0.0812
0000024664_843.jpg,2,0.0844
0000033318_935.jpg,5,0.0935
0000022215_1202.jpg,2,0.1202
0000020402_2052.jpg,39,0.2052
000008678_1105.jpg,38,0.1106
0000011807_1477.jpg,35,0.1478
00000872_963.jpg,35,0.0964
0000020416_1038.jpg,7,0.1039
00000866_1372.jpg,39,0.1373
000006899_812.jpg,9,0.0813
000005348_1954.jpg,2,0.1954
000002427_1946.jpg,1,0.1946
0000032774_858.jpg,5,0.0859
0000022567_1407.jpg,39,0.1407
000001648_852.jpg,42,0.0853
00000133_884.jpg,44,0.0884
0000015320_986.jpg,44,0.0986
0000015446_884.jpg,38,0.0884
0000017251_1007.jpg,5,0.1008
000006872_813.jpg,39,0.0814
0000011620_1201.jpg,26,0.1201
00000655_893.jpg,5,0.0893
0000011634_817.jpg,5,0.0818
00000641_845.jpg,11,0.0846
0000030822_817.jpg,39,0.0818
0000015452_926.jpg,5,0.0927
0000014994_979.jpg,11,0.0980
0000013023_839.jpg,39,0.0839
0000022598_1062.jpg,41,0.1062
0000021091_830.jpg,44,0.0830
0000014002_847.jpg,11,0.0847
0000010264_818.jpg,39,0.0818
0000021907_853.jpg,35,0.0854
0000010502_1501.jpg,5,0.1502
0000029383_962.jpg,34,0.0963
00000669_921.jpg,39,0.0921
0000019240_841.jpg,36,0.0842
0000012315_1013.jpg,9,0.1013
000004081_1006.jpg,5,0.1006
0000014764_809.jpg,5,0.0809
000003922_919.jpg,5,0.0920
0000010516_1078.jpg,5,0.1079
0000011608_1145.jpg,5,0.1146
000006682_1563.jpg,11,0.1564
0000010270_988.jpg,35,0.0988
0000027153_1101.jpg,39,0.1101
0000017090_1580.jpg,2,0.1581
000008446_986.jpg,4,0.0987
000001304_979.jpg,11,0.0980
0000029618_801.jpg,46,0.0802
000001462_844.jpg,5,0.0845
0000021244_807.jpg,26,0.0808
000007013_853.jpg,39,0.0854
0000028506_1197.jpg,39,0.1197
0000027635_1218.jpg,2,0.1218
000003275_835.jpg,2,0.0835
0000022995_812.jpg,39,0.0813
000005604_822.jpg,35,0.0823
0000024328_846.jpg,36,0.0846
000005610_1243.jpg,2,0.1243
0000025036_1063.jpg,38,0.1064
0000031043_843.jpg,17,0.0844
000001476_1584.jpg,38,0.1585
0000011393_800.jpg,27,0.0800
0000021250_950.jpg,17,0.0951
000006319_862.jpg,42,0.0863
000008334_2805.jpg,2,0.2805
0000028512_864.jpg,35,0.0865
000009994_954.jpg,39,0.0954
0000020628_1030.jpg,39,0.1030
0000031725_915.jpg,35,0.0916
000002619_974.jpg,39,0.0975
000005176_973.jpg,2,0.0974
000003249_4105.jpg,2,0.4106
0000022771_889.jpg,39,0.0890
000005638_2358.jpg,2,0.2359
0000026517_903.jpg,44,0.0904
0000017906_820.jpg,34,0.0820
0000029630_998.jpg,9,0.0998
0000022003_1039.jpg,34,0.1040
000004254_969.jpg,2,0.0970
0000020614_865.jpg,11,0.0866
000006443_1259.jpg,5,0.1259
0000019095_829.jpg,39,0.0829
000009770_1265.jpg,29,0.1266
0000026265_868.jpg,2,0.0869
000007985_896.jpg,39,0.0896
0000031719_1176.jpg,41,0.1176
000008485_915.jpg,9,0.0916
0000023490_905.jpg,44,0.0905
0000029803_944.jpg,35,0.0944
0000018406_1036.jpg,2,0.1036
00000331_836.jpg,5,0.0837
0000021287_871.jpg,35,0.0872
0000019718_809.jpg,8,0.0809
0000017721_1175.jpg,2,0.1175
0000011350_1538.jpg,11,0.1538
0000033697_1071.jpg,9,0.1072
0000015650_833.jpg,9,0.0834
0000027184_988.jpg,39,0.0988
000008491_1313.jpg,2,0.1313
000004283_1011.jpg,2,0.1012
0000013209_1039.jpg,43,0.1039
0000015678_1576.jpg,2,0.1576
000007952_960.jpg,35,0.0960
0000029181_852.jpg,34,0.0853
0000027812_805.jpg,42,0.0806
0000016417_825.jpg,39,0.0825
0000012671_828.jpg,9,0.0829
0000014214_949.jpg,9,0.0950
0000010072_870.jpg,41,0.0871
00000319_813.jpg,44,0.0814
0000019730_1630.jpg,44,0.1631
0000016403_830.jpg,2,0.0830
0000019056_1202.jpg,2,0.1202
000006480_807.jpg,12,0.0808
0000016365_1123.jpg,11,0.1123
000007946_1094.jpg,35,0.1094
0000031902_1671.jpg,9,0.1672
000004297_1382.jpg,5,0.1382
0000012103_1118.jpg,2,0.1118
0000014202_1202.jpg,13,0.1203
000003288_988.jpg,5,0.0989
000002196_820.jpg,9,0.0820
0000012673_1418.jpg,35,0.1418
0000027810_1015.jpg,39,0.1016
0000010702_1360.jpg,13,0.1360
000007950_880.jpg,18,0.0880
0000020819_905.jpg,36,0.0905
000006496_1117.jpg,13,0.1117
0000014564_1478.jpg,39,0.1478
0000025961_810.jpg,44,0.0810
000004281_931.jpg,39,0.0931
0000012101_1165.jpg,2,0.1165
000004295_1259.jpg,38,0.1260
0000017079_925.jpg,34,0.0926
0000010716_942.jpg,39,0.0942
000009969_963.jpg,44,0.0963
000007944_1491.jpg,2,0.1491
000006482_1199.jpg,39,0.1199
0000019054_1027.jpg,46,0.1028
000005835_827.jpg,44,0.0827
0000012667_1088.jpg,26,0.1089
0000033871_860.jpg,39,0.0860
0000031096_842.jpg,13,0.0842
00000333_1953.jpg,18,0.1953
0000030388_849.jpg,39,0.0850
0000017737_992.jpg,35,0.0992
0000012897_855.jpg,2,0.0856
0000013551_918.jpg,39,0.0918
0000015646_934.jpg,35,0.0934
000008487_908.jpg,5,0.0908
0000031928_885.jpg,8,0.0885
000007978_1930.jpg,2,0.1931
0000013223_817.jpg,35,0.0818
000002800_826.jpg,1,0.0826
0000011352_1228.jpg,2,0.1228
0000020164_884.jpg,43,0.0884
0000012868_862.jpg,44,0.0863
0000033118_978.jpg,5,0.0979
0000022015_1025.jpg,13,0.1025
000002633_1090.jpg,5,0.1090
0000029140_1049.jpg,5,0.1050
0000010919_1195.jpg,5,0.1196
000009772_1054.jpg,44,0.1055
0000024470_1364.jpg,39,0.1364
000004256_1273.jpg,8,0.1274
000005148_869.jpg,8,0.0869
0000032574_902.jpg,5,0.0903
000002141_936.jpg,2,0.0937
0000022767_879.jpg,2,0.0880
0000023479_1026.jpg,34,0.1026
000006327_801.jpg,43,0.0802
0000029632_2067.jpg,8,0.2068
000001448_840.jpg,39,0.0841
0000017904_830.jpg,39,0.0831
0000025020_832.jpg,42,0.0833
000005606_1435.jpg,2,0.1436
000004518_816.jpg,39,0.0817
0000012854_994.jpg,44,0.0994
0000033642_1011.jpg,41,0.1011
0000021246_850.jpg,9,0.0850
000006469_1030.jpg,44,0.1031
0000010925_804.jpg,39,0.0804
000008444_913.jpg,39,0.0913
000003511_806.jpg,44,0.0807
0000015849_858.jpg,39,0.0858
0000023323_857.jpg,5,0.0857
000005174_1012.jpg,11,0.1013
0000015691_1010.jpg,2,0.1011
0000025752_841.jpg,4,0.0841
0000030439_875.jpg,13,0.0875
0000028276_1461.jpg,44,0.1461
0000028510_1279.jpg,2,0.1280
000001474_872.jpg,38,0.0873
0000025034_845.jpg,2,0.0845
0000013586_1220.jpg,2,0.1220
000004083_848.jpg,5,0.0848
0000013009_811.jpg,44,0.0811
0000012317_832.jpg,35,0.0832
000003934_816.jpg,26,0.0816
0000019242_1105.jpg,41,0.1106
0000010500_990.jpg,44,0.0991
000001845_846.jpg,2,0.0847
0000017509_1128.jpg,38,0.1128
0000010266_867.jpg,35,0.0867
0000012471_845.jpg,38,0.0846
0000014000_813.jpg,12,0.0814
000001851_1034.jpg,2,0.1034
0000016603_879.jpg,36,0.0880
000008875_838.jpg,5,0.0838
0000021911_842.jpg,44,0.0843
000006858_834.jpg,39,0.0834
0000018148_1095.jpg,39,0.1096
0000012303_1111.jpg,18,0.1111
0000027390_1000.jpg,39,0.1000
0000018160_814.jpg,35,0.0815
000008685_1096.jpg,9,0.1096
0000024699_807.jpg,8,0.0807
0000024841_811.jpg,35,0.0812
0000033483_978.jpg,9,0.0978
0000020399_1053.jpg,34,0.1053
0000031294_802.jpg,39,0.0802
0000017521_903.jpg,46,0.0903
0000021093_920.jpg,2,0.0920
0000015336_852.jpg,2,0.0853
0000012459_943.jpg,5,0.0944
0000013021_1247.jpg,35,0.1248
0000014996_931.jpg,5,0.0931
0000025593_853.jpg,9,0.0853
0000024855_1280.jpg,5,0.1281
0000030820_864.jpg,12,0.0865
0000027384_1259.jpg,2,0.1260
0000020400_1248.jpg,39,0.1249
000006657_960.jpg,39,0.0961
000004040_921.jpg,2,0.0922
0000024666_1177.jpg,2,0.1178
000003049_1056.jpg,39,0.1057
000004726_1315.jpg,2,0.1315
0000022571_855.jpg,39,0.0856
000009202_2203.jpg,2,0.2204
0000027409_864.jpg,46,0.0865
0000029430_2117.jpg,5,0.2117
0000018835_1102.jpg,39,0.1102
000008108_867.jpg,44,0.0867
0000033468_935.jpg,16,0.0935
000004732_966.jpg,39,0.0966
0000013960_1191.jpg,39,0.1191
0000022565_917.jpg,11,0.0918
0000014969_862.jpg,2,0.0862
0000011811_995.jpg,9,0.0995
0000014941_1083.jpg,5,0.1083
0000023135_931.jpg,2,0.0932
000003713_1294.jpg,8,0.1294
000001104_863.jpg,39,0.0863
0000031531_1120.jpg,39,0.1120
000007213_1264.jpg,5,0.1265
0000027435_1153.jpg,41,0.1154
0000030149_1017.jpg,43,0.1017
0000028706_828.jpg,8,0.0828
000003075_807.jpg,5,0.0808
0000032986_1219.jpg,39,0.1219
0000025222_1266.jpg,39,0.1267
0000023647_817.jpg,9,0.0817
0000032992_808.jpg,9,0.0808
0000022559_1066.jpg,11,0.1066
000006119_806.jpg,39,0.0807
0000028074_857.jpg,39,0.0858
000007561_808.jpg,42,0.0809
0000017284_884.jpg,39,0.0885
0000031525_889.jpg,41,0.0890
000001110_1204.jpg,24,0.1205
0000015493_1110.jpg,39,0.1110
000005376_863.jpg,2,0.0863
0000033332_967.jpg,5,0.0968
000003707_1061.jpg,39,0.1061
0000024909_889.jpg,39,0.0889
000003840_1349.jpg,2,0.1350
0000012263_839.jpg,2,0.0839
000002586_1702.jpg,35,0.1702
000003698_974.jpg,8,0.0974
0000018028_934.jpg,35,0.0935
0000010474_1263.jpg,29,0.1264
000006938_1441.jpg,2,0.1441
0000028855_1027.jpg,39,0.1028
0000018996_829.jpg,5,0.0829
0000012505_3411.jpg,2,0.3411
0000023900_1695.jpg,26,0.1696
0000023914_1273.jpg,36,0.1273
0000019444_843.jpg,35,0.0844
0000018982_885.jpg,5,0.0885
0000010306_821.jpg,2,0.0822
0000021865_849.jpg,5,0.0849
0000015518_906.jpg,10,0.0906
0000014606_976.jpg,39,0.0976
00000723_1736.jpg,35,0.1736
000008929_815.jpg,43,0.0816
0000021695_1042.jpg,39,0.1042
0000024935_1005.jpg,5,0.1006
0000033291_896.jpg,34,0.0896
0000013627_1114.jpg,38,0.1115
000004875_1251.jpg,39,0.1252
0000015256_947.jpg,35,0.0948
000009389_900.jpg,44,0.0901
0000028869_842.jpg,18,0.0842
0000011030_1296.jpg,11,0.1296
0000018772_847.jpg,35,0.0847
0000016993_1104.jpg,39,0.1104
0000026850_851.jpg,39,0.0851
000008083_1162.jpg,2,0.1162
000001919_901.jpg,11,0.0902
0000032825_806.jpg,9,0.0807
0000025381_978.jpg,5,0.0979
0000015242_997.jpg,44,0.0997
0000024921_919.jpg,2,0.0919
0000033285_933.jpg,8,0.0934
0000018000_970.jpg,39,0.0971
0000031492_1121.jpg,2,0.1122
0000021681_1064.jpg,39,0.1065
0000031479_983.jpg,26,0.0984
000004134_1190.jpg,11,0.1190
0000022363_1016.jpg,35,0.1017
0000024074_972.jpg,2,0.0973
0000020212_943.jpg,9,0.0943
0000019493_825.jpg,2,0.0826
0000026663_879.jpg,35,0.0880
0000019487_887.jpg,46,0.0888
000006051_865.jpg,39,0.0866
000002237_863.jpg,11,0.0863
0000023069_1016.jpg,34,0.1017
000003897_835.jpg,2,0.0835
000002551_848.jpg,1,0.0849
0000029222_1479.jpg,2,0.1480
000009404_1195.jpg,43,0.1195
000006737_815.jpg,2,0.0815
0000011965_814.jpg,5,0.0814
0000030773_1156.jpg,39,0.1156
000003667_1061.jpg,13,0.1061
0000013182_905.jpg,35,0.0905
000005216_1718.jpg,38,0.1719
0000031445_1030.jpg,2,0.1030
0000021656_3109.jpg,2,0.3110
000007401_897.jpg,39,0.0898
00000938_1009.jpg,2,0.1009
000008732_1208.jpg,44,0.1209
0000027541_1537.jpg,24,0.1537
0000026887_828.jpg,34,0.0829
0000025356_1069.jpg,39,0.1070
0000015295_1124.jpg,29,0.1124
000005570_868.jpg,44,0.0869
0000023727_1178.jpg,44,0.1179
000005564_937.jpg,8,0.0937
0000023733_838.jpg,39,0.0839
000003115_1163.jpg,2,0.1164
0000030029_854.jpg,4,0.0855
0000028666_933.jpg,39,0.0934
0000026893_1116.jpg,2,0.1116
0000028100_862.jpg,39,0.0863
000003673_930.jpg,35,0.0930
0000013196_1131.jpg,39,0.1132
0000023055_956.jpg,2,0.0957
0000015068_1539.jpg,2,0.1540
0000012707_816.jpg,16,0.0816
000006284_930.jpg,9,0.0930
0000027964_835.jpg,2,0.0836
0000011568_1281.jpg,44,0.1281
000002784_1110.jpg,2,0.1110
0000019120_1493.jpg,2,0.1494
00000509_1167.jpg,35,0.1168
0000020979_957.jpg,39,0.0958
0000019646_840.jpg,24,0.0840
0000033905_850.jpg,39,0.0850
0000014362_979.jpg,2,0.0980
000008295_1092.jpg,2,0.1092
0000029975_946.jpg,17,0.0946
0000015054_890.jpg,9,0.0891
0000025829_1193.jpg,39,0.1193
000002960_860.jpg,5,0.0860
0000021497_907.jpg,26,0.0908
0000020789_1019.jpg,35,0.1019
000009821_1916.jpg,39,0.1916
0000018202_1033.jpg,5,0.1034
000002974_940.jpg,39,0.0940
0000013431_1443.jpg,2,0.1443
0000026461_1117.jpg,39,0.1117
000006247_1073.jpg,39,0.1074
0000019849_810.jpg,39,0.0810
000004450_1330.jpg,39,0.1331
000002021_858.jpg,2,0.0859
000002747_812.jpg,39,0.0813
000004336_1170.jpg,13,0.1171
000003459_900.jpg,11,0.0901
0000015915_816.jpg,39,0.0816
0000027019_1056.jpg,2,0.1056
0000030571_830.jpg,38,0.0830
000008518_819.jpg,11,0.0819
0000010879_809.jpg,11,0.0810
000009606_807.jpg,39,0.0808
000005982_1381.jpg,2,0.1382
0000029746_908.jpg,2,0.0909
000006253_973.jpg,5,0.0973
0000019685_836.jpg,2,0.0836
0000020004_1334.jpg,34,0.1334
000003303_832.jpg,39,0.0833
0000023525_1172.jpg,36,0.1172
0000014389_1362.jpg,35,0.1363
0000032428_1576.jpg,2,0.1577
0000028470_857.jpg,13,0.0857
0000030559_910.jpg,39,0.0911
000007603_970.jpg,39,0.0971
000001272_1200.jpg,2,0.1201
0000020992_1464.jpg,2,0.1465
0000025626_964.jpg,5,0.0964
0000023257_933.jpg,24,0.0934
000003471_850.jpg,13,0.0851
0000028302_1055.jpg,23,0.1056
0000027031_822.jpg,9,0.0823
000007617_848.jpg,2,0.0849
000006509_1056.jpg,9,0.1057
0000011583_827.jpg,9,0.0827
000001500_1073.jpg,2,0.1073
0000020038_932.jpg,2,0.0933
000007171_2393.jpg,2,0.2394
0000033722_1102.jpg,41,0.1102
000004478_897.jpg,13,0.0898
0000010844_839.jpg,24,0.0839
000007616_1083.jpg,2,0.1084
0000028303_1185.jpg,44,0.1185
000005001_990.jpg,5,0.0991
000002008_891.jpg,39,0.0891
000005767_875.jpg,18,0.0876
0000023530_873.jpg,39,0.0873
000003316_1104.jpg,35,0.1104
0000028465_1037.jpg,40,0.1037
000008243_903.jpg,4,0.0903
0000031134_813.jpg,39,0.0813
000001515_922.jpg,38,0.0922
0000023524_1027.jpg,44,0.1028
0000013381_1038.jpg,26,0.1038
0000011596_878.jpg,39,0.0878
0000028317_1191.jpg,35,0.1192
0000024505_1052.jpg,9,0.1052
0000022174_1351.jpg,44,0.1352
0000026312_1297.jpg,44,0.1297
0000010878_847.jpg,2,0.0847
000008519_1113.jpg,2,0.1114
000006252_1386.jpg,2,0.1386
000002034_911.jpg,13,0.0911
0000032401_991.jpg,35,0.0992
0000012909_1259.jpg,44,0.1259
0000032415_880.jpg,13,0.0880
0000023518_1339.jpg,39,0.1339
0000024277_977.jpg,44,0.0978
000006246_941.jpg,39,0.0941
0000029035_922.jpg,2,0.0922
0000020777_927.jpg,35,0.0927
0000015914_1045.jpg,39,0.1045
000003458_1361.jpg,2,0.1361
0000017130_833.jpg,11,0.0833
00000252_882.jpg,39,0.0882
0000010139_826.jpg,39,0.0826
0000017656_807.jpg,38,0.0808
0000022835_896.jpg,5,0.0897
0000033938_1588.jpg,39,0.1588
0000022821_1046.jpg,39,0.1047
000005968_890.jpg,34,0.0890
0000013424_983.jpg,2,0.0983
000008294_1319.jpg,2,0.1319
0000018217_808.jpg,9,0.0808
0000011555_877.jpg,2,0.0877
0000031685_928.jpg,13,0.0928
000002961_1325.jpg,18,0.1326
000001298_839.jpg,2,0.0839
000007831_820.jpg,11,0.0821
0000012074_1601.jpg,2,0.1601
000002791_889.jpg,39,0.0890
000004486_1017.jpg,5,0.1017
0000014363_969.jpg,9,0.0970
000005940_1536.jpg,2,0.1536
0000012712_1190.jpg,39,0.1190
0000019647_1023.jpg,6,0.1024
000006291_846.jpg,29,0.0847
0000018559_1160.jpg,2,0.1160
0000016560_989.jpg,44,0.0989
0000010111_863.jpg,34,0.0864
0000013418_1108.jpg,44,0.1108
000005954_866.jpg,11,0.0867
0000016206_969.jpg,29,0.0970
000001703_870.jpg,36,0.0870
0000017497_1077.jpg,8,0.1077
000008041_1022.jpg,14,0.1023
000007372_1637.jpg,35,0.1637
0000030028_815.jpg,2,0.0815
000003114_946.jpg,39,0.0947
0000023732_857.jpg,43,0.0858
000005565_1219.jpg,5,0.1219
0000013829_858.jpg,5,0.0858
0000015280_1037.jpg,2,0.1037
0000012289_840.jpg,39,0.0841
0000023054_1078.jpg,39,0.1079
000003672_1432.jpg,2,0.1432
000007414_923.jpg,39,0.0924
000009439_1140.jpg,5,0.1141
0000031450_960.jpg,2,0.0961
0000027226_975.jpg,5,0.0976
00000939_906.jpg,2,0.0907
000007400_1024.jpg,2,0.1024
000001071_1005.jpg,39,0.1006
0000026138_1212.jpg,39,0.1213
0000011794_959.jpg,2,0.0960
000004109_1218.jpg,5,0.1219
0000023040_1041.jpg,2,0.1041
000003666_858.jpg,46,0.0859
0000023726_838.jpg,39,0.0839
0000015294_929.jpg,5,0.0929
0000021131_938.jpg,34,0.0939
000006078_1045.jpg,39,0.1045
000003128_874.jpg,39,0.0875
000004647_819.jpg,31,0.0819
000002236_841.jpg,36,0.0841
000006050_1100.jpg,2,0.1101
0000020207_1017.jpg,9,0.1017
00000911_1413.jpg,2,0.1414
0000011964_851.jpg,9,0.0851
0000020561_936.jpg,2,0.0936
000009405_808.jpg,24,0.0809
0000022362_1762.jpg,35,0.1762
00000905_2118.jpg,2,0.2119
0000019492_964.jpg,39,0.0964
0000020213_826.jpg,39,0.0826
0000016979_851.jpg,9,0.0851
0000030000_967.jpg,39,0.0968
000004653_939.jpg,13,0.0939
0000022404_1210.jpg,29,0.1210
000004860_903.jpg,5,0.0904
000008082_1094.jpg,13,0.1094
000001918_993.jpg,2,0.0993
0000018767_1061.jpg,26,0.1062
0000016992_811.jpg,35,0.0811
0000011025_1448.jpg,13,0.1449
0000019479_952.jpg,5,0.0953
0000021680_838.jpg,17,0.0838
0000018001_1588.jpg,2,0.1588
0000013154_854.jpg,39,0.0854
0000024934_950.jpg,2,0.0951
000008928_1068.jpg,11,0.1069
0000011757_802.jpg,46,0.0802
0000018015_963.jpg,44,0.0964
0000017440_838.jpg,39,0.0839
0000011031_1010.jpg,9,0.1011
0000012538_1020.jpg,29,0.1020
000004874_1255.jpg,2,0.1255
0000013626_826.jpg,5,0.0827
0000032830_833.jpg,39,0.0834
0000014149_941.jpg,18,0.0941
0000010307_1294.jpg,5,0.1295
0000016776_1742.jpg,35,0.1743
0000032818_993.jpg,2,0.0994
000004684_893.jpg,2,0.0894
0000012276_839.jpg,2,0.0839
0000015519_1150.jpg,9,0.1151
0000019323_848.jpg,44,0.0849
000008900_844.jpg,38,0.0845
000008914_816.jpg,11,0.0816
000006939_1035.jpg,39,0.1036
0000014613_815.jpg,11,0.0816
000004848_834.jpg,2,0.0834
0000026879_1144.jpg,34,0.1144
0000018997_1132.jpg,34,0.1133
000005377_1040.jpg,5,0.1041
000002418_968.jpg,9,0.0969
0000026058_981.jpg,8,0.0982
00000681_845.jpg,39,0.0846
000007560_824.jpg,5,0.0825
0000028075_815.jpg,39,0.0815
0000031530_1128.jpg,9,0.1128
0000021723_965.jpg,2,0.0965
0000028061_849.jpg,13,0.0849
0000015486_879.jpg,14,0.0880
0000014940_1100.jpg,13,0.1100
0000025223_817.jpg,36,0.0818
000008121_928.jpg,39,0.0928
000007212_947.jpg,39,0.0947
000001663_844.jpg,44,0.0845
0000031256_884.jpg,39,0.0885
0000013961_1032.jpg,39,0.1033
0000016819_825.jpg,5,0.0826
000004055_838.jpg,39,0.0838
000002424_1185.jpg,39,0.1186
000002430_831.jpg,41,0.0832
000001139_904.jpg,39,0.0905
0000019280_974.jpg,35,0.0975
0000011804_1049.jpg,35,0.1050
000009203_1140.jpg,39,0.1140
0000029425_916.jpg,8,0.0916
0000032763_800.jpg,11,0.0801
0000022570_909.jpg,29,0.0910
000005439_912.jpg,2,0.0913
0000032950_819.jpg,39,0.0819
0000033496_802.jpg,2,0.0803
000004914_814.jpg,46,0.0814
0000021092_1079.jpg,44,0.1079
0000018613_839.jpg,35,0.0839
0000018175_1405.jpg,5,0.1406
0000027385_1647.jpg,5,0.1647
0000011637_1182.jpg,5,0.1183
0000016158_955.jpg,39,0.0956
0000015451_841.jpg,2,0.0842
0000025592_1181.jpg,39,0.1181
0000014997_822.jpg,39,0.0823
0000013020_1163.jpg,39,0.1163
0000014983_1045.jpg,39,0.1045
0000021938_2451.jpg,2,0.2451
0000011623_880.jpg,13,0.0881
0000013752_969.jpg,1,0.0969
0000023849_1084.jpg,11,0.1085
0000016602_868.jpg,36,0.0869
000001850_3166.jpg,2,0.3166
000004928_1129.jpg,2,0.1130
000003921_976.jpg,38,0.0976
0000012302_2031.jpg,18,0.2032
0000018149_1268.jpg,5,0.1269
000006681_872.jpg,41,0.0873
0000029380_952.jpg,36,0.0953
0000015479_852.jpg,17,0.0853
0000055_961.jpg,39,0.0961
0000014767_1175.jpg,2,0.1175
000004082_1102.jpg,5,0.1102
0000032978_1077.jpg,39,0.1078
0000019525_874.jpg,5,0.0874
0000028920_907.jpg,36,0.0907
0000017508_889.jpg,39,0.0890
000001844_1120.jpg,5,0.1121
000009997_1332.jpg,9,0.1332
000007762_933.jpg,44,0.0934
0000015848_1021.jpg,36,0.1022
0000022982_838.jpg,43,0.0838
0000034138_1104.jpg,34,0.1104
0000032549_915.jpg,39,0.0916
0000011390_1138.jpg,39,0.1139
0000031040_954.jpg,38,0.0954
0000028511_1073.jpg,42,0.1074
0000026528_944.jpg,5,0.0944
000001461_1692.jpg,2,0.1692
0000021247_847.jpg,8,0.0847
000007010_808.jpg,34,0.0808
0000013593_811.jpg,5,0.0812
000002168_1138.jpg,9,0.1139
000005161_868.jpg,15,0.0868
0000023336_943.jpg,44,0.0943
0000024459_956.jpg,2,0.0956
0000027150_1085.jpg,44,0.1085
0000028263_871.jpg,17,0.0871
000008445_883.jpg,44,0.0883
0000017093_1244.jpg,39,0.1244
000001307_1189.jpg,5,0.1189
000002626_1073.jpg,46,0.1074
0000027178_969.jpg,29,0.0969
0000029155_854.jpg,36,0.0855
000007986_1261.jpg,2,0.1261
000001449_840.jpg,39,0.0841
000006326_1247.jpg,11,0.1247
0000020171_929.jpg,39,0.0930
000007038_904.jpg,2,0.0904
0000030362_814.jpg,11,0.0815
000002140_1197.jpg,5,0.1198
000002154_803.jpg,2,0.0803
0000026514_845.jpg,9,0.0845
0000020603_1051.jpg,29,0.1051
0000022014_1194.jpg,24,0.1194
0000015860_857.jpg,44,0.0858
0000015653_834.jpg,35,0.0835
0000020830_933.jpg,5,0.0934
000009954_1198.jpg,39,0.1199
000008492_822.jpg,11,0.0822
0000011353_1011.jpg,2,0.1012
0000031083_860.jpg,36,0.0861
0000033694_1211.jpg,34,0.1212
0000023487_830.jpg,27,0.0831
0000012882_802.jpg,3,0.0803
0000013550_1178.jpg,29,0.1179
0000023493_804.jpg,36,0.0804
0000012896_852.jpg,26,0.0853
0000017736_1044.jpg,44,0.1045
0000011347_2470.jpg,2,0.2470
000009798_1227.jpg,5,0.1227
0000011421_1115.jpg,5,0.1116
000009940_960.jpg,35,0.0961
0000031929_1114.jpg,19,0.1115
000008486_3530.jpg,2,0.3530
0000016366_1179.jpg,38,0.1179
0000019055_844.jpg,38,0.0844
000007945_883.jpg,39,0.0884
000009968_834.jpg,39,0.0834
0000033870_1929.jpg,8,0.1930
0000015109_1108.jpg,5,0.1109
000002183_826.jpg,46,0.0826
000005834_932.jpg,13,0.0932
0000014217_899.jpg,44,0.0899
0000018439_939.jpg,39,0.0940
0000033864_830.jpg,5,0.0830
0000012672_868.jpg,36,0.0868
0000025960_949.jpg,44,0.0950
000004280_840.jpg,39,0.0840
000006497_863.jpg,39,0.0864
0000020818_1042.jpg,2,0.1042
000007951_864.jpg,9,0.0864
000002811_1089.jpg,42,0.1089
0000027197_1395.jpg,5,0.1395
0000017054_832.jpg,2,0.0833
0000026289_1212.jpg,35,0.1213
0000015125_944.jpg,39,0.0945
0000022945_1346.jpg,5,0.1346
0000017726_1336.jpg,39,0.1337
0000018415_1089.jpg,42,0.1090
0000017040_931.jpg,11,0.0932
0000018373_987.jpg,39,0.0988
0000020834_834.jpg,43,0.0834
0000012138_952.jpg,2,0.0953
0000015657_898.jpg,14,0.0898
0000014549_826.jpg,2,0.0826
0000010707_825.jpg,5,0.0826
0000031911_1268.jpg,2,0.1268
0000012110_938.jpg,36,0.0939
0000033860_1548.jpg,39,0.1548
000002193_980.jpg,39,0.0981
0000010061_956.jpg,9,0.0957
0000027801_1353.jpg,39,0.1354
0000018429_821.jpg,34,0.0821
0000010075_976.jpg,29,0.0976
000003299_1161.jpg,5,0.1161
0000033874_877.jpg,2,0.0878
000002187_877.jpg,13,0.0877
0000012662_917.jpg,2,0.0917
000002839_3045.jpg,2,0.3046
000004290_1064.jpg,2,0.1064
000006487_827.jpg,11,0.0828
00000478_1290.jpg,2,0.1290
000007941_960.jpg,35,0.0960
0000010920_828.jpg,11,0.0829
000008441_1643.jpg,39,0.1644
000007772_811.jpg,35,0.0812
0000023332_928.jpg,35,0.0929
0000015858_923.jpg,39,0.0923
000003514_820.jpg,4,0.0820
0000033121_978.jpg,5,0.0979
0000025743_959.jpg,8,0.0960
0000015680_1098.jpg,2,0.1098
000005603_886.jpg,2,0.0887
0000022992_1402.jpg,39,0.1402
0000033647_891.jpg,43,0.0891
0000034128_818.jpg,34,0.0818
0000012851_1025.jpg,2,0.1026
0000019904_848.jpg,9,0.0849
0000021243_1436.jpg,5,0.1436
0000020149_1136.jpg,44,0.1137
0000026538_823.jpg,46,0.0824
000002178_1439.jpg,2,0.1440
000004509_880.jpg,8,0.0880
0000023440_1495.jpg,44,0.1496
000003500_1185.jpg,2,0.1186
0000027140_946.jpg,9,0.0946
0000017083_1852.jpg,2,0.1853
000004247_943.jpg,9,0.0944
000003528_1121.jpg,2,0.1121
000009763_1592.jpg,5,0.1593
000007996_2183.jpg,2,0.2184
0000026276_870.jpg,2,0.0870
0000019938_855.jpg,9,0.0855
0000030372_929.jpg,34,0.0930
0000026510_812.jpg,4,0.0812
000004521_1012.jpg,5,0.1012
0000012879_913.jpg,39,0.0914
0000026504_1054.jpg,34,0.1054
000009011_1405.jpg,2,0.1405
000006444_880.jpg,38,0.0881
000004253_969.jpg,2,0.0970
0000024475_848.jpg,39,0.0849
000002622_815.jpg,15,0.0816
0000032217_896.jpg,8,0.0897
0000022004_841.jpg,2,0.0842
0000032798_1020.jpg,8,0.1021
0000012448_875.jpg,2,0.0876
0000014039_826.jpg,17,0.0826
0000027395_1634.jpg,35,0.1635
0000015441_1032.jpg,11,0.1032
0000025582_950.jpg,34,0.0951
000006861_971.jpg,39,0.0971
0000018617_1224.jpg,39,0.1225
000004910_1423.jpg,35,0.1423
0000015333_914.jpg,36,0.0915
0000013742_1354.jpg,39,0.1354
0000010263_1051.jpg,39,0.1051
0000016612_962.jpg,9,0.0962
0000019521_1280.jpg,9,0.1281
000001698_805.jpg,2,0.0806
00000108_887.jpg,2,0.0888
0000012312_1242.jpg,39,0.1242
0000051_800.jpg,35,0.0800
000006849_834.jpg,39,0.0834
000003925_1372.jpg,39,0.1372
000002385_1368.jpg,35,0.1368
0000010277_1423.jpg,5,0.1424
0000017518_817.jpg,5,0.0818
0000028703_1262.jpg,44,0.1263
0000023656_1240.jpg,2,0.1240
000002408_1031.jpg,26,0.1031
0000025541_806.jpg,17,0.0807
0000033323_1289.jpg,9,0.1289
0000028065_814.jpg,39,0.0814
00000691_817.jpg,46,0.0818
0000031534_1203.jpg,39,0.1204
0000017281_944.jpg,39,0.0945
000008657_865.jpg,44,0.0866
0000027342_847.jpg,39,0.0847
000001115_1211.jpg,39,0.1211
000005373_1053.jpg,2,0.1054
0000024893_1013.jpg,44,0.1014
000003702_1808.jpg,2,0.1809
0000023642_834.jpg,34,0.0834
0000013781_922.jpg,17,0.0923
000005415_1408.jpg,13,0.1409
0000021055_838.jpg,2,0.0839
000001673_1456.jpg,5,0.1456
0000031246_1001.jpg,8,0.1001
000007202_947.jpg,2,0.0948
000004723_829.jpg,2,0.0830
0000018824_1175.jpg,41,0.1175
0000020363_1057.jpg,5,0.1058
0000020405_859.jpg,11,0.0859
0000028059_876.jpg,5,0.0877
0000029347_871.jpg,14,0.0872
0000019284_914.jpg,39,0.0915
000002434_1370.jpg,2,0.1371
0000092_1045.jpg,39,0.1045
0000024663_842.jpg,35,0.0843
0000023118_810.jpg,2,0.0811
0000021069_1325.jpg,5,0.1325
000009213_898.jpg,2,0.0898
0000029435_819.jpg,39,0.0819
0000026706_802.jpg,5,0.0802
0000027418_1185.jpg,29,0.1186
000004737_1063.jpg,12,0.1064
0000024111_1222.jpg,39,0.1222
000003058_951.jpg,2,0.0951
0000023939_1040.jpg,44,0.1040
0000018777_942.jpg,39,0.0942
0000017444_822.jpg,44,0.0823
000001908_860.jpg,2,0.0860
000006901_1134.jpg,5,0.1135
0000018011_1279.jpg,2,0.1280
0000031483_1570.jpg,44,0.1570
0000015535_1172.jpg,39,0.1173
0000015521_838.jpg,39,0.0838
0000024924_803.jpg,2,0.0804
0000033280_838.jpg,8,0.0838
0000013150_1534.jpg,2,0.1534
000006915_1371.jpg,44,0.1372
0000018005_841.jpg,38,0.0842
0000030951_843.jpg,38,0.0844
00000732_1289.jpg,2,0.1289
000008938_1114.jpg,2,0.1114
0000011021_847.jpg,2,0.0847
0000013636_914.jpg,39,0.0914
0000029596_822.jpg,8,0.0823
0000028850_808.jpg,9,0.0808
000001934_841.jpg,2,0.0842
0000028688_896.jpg,39,0.0897
000004694_1403.jpg,39,0.1403
0000032808_1698.jpg,44,0.1699
0000023905_1003.jpg,39,0.1003
0000013178_1193.jpg,13,0.1193
0000021860_806.jpg,39,0.0807
0000014603_1069.jpg,17,0.1069
0000018987_806.jpg,8,0.0807
000006097_1113.jpg,39,0.1114
000007389_1015.jpg,2,0.1015
0000010303_850.jpg,39,0.0851
0000026882_913.jpg,5,0.0914
0000027544_1370.jpg,5,0.1371
0000016941_888.jpg,39,0.0888
000005575_950.jpg,43,0.0950
0000033531_1282.jpg,39,0.1283
0000014830_1003.jpg,2,0.1003
0000025435_1077.jpg,39,0.1077
000001075_861.jpg,29,0.0861
0000028111_1060.jpg,36,0.1061
000001061_1229.jpg,39,0.1229
0000028105_812.jpg,41,0.0812
000007410_1396.jpg,5,0.1396
0000023050_1184.jpg,14,0.1184
000003676_802.jpg,24,0.0803
000005207_1088.jpg,2,0.1089
0000033525_1024.jpg,8,0.1024
0000024059_1189.jpg,11,0.1190
000007376_1194.jpg,2,0.1195
0000027550_1172.jpg,39,0.1173
0000016955_826.jpg,46,0.0827
000006068_1007.jpg,9,0.1008
0000021121_1088.jpg,2,0.1088
0000029555_802.jpg,19,0.0802
000006040_908.jpg,2,0.0909
000009415_815.jpg,12,0.0815
00000901_838.jpg,5,0.0839
000004131_1196.jpg,16,0.1196
0000025409_800.jpg,46,0.0800
000002540_2112.jpg,2,0.2113
0000014818_988.jpg,35,0.0989
0000022372_833.jpg,8,0.0834
0000030776_1045.jpg,13,0.1045
0000020565_1009.jpg,5,0.1009
000008079_847.jpg,39,0.0847
0000030010_1098.jpg,39,0.1099
0000018944_804.jpg,34,0.0805
000006054_1698.jpg,35,0.1698
000002232_1304.jpg,39,0.1304
0000012058_924.jpg,5,0.0925
0000011551_959.jpg,2,0.0959
0000021492_1063.jpg,39,0.1064
0000017120_807.jpg,39,0.0807
000008290_988.jpg,13,0.0988
00000242_842.jpg,13,0.0842
0000033928_1141.jpg,8,0.1142
0000022825_1188.jpg,29,0.1189
0000015045_821.jpg,5,0.0821
0000013434_809.jpg,2,0.0809
000005978_831.jpg,11,0.0831
000007809_1244.jpg,2,0.1244
0000021486_847.jpg,39,0.0847
000001288_961.jpg,2,0.0961
0000016202_888.jpg,9,0.0888
000002781_1759.jpg,9,0.1759
0000016564_847.jpg,43,0.0847
0000029958_829.jpg,28,0.0829
0000027975_917.jpg,39,0.0918
0000029780_819.jpg,5,0.0820
0000015079_1283.jpg,39,0.1284
0000014367_1011.jpg,14,0.1012
000005944_896.jpg,39,0.0897
0000013408_1194.jpg,39,0.1195
000002795_1443.jpg,5,0.1443
0000012070_897.jpg,44,0.0898
000009818_825.jpg,5,0.0825
000008535_811.jpg,5,0.0812
0000028313_839.jpg,39,0.0839
0000027020_860.jpg,39,0.0861
0000021451_1252.jpg,38,0.1253
0000010854_1290.jpg,2,0.1290
0000022158_819.jpg,34,0.0820
0000024529_2114.jpg,2,0.2115
0000033055_1323.jpg,42,0.1323
000003460_966.jpg,44,0.0967
0000012925_824.jpg,38,0.0824
0000033733_1155.jpg,5,0.1155
000003306_839.jpg,36,0.0839
000002018_2205.jpg,35,0.2205
0000021337_1118.jpg,5,0.1118
0000031124_1256.jpg,39,0.1257
0000026458_1422.jpg,42,0.1423
0000017685_1168.jpg,39,0.1168
0000017849_974.jpg,39,0.0975
000007174_1003.jpg,29,0.1004
0000032439_906.jpg,39,0.0907
000005763_1202.jpg,11,0.1203
000005005_987.jpg,39,0.0987
0000013391_1281.jpg,39,0.1282
000003474_809.jpg,35,0.0810
0000028307_939.jpg,44,0.0939
0000010698_1196.jpg,46,0.1196
0000020983_936.jpg,24,0.0936
000002742_972.jpg,2,0.0972
000008509_1099.jpg,39,0.1099
0000026302_900.jpg,38,0.0900
000009617_821.jpg,39,0.0822
0000017861_814.jpg,39,0.0815
0000020015_987.jpg,13,0.0988
0000012919_924.jpg,39,0.0924
0000024273_1147.jpg,5,0.1147
000005993_890.jpg,6,0.0890
0000034074_841.jpg,39,0.0841
0000024267_1033.jpg,39,0.1034
0000019680_980.jpg,38,0.0981
000006256_1039.jpg,29,0.1039
000001539_1079.jpg,2,0.1079
0000020767_835.jpg,43,0.0836
0000030574_826.jpg,39,0.0827
000003448_821.jpg,39,0.0822
0000020000_1020.jpg,2,0.1021
0000030213_1014.jpg,39,0.1014
0000029742_1278.jpg,29,0.1278
000001538_862.jpg,39,0.0863
0000019681_1060.jpg,44,0.1060
0000022617_836.jpg,44,0.0837
0000032362_1098.jpg,39,0.1098
000009602_1144.jpg,2,0.1144
000006531_816.jpg,39,0.0816
0000027009_923.jpg,4,0.0924
000006525_875.jpg,41,0.0876
000008508_937.jpg,39,0.0937
0000024514_910.jpg,39,0.0910
0000022165_817.jpg,35,0.0818
0000022603_1456.jpg,2,0.1457
000002025_801.jpg,39,0.0802
000005992_867.jpg,46,0.0868
0000030207_891.jpg,39,0.0892
0000017860_1233.jpg,39,0.1233
0000026465_895.jpg,2,0.0896
000005762_1193.jpg,5,0.1193
0000014399_976.jpg,29,0.0977
000007175_961.jpg,44,0.0961
0000027753_1444.jpg,39,0.1445
000001504_837.jpg,44,0.0837
000009158_966.jpg,35,0.0966
0000021444_1114.jpg,36,0.1114
0000031657_845.jpg,44,0.0845
0000010699_1212.jpg,2,0.1212
000007613_801.jpg,35,0.0802
000008520_1070.jpg,5,0.1071
0000015939_941.jpg,11,0.0942
0000033040_819.jpg,5,0.0819
0000013390_930.jpg,2,0.0930
000005004_927.jpg,2,0.0928
000003461_915.jpg,2,0.0916
0000013384_1176.jpg,12,0.1177
0000010855_1118.jpg,44,0.1119
0000017684_1141.jpg,2,0.1142
0000019871_843.jpg,5,0.0843
0000028474_938.jpg,5,0.0938
0000021336_892.jpg,34,0.0893
0000013409_1110.jpg,9,0.1110
0000027974_895.jpg,5,0.0896
0000031870_1030.jpg,44,0.1030
0000016217_927.jpg,2,0.0927
000002794_1968.jpg,2,0.1968
000002958_817.jpg,9,0.0817
000001289_1533.jpg,5,0.1533
0000027960_875.jpg,36,0.0875
0000010114_861.jpg,5,0.0862
0000011222_1081.jpg,29,0.1082
00000257_1114.jpg,13,0.1114
0000027948_834.jpg,15,0.0834
0000027790_842.jpg,39,0.0843
0000013435_1555.jpg,35,0.1555
0000023290_865.jpg,2,0.0866
0000020799_912.jpg,44,0.0912
0000017135_810.jpg,24,0.0810
0000021487_879.jpg,2,0.0880
000007808_1177.jpg,38,0.1177
000009831_1523.jpg,2,0.1524
0000031858_884.jpg,44,0.0885
0000011550_973.jpg,9,0.0973
0000020955_1225.jpg,34,0.1225
0000011236_1234.jpg,39,0.1234
0000027784_890.jpg,39,0.0890
00000914_982.jpg,2,0.0983
0000026115_927.jpg,1,0.0928
0000031469_1911.jpg,44,0.1911
0000029226_828.jpg,14,0.0828
000006733_996.jpg,39,0.0997
000004642_1534.jpg,5,0.1534
0000024064_1010.jpg,39,0.1010
0000032606_1107.jpg,41,0.1107
000006055_1353.jpg,2,0.1353
0000019483_1057.jpg,2,0.1057
0000028886_1064.jpg,38,0.1065
000008078_1299.jpg,2,0.1299
0000019497_881.jpg,46,0.0882
000006041_1591.jpg,46,0.1591
000003139_1418.jpg,2,0.1418
0000022401_871.jpg,19,0.0871
000005548_1564.jpg,39,0.1564
000003887_1049.jpg,39,0.1050
000007439_806.jpg,39,0.0807
0000031455_1073.jpg,39,0.1073
0000011785_831.jpg,46,0.0832
0000021120_808.jpg,13,0.0808
0000031333_1034.jpg,29,0.1034
0000024058_885.jpg,42,0.0886
0000033524_1180.jpg,39,0.1180
0000025346_1163.jpg,2,0.1163
0000022429_886.jpg,2,0.0887
0000023723_1602.jpg,44,0.1602
0000025352_1051.jpg,39,0.1051
0000015291_1084.jpg,2,0.1084
0000017486_1674.jpg,44,0.1675
0000011949_970.jpg,5,0.0970
0000027223_943.jpg,44,0.0943
000009428_1261.jpg,5,0.1261
0000025434_1131.jpg,39,0.1132
0000012298_858.jpg,44,0.0858
000003663_1830.jpg,41,0.1831
0000023045_1189.jpg,35,0.1190
000003688_1018.jpg,39,0.1019
0000014602_985.jpg,42,0.0985
000003850_1011.jpg,13,0.1011
000008905_873.jpg,2,0.0873
0000010302_1291.jpg,39,0.1292
0000019440_912.jpg,44,0.0912
0000028845_866.jpg,5,0.0866
0000023910_1100.jpg,16,0.1100
0000014164_1144.jpg,2,0.1145
000004695_905.jpg,2,0.0905
0000028689_1070.jpg,39,0.1071
0000028851_830.jpg,39,0.0831
0000016767_1182.jpg,9,0.1182
0000018992_1255.jpg,35,0.1256
0000011008_813.jpg,17,0.0814
0000016001_1258.jpg,39,0.1258
0000010470_841.jpg,34,0.0842
0000013179_804.jpg,13,0.0804
0000011746_1259.jpg,2,0.1259
0000030950_863.jpg,39,0.0863
0000017337_882.jpg,39,0.0882
0000018004_834.jpg,39,0.0835
0000013151_1242.jpg,11,0.1243
0000023092_848.jpg,39,0.0848
0000025385_964.jpg,39,0.0965
0000012529_832.jpg,19,0.0832
0000014158_2326.jpg,2,0.2327
0000028879_999.jpg,35,0.1000
0000016983_1105.jpg,35,0.1106
000008093_981.jpg,5,0.0981
0000019468_912.jpg,35,0.0913
0000026698_917.jpg,39,0.0917
0000013145_1121.jpg,2,0.1121
0000011752_971.jpg,39,0.0972
000006647_800.jpg,44,0.0800
0000029352_801.jpg,44,0.0801
000002421_875.jpg,41,0.0876
0000013964_1012.jpg,13,0.1012
000003059_893.jpg,2,0.0893
000001896_1031.jpg,2,0.1032
0000027419_813.jpg,44,0.0814
000006121_913.jpg,4,0.0914
0000020362_1008.jpg,39,0.1009
000004044_885.jpg,9,0.0886
000002435_1016.jpg,2,0.1017
0000093_814.jpg,5,0.0814
0000022213_1307.jpg,5,0.1308
000006653_890.jpg,29,0.0891
0000019285_1081.jpg,2,0.1082
0000029346_1102.jpg,2,0.1102
00000874_943.jpg,38,0.0944
0000033336_811.jpg,39,0.0812
0000024892_817.jpg,13,0.0817
000001114_1142.jpg,2,0.1142
0000031521_845.jpg,44,0.0845
0000028070_992.jpg,8,0.0993
000007565_1176.jpg,40,0.1177
000008130_1281.jpg,2,0.1281
000007203_1216.jpg,5,0.1217
0000030159_1233.jpg,5,0.1233
0000027425_1344.jpg,2,0.1345
000005414_1238.jpg,2,0.1239
0000025226_1084.jpg,39,0.1085
0000024138_958.jpg,36,0.0958
000003071_844.jpg,44,0.0845
0000032982_825.jpg,26,0.0826
000007217_932.jpg,39,0.0932
0000028702_1012.jpg,39,0.1012
0000016834_892.jpg,34,0.0893
0000027431_1344.jpg,2,0.1345
0000031253_909.jpg,36,0.0910
0000031535_1116.jpg,44,0.1117
0000023131_908.jpg,26,0.0909
000003717_1086.jpg,2,0.1086
0000024886_959.jpg,36,0.0960
000005366_1215.jpg,13,0.1215
0000015483_1068.jpg,39,0.1069
0000015468_1047.jpg,8,0.1047
0000019252_872.jpg,24,0.0873
000001855_1105.jpg,44,0.1105
000002384_1091.jpg,35,0.1091
0000023864_1099.jpg,34,0.1099
000001699_1726.jpg,2,0.1726
0000019520_1055.jpg,39,0.1056
0000028925_919.jpg,44,0.0919
0000026908_1840.jpg,24,0.1841
0000021901_900.jpg,46,0.0900
000006690_1064.jpg,11,0.1064
0000012313_810.jpg,2,0.0810
000003930_962.jpg,18,0.0963
000005399_862.jpg,5,0.0862
0000030824_842.jpg,42,0.0842
0000014992_887.jpg,4,0.0888
0000015454_1149.jpg,12,0.1150
0000013025_852.jpg,2,0.0853
0000011154_872.jpg,44,0.0873
00000121_1060.jpg,39,0.1060
0000011140_1609.jpg,18,0.1609
00000135_981.jpg,2,0.0981
0000017531_1156.jpg,13,0.1157
0000015326_904.jpg,5,0.0904
0000013031_1247.jpg,35,0.1248
000008681_824.jpg,9,0.0824
0000011626_890.jpg,36,0.0891
000009010_1016.jpg,2,0.1016
0000017900_838.jpg,39,0.0838
0000029636_956.jpg,2,0.0957
0000020174_1101.jpg,39,0.1102
000002145_833.jpg,39,0.0833
0000024474_2001.jpg,5,0.2001
0000020612_836.jpg,42,0.0837
000007983_1430.jpg,39,0.1431
0000027169_888.jpg,5,0.0889
0000021518_854.jpg,29,0.0854
000006451_1387.jpg,2,0.1387
000005158_904.jpg,4,0.0905
0000022011_1011.jpg,39,0.1011
0000032202_807.jpg,27,0.0808
000002637_842.jpg,10,0.0842
000004246_804.jpg,38,0.0805
0000034115_819.jpg,34,0.0819
0000029622_961.jpg,2,0.0962
0000030373_834.jpg,42,0.0834
000004508_1144.jpg,39,0.1144
0000022987_1903.jpg,35,0.1903
0000026539_892.jpg,13,0.0893
0000011395_901.jpg,36,0.0901
0000028514_960.jpg,44,0.0961
000007001_863.jpg,24,0.0863
0000031723_924.jpg,44,0.0924
000003501_1011.jpg,9,0.1012
0000024448_1325.jpg,8,0.1325
0000023327_800.jpg,5,0.0800
0000015681_2864.jpg,2,0.2864
0000025742_916.jpg,39,0.0916
000003515_952.jpg,18,0.0952
000007773_1816.jpg,2,0.1816
000009986_1101.jpg,35,0.1102
0000030429_1477.jpg,8,0.1478
00000492_985.jpg,7,0.0986
0000029178_1203.jpg,2,0.1203
0000010921_1411.jpg,2,0.1411
0000016388_947.jpg,39,0.0947
0000011381_876.jpg,17,0.0877
000001464_1064.jpg,35,0.1064
0000012850_859.jpg,2,0.0860
0000033646_922.jpg,38,0.0922
0000032558_1264.jpg,44,0.1264
000005602_1282.jpg,2,0.1282
000002186_895.jpg,44,0.0896
000005831_825.jpg,15,0.0825
000003298_1209.jpg,5,0.1210
0000016363_1181.jpg,39,0.1182
0000019050_800.jpg,5,0.0800
000004285_915.jpg,44,0.0916
0000029187_1074.jpg,43,0.1075
000007954_818.jpg,11,0.0819
0000016377_1093.jpg,39,0.1094
000002192_947.jpg,35,0.0947
0000021295_1568.jpg,35,0.1568
0000011356_865.jpg,2,0.0865
000002804_890.jpg,39,0.0890
00000445_864.jpg,35,0.0864
0000011430_986.jpg,35,0.0987
0000020835_1159.jpg,2,0.1160
0000018372_807.jpg,40,0.0808
000009951_891.jpg,9,0.0891
0000026288_848.jpg,13,0.0848
00000451_1719.jpg,39,0.1720
0000019078_1072.jpg,38,0.1073
0000018366_810.jpg,46,0.0810
0000017055_2480.jpg,2,0.2480
0000013233_905.jpg,36,0.0906
0000022788_1172.jpg,2,0.1173
000005819_1621.jpg,2,0.1621
0000029805_1073.jpg,44,0.1073
0000027828_848.jpg,2,0.0849
00000337_1164.jpg,2,0.1165
0000027180_1023.jpg,39,0.1024
000009953_1145.jpg,39,0.1146
000008495_1170.jpg,2,0.1171
00000447_819.jpg,9,0.0820
0000011432_913.jpg,11,0.0913
0000020837_1237.jpg,2,0.1238
0000013225_1819.jpg,41,0.1819
0000022946_953.jpg,17,0.0954
0000031084_807.jpg,39,0.0808
0000019708_856.jpg,26,0.0857
0000021297_964.jpg,14,0.0965
0000017725_897.jpg,39,0.0898
0000011340_915.jpg,39,0.0916
0000018402_985.jpg,2,0.0985
0000015126_1000.jpg,2,0.1000
000002812_947.jpg,44,0.0948
0000010738_1279.jpg,2,0.1279
0000017057_849.jpg,43,0.0849
000004293_1073.jpg,39,0.1074
0000025973_854.jpg,35,0.0854
0000013219_854.jpg,35,0.0855
0000016361_899.jpg,24,0.0899
000007942_863.jpg,11,0.0864
0000011368_806.jpg,29,0.0807
0000017719_960.jpg,9,0.0960
0000010076_929.jpg,5,0.0930
0000014210_1485.jpg,39,0.1486
0000012675_816.jpg,39,0.0816
00000309_800.jpg,39,0.0800
0000016413_1015.jpg,39,0.1016
0000019720_870.jpg,26,0.0871
0000010704_1100.jpg,5,0.1101
0000031912_895.jpg,2,0.0895
000006490_964.jpg,2,0.0965
000004287_939.jpg,39,0.0940
0000023325_1690.jpg,2,0.1691
0000033136_941.jpg,44,0.0942
00000484_1654.jpg,2,0.1654
0000027143_853.jpg,36,0.0853
0000028270_1029.jpg,5,0.1029
0000017080_800.jpg,43,0.0800
000008330_1147.jpg,2,0.1148
000001472_1614.jpg,9,0.1614
0000033888_975.jpg,42,0.0975
0000022991_1498.jpg,2,0.1498
000003271_1006.jpg,39,0.1006
000007017_1885.jpg,39,0.1886
0000031053_1153.jpg,41,0.1154
000001466_991.jpg,5,0.0992
000006309_823.jpg,35,0.0824
0000031735_1053.jpg,2,0.1053
000009984_1499.jpg,35,0.1500
0000020638_891.jpg,14,0.0891
000002609_994.jpg,5,0.0995
0000015683_964.jpg,39,0.0965
000006447_1123.jpg,39,0.1123
000001328_1017.jpg,2,0.1018
000007981_950.jpg,44,0.0950
000007759_1229.jpg,2,0.1229
000004250_1096.jpg,5,0.1097
0000023319_802.jpg,35,0.0802
0000025768_1006.jpg,9,0.1007
0000032214_1062.jpg,36,0.1062
0000022007_906.jpg,38,0.0906
000002147_996.jpg,2,0.0996
0000024310_1322.jpg,2,0.1322
000003259_910.jpg,11,0.0910
0000030365_803.jpg,34,0.0803
0000029634_806.jpg,34,0.0807
0000026507_897.jpg,40,0.0898
0000021268_1112.jpg,39,0.1112
000006321_1289.jpg,5,0.1290
0000030371_810.jpg,44,0.0810
0000017916_1133.jpg,39,0.1133
0000024304_1854.jpg,38,0.1855
000004522_940.jpg,35,0.0941
0000034117_817.jpg,11,0.0818
000004244_1391.jpg,2,0.1392
000002635_1091.jpg,5,0.1092
0000022013_1682.jpg,44,0.1682
0000029146_855.jpg,39,0.0856
000007995_2341.jpg,2,0.2341
0000020604_1342.jpg,24,0.1343
0000010248_1228.jpg,2,0.1228
0000018614_954.jpg,5,0.0955
0000021095_1232.jpg,44,0.1232
0000031286_842.jpg,2,0.0842
0000013741_1039.jpg,2,0.1040
0000014990_1360.jpg,39,0.1360
000009589_873.jpg,2,0.0874
0000030832_1043.jpg,39,0.1044
0000013033_839.jpg,39,0.0839
0000015324_829.jpg,5,0.0830
0000023696_853.jpg,8,0.0854
0000018600_1154.jpg,5,0.1154
0000026936_996.jpg,5,0.0997
00000679_1044.jpg,39,0.1045
000008873_840.jpg,11,0.0841
000003926_924.jpg,2,0.0924
0000046_836.jpg,2,0.0837
000003932_957.jpg,43,0.0958
0000017269_830.jpg,39,0.0831
0000028099_1014.jpg,39,0.1014
000001843_829.jpg,2,0.0829
0000019522_943.jpg,29,0.0943
0000016611_830.jpg,44,0.0831
0000023872_823.jpg,9,0.0823
000002379_938.jpg,39,0.0938
000001670_1452.jpg,2,0.1453
0000028714_1002.jpg,39,0.1003
0000027427_944.jpg,44,0.0945
000008132_1407.jpg,5,0.1408
0000017282_967.jpg,35,0.0967
000007567_1143.jpg,13,0.1143
0000027341_859.jpg,39,0.0860
0000024890_970.jpg,26,0.0971
0000015495_1262.jpg,34,0.1262
0000025556_1162.jpg,2,0.1162
000005364_846.jpg,2,0.0846
0000015481_874.jpg,39,0.0875
0000025542_1019.jpg,2,0.1019
000003715_1080.jpg,13,0.1081
0000023133_1254.jpg,2,0.1255
000007573_875.jpg,45,0.0875
000008898_802.jpg,11,0.0803
0000021724_831.jpg,35,0.0832
000007215_953.jpg,39,0.0954
0000023655_807.jpg,46,0.0807
0000013796_845.jpg,39,0.0846
000006123_1409.jpg,2,0.1410
0000031279_812.jpg,36,0.0813
000001894_825.jpg,39,0.0826
000004734_896.jpg,44,0.0897
0000033308_859.jpg,31,0.0860
0000011817_1173.jpg,39,0.1174
0000026063_873.jpg,34,0.0874
000006645_1588.jpg,5,0.1588
0000019293_977.jpg,5,0.0978
0000021718_849.jpg,5,0.0850
000009562_1076.jpg,5,0.1076
000005358_1388.jpg,2,0.1388
0000024660_901.jpg,42,0.0902
0000024106_849.jpg,9,0.0849
0000018827_1222.jpg,35,0.1222
000008085_1320.jpg,2,0.1321
0000016995_804.jpg,39,0.0805
0000031494_826.jpg,40,0.0827
00000731_1289.jpg,2,0.1289
0000031480_936.jpg,39,0.0937
0000011750_825.jpg,2,0.0826
0000012259_829.jpg,9,0.0829
0000024933_985.jpg,28,0.0985
0000033297_809.jpg,8,0.0810
000008091_1111.jpg,44,0.1111
0000027584_898.jpg,38,0.0899
0000014166_849.jpg,2,0.0849
0000018984_804.jpg,12,0.0804
000001923_1022.jpg,2,0.1023
0000019324_869.jpg,39,0.0869
0000011778_837.jpg,35,0.0838
000003852_838.jpg,39,0.0838
000002580_912.jpg,39,0.0912
0000012265_869.jpg,5,0.0869
0000014614_800.jpg,46,0.0800
0000029595_1659.jpg,39,0.1660
0000028853_1091.jpg,46,0.1091
0000018748_1362.jpg,2,0.1362
000004697_1355.jpg,2,0.1356
0000015287_1411.jpg,5,0.1411
0000017490_1397.jpg,2,0.1398
000001704_908.jpg,27,0.0908
0000010499_855.jpg,2,0.0855
0000023053_841.jpg,9,0.0841
000003675_817.jpg,11,0.0818
000005210_1025.jpg,44,0.1026
0000030985_1078.jpg,39,0.1078
000006719_1080.jpg,44,0.1081
0000011793_1010.jpg,5,0.1010
0000027221_829.jpg,2,0.0829
0000020228_1395.jpg,2,0.1396
0000026881_1118.jpg,44,0.1119
0000021136_805.jpg,35,0.0805
000005576_935.jpg,38,0.0936
0000026671_848.jpg,43,0.0849
000006057_963.jpg,36,0.0964
0000028884_970.jpg,42,0.0971
0000013812_931.jpg,5,0.0931
0000025378_892.jpg,46,0.0893
0000024066_1078.jpg,35,0.1078
000004640_1062.jpg,44,0.1062
0000024700_914.jpg,44,0.0914
000002557_964.jpg,39,0.0965
00000916_886.jpg,2,0.0887
000006725_895.jpg,2,0.0896
00000902_829.jpg,39,0.0830
0000011977_1021.jpg,29,0.1021
0000022365_910.jpg,39,0.0911
000003885_3387.jpg,2,0.3388
0000022403_816.jpg,13,0.0817
000004654_843.jpg,2,0.0844
0000026665_802.jpg,5,0.0803
0000031696_827.jpg,36,0.0827
0000010880_942.jpg,5,0.0942
0000010658_899.jpg,14,0.0899
000009827_930.jpg,39,0.0931
0000023292_888.jpg,5,0.0889
0000015720_2978.jpg,2,0.2979
0000012729_872.jpg,9,0.0873
0000015046_873.jpg,34,0.0873
0000014358_1415.jpg,9,0.1416
0000027792_957.jpg,39,0.0958
0000029967_808.jpg,26,0.0809
0000011220_1177.jpg,35,0.1177
0000017889_1690.jpg,2,0.1690
0000027786_957.jpg,39,0.0958
0000029973_837.jpg,39,0.0837
0000025191_861.jpg,36,0.0862
0000033095_1131.jpg,36,0.1132
0000013345_842.jpg,39,0.0843
00000527_1443.jpg,2,0.1444
0000025807_1209.jpg,39,0.1210
0000012073_1065.jpg,2,0.1066
0000010102_880.jpg,8,0.0881
000007188_1613.jpg,5,0.1614
0000019640_1004.jpg,5,0.1004
00000269_896.jpg,2,0.0897
0000014364_1096.jpg,8,0.1097
000004495_989.jpg,44,0.0989
0000028489_1304.jpg,39,0.1305
0000017679_858.jpg,5,0.0858
0000016567_803.jpg,44,0.0803
0000011208_839.jpg,44,0.0839
0000010670_929.jpg,2,0.0930
0000015708_1229.jpg,2,0.1230
0000012067_918.jpg,17,0.0919
000002782_877.jpg,35,0.0877
0000033042_835.jpg,17,0.0835
000003477_846.jpg,39,0.0847
000007611_953.jpg,2,0.0953
0000010843_851.jpg,2,0.0852
0000021446_909.jpg,2,0.0910
000006269_1996.jpg,2,0.1996
0000031133_808.jpg,7,0.0808
0000027751_979.jpg,44,0.0980
0000019867_810.jpg,39,0.0810
000007177_860.jpg,9,0.0860
000003311_1053.jpg,2,0.1053
0000024258_1581.jpg,35,0.1581
0000025146_988.jpg,13,0.0989
0000022629_1234.jpg,39,0.1234
000001512_1960.jpg,19,0.1961
000007605_843.jpg,39,0.0843
0000031899_1224.jpg,39,0.1225
0000011591_1049.jpg,39,0.1049
0000010857_1035.jpg,11,0.1035
000005012_999.jpg,2,0.1000
0000012098_819.jpg,24,0.0820
000003463_1471.jpg,35,0.1472
000009600_959.jpg,29,0.0959
000006533_1045.jpg,2,0.1046
0000032360_977.jpg,39,0.0978
000004324_945.jpg,9,0.0945
000005984_953.jpg,2,0.0954
0000033718_1075.jpg,34,0.1076
000002033_862.jpg,5,0.0862
0000022615_1000.jpg,44,0.1000
000009166_1281.jpg,24,0.1281
0000026473_1422.jpg,42,0.1423
0000030211_929.jpg,39,0.0930
000003339_860.jpg,5,0.0860
000002027_802.jpg,36,0.0803
0000022601_883.jpg,46,0.0884
000002741_1221.jpg,11,0.1222
0000024516_805.jpg,39,0.0805
0000015913_845.jpg,2,0.0846
0000022600_933.jpg,39,0.0934
000003338_991.jpg,39,0.0991
0000030204_1168.jpg,39,0.1168
0000021309_801.jpg,39,0.0802
000009173_808.jpg,9,0.0808
0000030562_958.jpg,39,0.0959
000007638_844.jpg,2,0.0845
0000023278_887.jpg,38,0.0887
0000032375_875.jpg,2,0.0876
0000024503_818.jpg,43,0.0819
000002754_1018.jpg,33,0.1018
000006532_882.jpg,2,0.0883
000009601_1047.jpg,39,0.1048
0000020003_885.jpg,2,0.0885
0000022614_951.jpg,11,0.0952
000002032_870.jpg,1,0.0871
000005985_1778.jpg,44,0.1779
000004443_848.jpg,39,0.0848
0000030238_1060.jpg,9,0.1060
0000029769_1126.jpg,5,0.1127
000005775_1605.jpg,2,0.1605
0000015090_1195.jpg,29,0.1195
0000013387_955.jpg,39,0.0955
000009629_1034.jpg,9,0.1034
0000028311_939.jpg,39,0.0940
0000026328_850.jpg,42,0.0850
0000011584_1223.jpg,39,0.1223
0000028305_815.jpg,44,0.0816
000004319_854.jpg,44,0.0855
000002768_2330.jpg,2,0.2330
000005007_1240.jpg,35,0.1241
0000011209_1047.jpg,2,0.1048
000006283_1302.jpg,39,0.1302
0000019655_1336.jpg,2,0.1336
0000027963_949.jpg,29,0.0950
0000017678_981.jpg,43,0.0981
0000010117_1224.jpg,2,0.1225
0000014371_804.jpg,34,0.0804
000004494_1073.jpg,39,0.1073
0000025812_879.jpg,2,0.0880
000002797_884.jpg,2,0.0884
000003489_1237.jpg,2,0.1238
000004480_1081.jpg,15,0.1081
0000019641_851.jpg,39,0.0851
000006297_934.jpg,2,0.0934
0000022827_961.jpg,39,0.0962
0000025190_928.jpg,13,0.0928
0000019669_1008.jpg,5,0.1009
0000017122_836.jpg,39,0.0836
0000018211_913.jpg,39,0.0914
0000021490_835.jpg,2,0.0835
00000526_1120.jpg,5,0.1121
0000022199_1273.jpg,35,0.1274
000002967_1158.jpg,2,0.1159
0000023287_1252.jpg,44,0.1253
0000015721_1022.jpg,2,0.1022
0000020942_1006.jpg,35,0.1007
0000017888_878.jpg,38,0.0879
00000254_1516.jpg,2,0.1517
0000018563_972.jpg,39,0.0972
0000014359_1027.jpg,35,0.1028
0000015047_836.jpg,39,0.0837
0000033269_812.jpg,8,0.0812
0000029231_1014.jpg,39,0.1014
000009417_994.jpg,2,0.0994
000006724_1121.jpg,2,0.1121
0000028891_1043.jpg,9,0.1043
000009371_1068.jpg,39,0.1069
0000028649_1191.jpg,9,0.1191
000002224_1274.jpg,2,0.1274
000004641_1062.jpg,44,0.1062
0000025379_953.jpg,39,0.0953
000004899_1050.jpg,39,0.1051
0000022416_1104.jpg,2,0.1104
0000018946_862.jpg,35,0.0862
0000026670_916.jpg,9,0.0916
0000020201_803.jpg,29,0.0803
000007348_913.jpg,38,0.0914
0000020567_1128.jpg,2,0.1128
0000030774_903.jpg,42,0.0904
0000026116_947.jpg,39,0.0947
000009403_1020.jpg,2,0.1021
000006730_910.jpg,39,0.0911
000003890_851.jpg,11,0.0852
0000022370_1168.jpg,34,0.1168
000003648_1548.jpg,2,0.1549
0000027220_934.jpg,39,0.0934
0000028113_993.jpg,12,0.0993
0000011792_1477.jpg,35,0.1478
000001077_803.jpg,46,0.0803
0000033255_1058.jpg,17,0.1058
0000023720_925.jpg,12,0.0926
000005577_949.jpg,5,0.0949
0000027546_1094.jpg,5,0.1094
0000026880_821.jpg,18,0.0822
000008053_966.jpg,42,0.0966
0000021123_1110.jpg,39,0.1111
0000028661_952.jpg,24,0.0953
0000016957_837.jpg,2,0.0837
000008047_941.jpg,5,0.0942
0000023734_1178.jpg,44,0.1179
0000033527_916.jpg,34,0.0916
0000025423_980.jpg,39,0.0981
0000011786_990.jpg,13,0.0991
000001088_2235.jpg,2,0.2236
0000019331_1082.jpg,39,0.1083
0000021876_808.jpg,13,0.0808
000003847_831.jpg,2,0.0832
0000012502_1056.jpg,36,0.1056
000004696_2702.jpg,2,0.2703
0000010315_955.jpg,2,0.0955
0000028852_923.jpg,39,0.0924
0000016764_868.jpg,2,0.0869
0000019457_1314.jpg,29,0.1315
0000029594_1395.jpg,44,0.1396
0000010301_963.jpg,13,0.0963
000001922_1160.jpg,5,0.1160
0000016770_1286.jpg,35,0.1287
0000019443_1134.jpg,2,0.1134
0000012516_1077.jpg,35,0.1078
0000023913_1034.jpg,39,0.1035
000004682_1168.jpg,2,0.1168
000003853_1259.jpg,39,0.1260
000002595_939.jpg,8,0.0940
000008906_847.jpg,38,0.0847
0000016016_872.jpg,13,0.0872
0000019325_927.jpg,5,0.0927
0000021692_1033.jpg,14,0.1034
0000011989_1021.jpg,29,0.1021
000006903_1989.jpg,41,0.1990
0000027585_1480.jpg,2,0.1481
0000016980_1093.jpg,39,0.1093
0000026843_1075.jpg,5,0.1075
0000025386_954.jpg,44,0.0954
0000018761_894.jpg,36,0.0895
000008084_943.jpg,2,0.0943
0000017452_870.jpg,17,0.0871
0000011745_892.jpg,11,0.0892
00000730_1044.jpg,5,0.1044
0000031495_802.jpg,9,0.0802
0000019319_827.jpg,39,0.0827
0000020598_1665.jpg,35,0.1665
0000017334_845.jpg,44,0.0845
000006917_1169.jpg,35,0.1170
0000013152_1072.jpg,5,0.1073
0000023091_930.jpg,44,0.0931
000005359_1215.jpg,39,0.1215
000009563_871.jpg,38,0.0872
0000019286_890.jpg,34,0.0891
000007228_1287.jpg,2,0.1288
000009205_976.jpg,46,0.0976
0000013973_1127.jpg,2,0.1127
0000025219_946.jpg,3,0.0946
0000024107_1029.jpg,39,0.1030
000004735_876.jpg,2,0.0876
0000020375_872.jpg,46,0.0873
0000030166_2333.jpg,8,0.2333
0000019292_876.jpg,9,0.0877
0000011816_1064.jpg,39,0.1064
00000863_1273.jpg,2,0.1273
0000029379_804.jpg,44,0.0804
0000031536_826.jpg,44,0.0826
000008899_1282.jpg,38,0.1283
0000028067_818.jpg,29,0.0818
0000017297_1033.jpg,5,0.1033
0000023132_1028.jpg,14,0.1028
000003714_1622.jpg,2,0.1623
0000025543_897.jpg,39,0.0898
000005365_1467.jpg,39,0.1467
000003072_983.jpg,43,0.0983
0000013797_845.jpg,39,0.0846
000007214_1194.jpg,2,0.1194
0000011180_1122.jpg,39,0.1122
0000021043_959.jpg,44,0.0959
000008133_808.jpg,17,0.0809
0000021057_886.jpg,13,0.0886
000002378_881.jpg,2,0.0881
0000023898_926.jpg,34,0.0926
000003066_1172.jpg,2,0.1173
000004709_1035.jpg,9,0.1035
000005371_1107.jpg,35,0.1108
000006678_842.jpg,43,0.0843
0000021731_844.jpg,43,0.0845
0000031522_923.jpg,42,0.0923
0000028098_911.jpg,39,0.0911
0000010507_816.jpg,13,0.0817
0000019245_1674.jpg,2,0.1674
0000012310_881.jpg,5,0.0881
000003933_1071.jpg,2,0.1072
0000013768_922.jpg,17,0.0923
000002393_1531.jpg,2,0.1532
0000016610_1087.jpg,2,0.1087
0000028926_841.jpg,36,0.0842
000001842_866.jpg,13,0.0866
0000010275_818.jpg,39,0.0818
0000014013_819.jpg,12,0.0819
000002387_876.jpg,35,0.0877
0000047_1645.jpg,2,0.1645
000004090_854.jpg,11,0.0855
0000014775_1006.jpg,2,0.1007
000007599_804.jpg,36,0.0804
000006687_980.jpg,5,0.0981
0000029392_1484.jpg,2,0.1485
00000888_933.jpg,39,0.0934
0000026089_818.jpg,24,0.0819
0000021080_818.jpg,35,0.0819
0000026937_942.jpg,44,0.0942
0000033484_866.jpg,26,0.0866
0000032956_824.jpg,13,0.0825
0000013998_979.jpg,39,0.0979
0000016638_1009.jpg,29,0.1009
0000026923_1840.jpg,24,0.1841
0000010249_940.jpg,39,0.0941
0000027383_914.jpg,5,0.0914
0000017240_957.jpg,39,0.0958
000009588_1605.jpg,39,0.1605
0000014991_832.jpg,5,0.0832
0000025594_951.jpg,11,0.0952
0000012338_987.jpg,5,0.0987
0000032567_821.jpg,23,0.0821
000006334_2879.jpg,2,0.2880
000009007_813.jpg,46,0.0814
0000017917_802.jpg,9,0.0802
0000030370_801.jpg,43,0.0802
0000028259_920.jpg,2,0.0921
0000031708_1504.jpg,39,0.1504
000009761_905.jpg,46,0.0905
0000022012_811.jpg,9,0.0811
000004245_804.jpg,38,0.0805
000002620_2364.jpg,2,0.2364
0000023318_974.jpg,38,0.0975
000007758_1155.jpg,5,0.1155
0000030402_950.jpg,5,0.0950
000009013_829.jpg,9,0.0829
0000029635_1462.jpg,5,0.1463
0000027618_1341.jpg,44,0.1341
0000034102_930.jpg,2,0.0930
000003258_896.jpg,4,0.0897
000005629_921.jpg,39,0.0922
000006308_930.jpg,44,0.0930
000001467_869.jpg,5,0.0869
0000024339_1069.jpg,39,0.1069
0000033645_1133.jpg,29,0.1133
000003270_815.jpg,11,0.0815
0000025027_991.jpg,19,0.0992
000005167_1042.jpg,38,0.1042
0000015682_1019.jpg,43,0.1020
000003516_851.jpg,35,0.0852
000004279_851.jpg,9,0.0852
0000023330_820.jpg,9,0.0820
000009985_805.jpg,39,0.0806
0000021527_812.jpg,39,0.0813
0000027142_1293.jpg,2,0.1294
000001315_811.jpg,11,0.0811
0000031720_866.jpg,11,0.0867
0000010936_1023.jpg,2,0.1024
0000023324_871.jpg,35,0.0871
0000014588_1168.jpg,8,0.1168
000005615_1616.jpg,2,0.1616
0000033889_924.jpg,39,0.0924
0000010063_845.jpg,4,0.0846
00000308_827.jpg,39,0.0828
000002191_1041.jpg,5,0.1041
0000014205_1640.jpg,11,0.1640
000005826_857.jpg,13,0.0857
0000014563_825.jpg,33,0.0826
0000012112_1050.jpg,2,0.1050
000006491_927.jpg,39,0.0927
0000014577_860.jpg,46,0.0860
0000027803_836.jpg,44,0.0836
0000023495_1491.jpg,2,0.1492
0000029806_1057.jpg,39,0.1057
0000021282_1112.jpg,39,0.1112
0000018365_849.jpg,9,0.0849
000002813_1056.jpg,11,0.1057
0000024488_814.jpg,39,0.0815
0000015655_809.jpg,44,0.0809
000009952_1041.jpg,2,0.1042
0000029812_944.jpg,35,0.0944
0000017724_1227.jpg,35,0.1227
0000018417_815.jpg,39,0.0816
0000015133_1320.jpg,35,0.1321
0000023481_1155.jpg,39,0.1155
0000016307_870.jpg,2,0.0871
000002684_1626.jpg,35,0.1626
000006384_809.jpg,5,0.0809
0000010004_962.jpg,44,0.0962
0000033805_1763.jpg,8,0.1764
0000010762_850.jpg,2,0.0850
000001399_855.jpg,38,0.0855
0000016313_982.jpg,2,0.0983
0000033193_924.jpg,34,0.0924
0000025929_1847.jpg,39,0.1847
0000023380_1136.jpg,19,0.1137
0000018316_946.jpg,5,0.0947
0000017743_1094.jpg,35,0.1094
0000024389_953.jpg,9,0.0954
0000013525_943.jpg,2,0.0943
0000022920_1107.jpg,39,0.1107
0000022934_1375.jpg,2,0.1376
0000027694_836.jpg,5,0.0837
0000010038_1797.jpg,2,0.1798
0000017757_1135.jpg,17,0.1136
0000029861_802.jpg,44,0.0803
000008381_883.jpg,8,0.0884
00000435_1712.jpg,2,0.1713
0000021583_843.jpg,39,0.0843
000002874_1465.jpg,5,0.1466
000003559_951.jpg,2,0.0952
0000032272_974.jpg,17,0.0975
0000029134_954.jpg,8,0.0955
000006421_1076.jpg,2,0.1077
0000020676_1241.jpg,39,0.1241
0000017964_1623.jpg,5,0.1624
0000025068_814.jpg,5,0.0815
0000024376_1534.jpg,31,0.1535
000002135_1522.jpg,5,0.1523
0000022713_822.jpg,35,0.0823
000004544_998.jpg,5,0.0999
0000024362_1413.jpg,9,0.1413
000005882_920.jpg,5,0.0920
000006353_1207.jpg,40,0.1208
0000031009_855.jpg,39,0.0856
0000017970_808.jpg,2,0.0808
0000026213_815.jpg,9,0.0815
0000010951_812.jpg,39,0.0812
0000015829_889.jpg,5,0.0889
000003565_982.jpg,2,0.0983
0000023343_902.jpg,34,0.0903
0000025732_843.jpg,36,0.0844
000003203_1406.jpg,24,0.1407
0000033636_1048.jpg,5,0.1049
000007065_2343.jpg,2,0.2344
0000021232_946.jpg,9,0.0947
0000017958_883.jpg,43,0.0883
0000020138_829.jpg,14,0.0829
0000015183_935.jpg,2,0.0936
000004578_939.jpg,11,0.0940
0000012834_1144.jpg,2,0.1145
0000013294_1464.jpg,2,0.1465
000003571_821.jpg,9,0.0821
0000023357_1158.jpg,2,0.1159
0000020886_917.jpg,13,0.0918
000008424_1182.jpg,44,0.1183
0000012405_819.jpg,39,0.0819
000003798_1026.jpg,39,0.1027
0000012363_805.jpg,35,0.0806
0000024809_887.jpg,8,0.0888
000008815_822.jpg,43,0.0823
0000018128_1108.jpg,2,0.1108
0000013069_969.jpg,36,0.0969
0000023814_884.jpg,35,0.0885
0000032919_1051.jpg,14,0.1051
0000018882_884.jpg,44,0.0884
0000028941_918.jpg,39,0.0918
0000019544_944.jpg,2,0.0944
0000018672_815.jpg,2,0.0815
0000026944_917.jpg,39,0.0918
0000017541_1161.jpg,5,0.1162
0000011130_1086.jpg,38,0.1086
0000021795_989.jpg,2,0.0990
0000030840_813.jpg,8,0.0813
00000623_858.jpg,34,0.0859
0000013055_1432.jpg,34,0.1433
0000015424_1421.jpg,8,0.1422
000003968_829.jpg,39,0.0830
0000030854_879.jpg,9,0.0879
0000011642_1095.jpg,5,0.1095
0000018666_1332.jpg,2,0.1333
0000017555_875.jpg,5,0.0875
0000027496_880.jpg,46,0.0881
00000151_1888.jpg,2,0.1889
000004961_947.jpg,5,0.0948
0000033408_1059.jpg,7,0.1059
0000013900_809.jpg,44,0.0809
0000022505_1101.jpg,38,0.1102
0000032716_2048.jpg,44,0.2048
0000018855_841.jpg,44,0.0841
00000804_1007.jpg,46,0.1008
000009510_1557.jpg,35,0.1557
000006623_1021.jpg,44,0.1021
0000026005_903.jpg,34,0.0903
0000014909_906.jpg,18,0.0906
0000032070_1403.jpg,8,0.1403
0000024612_901.jpg,39,0.0902
000002451_878.jpg,46,0.0878
000003997_822.jpg,35,0.0822
0000020460_939.jpg,39,0.0939
000009504_1226.jpg,39,0.1226
0000026011_1090.jpg,4,0.1091
0000018841_828.jpg,44,0.0829
0000021018_935.jpg,35,0.0935
000009262_1132.jpg,29,0.1133
0000028982_1061.jpg,43,0.1062
0000024160_852.jpg,5,0.0852
000003029_1296.jpg,2,0.1296
000002337_904.jpg,46,0.0905
000006179_993.jpg,41,0.0994
0000021030_854.jpg,5,0.0855
0000023627_878.jpg,41,0.0879
0000014935_1142.jpg,5,0.1142
000005316_1050.jpg,39,0.1050
0000013082_1266.jpg,2,0.1267
0000020448_903.jpg,39,0.0904
0000031545_813.jpg,2,0.0813
000001170_2392.jpg,2,0.2393
0000027333_833.jpg,39,0.0833
0000011859_817.jpg,14,0.0818
000009538_801.jpg,43,0.0801
0000031551_1415.jpg,2,0.1416
000003015_800.jpg,9,0.0801
0000033420_823.jpg,34,0.0824
000005464_980.jpg,9,0.0980
000001602_1215.jpg,5,0.1216
0000029478_1007.jpg,40,0.1008
000007273_864.jpg,9,0.0864
0000017596_888.jpg,2,0.0889
0000030129_809.jpg,2,0.0809
0000028766_937.jpg,34,0.0938
0000019424_900.jpg,39,0.0901
0000011078_940.jpg,9,0.0940
000001945_1867.jpg,2,0.1868
0000012217_1109.jpg,2,0.1110
000004183_823.jpg,44,0.0824
0000010400_912.jpg,44,0.0912
000006794_1877.jpg,38,0.1878
0000019342_901.jpg,8,0.0902
0000021811_837.jpg,41,0.0838
000008975_872.jpg,19,0.0873
0000023960_951.jpg,39,0.0951
0000028835_1296.jpg,2,0.1297
0000016703_996.jpg,44,0.0997
0000019430_1103.jpg,2,0.1103
0000032845_944.jpg,39,0.0945
0000019418_811.jpg,19,0.0812
0000011044_856.jpg,18,0.0856
0000031394_1393.jpg,35,0.1393
0000020299_937.jpg,2,0.0938
0000017435_1275.jpg,8,0.1275
000001979_917.jpg,34,0.0918
0000017353_810.jpg,35,0.0810
000006970_1646.jpg,35,0.1646
0000027290_962.jpg,11,0.0962
0000021839_968.jpg,43,0.0968
00000757_803.jpg,5,0.0803
000003808_814.jpg,9,0.0814
0000024941_954.jpg,2,0.0954
0000014896_921.jpg,26,0.0922
0000018074_803.jpg,38,0.0804
0000027284_1169.jpg,39,0.1170
000008949_993.jpg,39,0.0993
0000016059_929.jpg,39,0.0929
0000028809_892.jpg,11,0.0892
0000011050_916.jpg,39,0.0916
0000018712_1019.jpg,34,0.1020
000004815_898.jpg,39,0.0898
0000015236_898.jpg,5,0.0898
000005538_1091.jpg,2,0.1092
000004626_810.jpg,13,0.0811
0000018921_814.jpg,2,0.0814
0000019381_1107.jpg,44,0.1108
0000020500_1048.jpg,2,0.1049
000007449_1314.jpg,39,0.1314
0000030713_1122.jpg,39,0.1122
0000024766_966.jpg,9,0.0966
0000023009_867.jpg,39,0.0867
0000025478_809.jpg,34,0.0809
000004154_955.jpg,46,0.0955
000006743_1499.jpg,2,0.1499
0000028148_937.jpg,17,0.0937
0000030061_943.jpg,39,0.0944
000002243_1234.jpg,2,0.1235
0000033568_1647.jpg,8,0.1647
0000010399_1449.jpg,9,0.1450
0000011087_1655.jpg,11,0.1655
0000031357_854.jpg,39,0.0855
000003613_1715.jpg,2,0.1715
0000014699_958.jpg,2,0.0958
0000032138_807.jpg,11,0.0808
0000014841_851.jpg,5,0.0851
0000021622_916.jpg,39,0.0917
0000028160_907.jpg,39,0.0907
000007461_1342.jpg,39,0.1343
0000028174_856.jpg,39,0.0856
000004168_844.jpg,39,0.0844
0000015593_979.jpg,29,0.0980
000005276_818.jpg,12,0.0819
000002519_1315.jpg,2,0.1315
0000024028_1395.jpg,44,0.1396
0000027521_1146.jpg,2,0.1147
000008034_1103.jpg,2,0.1104
0000018909_944.jpg,46,0.0945
000006596_1253.jpg,2,0.1253
000007850_1169.jpg,2,0.1169
0000010602_1291.jpg,9,0.1292
000002928_1076.jpg,39,0.1076
000003388_962.jpg,2,0.0963
000002082_911.jpg,2,0.0911
0000013479_1190.jpg,2,0.1191
0000014316_897.jpg,41,0.0897
0000019154_870.jpg,2,0.0870
000007844_964.jpg,11,0.0964
0000011508_1317.jpg,5,0.1317
0000029097_1651.jpg,35,0.1652
0000020925_862.jpg,2,0.0862
00000555_1420.jpg,2,0.1420
0000017637_803.jpg,34,0.0803
0000030288_898.jpg,44,0.0898
0000015034_969.jpg,35,0.0969
000005909_957.jpg,11,0.0958
0000031182_947.jpg,44,0.0948
0000021391_1404.jpg,2,0.1404
0000018276_1009.jpg,39,0.1009
0000025849_1279.jpg,5,0.1280
000002900_950.jpg,44,0.0950
0000025691_865.jpg,46,0.0865
000002733_1554.jpg,2,0.1554
0000022115_806.jpg,43,0.0806
0000033018_844.jpg,5,0.0844
0000015961_876.jpg,38,0.0877
0000030511_1193.jpg,44,0.1194
000008578_1079.jpg,19,0.1080
0000026373_1020.jpg,8,0.1021
0000029040_1121.jpg,14,0.1121
0000022673_909.jpg,5,0.0910
0000034005_1116.jpg,11,0.1116
0000022667_883.jpg,36,0.0884
000001548_2953.jpg,2,0.2954
000009114_1010.jpg,39,0.1010
000007139_1061.jpg,13,0.1062
0000020070_1188.jpg,39,0.1188
0000019829_810.jpg,39,0.0810
0000018289_1445.jpg,2,0.1445
000009672_806.jpg,39,0.0806
0000010825_851.jpg,2,0.0852
0000031633_1250.jpg,39,0.1251
0000023237_1043.jpg,17,0.1043
0000033024_1170.jpg,29,0.1170
000003411_895.jpg,2,0.0895
0000013492_1012.jpg,2,0.1012
0000033742_1233.jpg,36,0.1234
0000022897_2297.jpg,39,0.2297
000004418_859.jpg,29,0.0860
0000023551_832.jpg,35,0.0832
000002069_848.jpg,9,0.0848
0000026429_1111.jpg,39,0.1112
0000021346_892.jpg,34,0.0893
0000019801_976.jpg,5,0.0977
000008236_991.jpg,39,0.0991
0000022883_853.jpg,43,0.0853
0000015949_1543.jpg,44,0.1543
0000030539_1139.jpg,5,0.1140
0000028376_826.jpg,17,0.0826
0000027045_1043.jpg,34,0.1044
000008550_1043.jpg,2,0.1044
0000010831_1022.jpg,2,0.1023
0000029068_1238.jpg,39,0.1239
0000012941_1249.jpg,2,0.1249
000007104_994.jpg,2,0.0994
0000021353_927.jpg,38,0.0927
0000016299_860.jpg,11,0.0861
0000015790_1279.jpg,40,0.1280
0000033025_933.jpg,39,0.0933
0000022128_1251.jpg,39,0.1251
0000015784_1308.jpg,42,0.1309
000001207_888.jpg,2,0.0888
000007676_962.jpg,2,0.0963
0000028363_1133.jpg,16,0.1133
000009883_912.jpg,2,0.0913
0000019800_1093.jpg,39,0.1093
000008223_896.jpg,1,0.0896
0000026428_991.jpg,39,0.0992
000004419_883.jpg,41,0.0884
000003376_898.jpg,14,0.0899
0000013493_2138.jpg,2,0.2139
000001549_1423.jpg,5,0.1423
0000026400_1263.jpg,8,0.1264
000002040_1577.jpg,2,0.1578
000004431_1384.jpg,34,0.1385
000005049_1756.jpg,2,0.1757
000002726_925.jpg,2,0.0926
0000019196_1497.jpg,40,0.1498
000006540_1183.jpg,2,0.1183
0000027078_1128.jpg,2,0.1129
000007892_923.jpg,39,0.0923
000006554_948.jpg,43,0.0949
000008579_1032.jpg,39,0.1032
0000032307_978.jpg,44,0.0978
000004425_875.jpg,46,0.0876
0000012969_926.jpg,35,0.0927
0000028439_1120.jpg,39,0.1121
0000026414_1019.jpg,2,0.1020
0000011253_1438.jpg,39,0.1438
0000012982_1462.jpg,4,0.1463
0000022841_834.jpg,29,0.0834
000005908_1206.jpg,39,0.1206
0000015035_971.jpg,39,0.0971
0000018277_886.jpg,26,0.0887
000007879_1048.jpg,9,0.1048
0000020930_1163.jpg,2,0.1164
0000018263_826.jpg,2,0.0827
000008586_1169.jpg,2,0.1169
0000020924_840.jpg,39,0.0840
0000025684_1355.jpg,2,0.1355
0000012996_860.jpg,5,0.0860
0000033958_926.jpg,34,0.0927
0000010159_1109.jpg,34,0.1110
0000030289_1055.jpg,44,0.1056
0000018505_1269.jpg,39,0.1270
0000013478_1399.jpg,39,0.1400
000005934_849.jpg,13,0.0849
0000012766_891.jpg,42,0.0891
000002083_1484.jpg,2,0.1485
0000015009_1072.jpg,5,0.1072
0000016500_1045.jpg,44,0.1046
000006583_1181.jpg,11,0.1182
0000019155_1007.jpg,35,0.1008
0000012000_822.jpg,2,0.0823
0000025860_968.jpg,44,0.0968
0000014465_932.jpg,18,0.0933
000007689_832.jpg,19,0.0833
000007851_1627.jpg,2,0.1628
000005920_950.jpg,13,0.0950
0000012772_961.jpg,2,0.0961
0000024997_1196.jpg,9,0.1197
000005277_1076.jpg,18,0.1077
0000023020_1172.jpg,39,0.1172
0000021637_938.jpg,40,0.0938
0000031424_918.jpg,38,0.0918
000001011_1366.jpg,29,0.1367
0000026158_846.jpg,5,0.0846
000001777_874.jpg,39,0.0874
0000016925_1058.jpg,44,0.1059
0000024029_1541.jpg,44,0.1541
000003160_1135.jpg,2,0.1135
0000023746_801.jpg,39,0.0802
0000032893_864.jpg,2,0.0864
000005511_924.jpg,11,0.0924
0000013691_891.jpg,36,0.0891
000003174_855.jpg,2,0.0856
000005505_928.jpg,2,0.0929
0000013849_852.jpg,39,0.0852
000001763_1093.jpg,2,0.1094
0000028161_847.jpg,39,0.0847
000008747_1085.jpg,39,0.1085
000007474_819.jpg,2,0.0819
0000011938_819.jpg,39,0.0820
000009459_1011.jpg,5,0.1012
000001005_833.jpg,5,0.0834
00000795_1045.jpg,5,0.1046
0000025445_804.jpg,2,0.0805
000005263_1550.jpg,2,0.1551
0000024983_880.jpg,39,0.0881
0000023034_936.jpg,26,0.0936
0000028149_916.jpg,36,0.0916
0000030706_823.jpg,39,0.0823
0000020515_1373.jpg,2,0.1374
0000019394_873.jpg,11,0.0874
0000029257_808.jpg,13,0.0809
000002524_1177.jpg,42,0.1177
0000024015_1191.jpg,5,0.1192
000004633_1135.jpg,2,0.1136
0000026602_1179.jpg,42,0.1180
000009317_1114.jpg,2,0.1114
0000030060_953.jpg,8,0.0954
0000026616_959.jpg,39,0.0959
000001987_915.jpg,5,0.0915
0000020267_934.jpg,5,0.0935
0000022470_909.jpg,14,0.0909
0000032663_930.jpg,17,0.0931
000002256_2512.jpg,2,0.2513
000002530_1194.jpg,39,0.1194
0000030712_1285.jpg,39,0.1286
0000011904_862.jpg,2,0.0862
00000971_1373.jpg,43,0.1373
0000026170_869.jpg,43,0.0870
000001039_1832.jpg,2,0.1833
0000029243_908.jpg,34,0.0909
0000011737_805.jpg,29,0.0805
0000027285_870.jpg,46,0.0871
0000017346_973.jpg,26,0.0973
0000018075_810.jpg,43,0.0811
0000013120_948.jpg,2,0.0949
000004814_932.jpg,4,0.0932
0000032688_925.jpg,39,0.0926
0000026825_1559.jpg,8,0.1560
0000019419_926.jpg,38,0.0927
0000015223_881.jpg,34,0.0882
0000023949_884.jpg,2,0.0885
0000013652_1083.jpg,39,0.1083
0000024798_928.jpg,39,0.0929
0000024940_930.jpg,44,0.0931
0000030935_879.jpg,9,0.0879
00000756_1501.jpg,2,0.1501
000006971_1016.jpg,15,0.1017
0000027291_921.jpg,34,0.0921
000008784_833.jpg,5,0.0834
0000012202_1134.jpg,35,0.1134
0000019357_1435.jpg,8,0.1435
0000010373_1108.jpg,5,0.1108
0000023975_1178.jpg,44,0.1178
000001944_1910.jpg,2,0.1910
0000010367_910.jpg,5,0.0911
0000011079_1268.jpg,2,0.1268
0000028820_994.jpg,39,0.0994
0000019343_1193.jpg,36,0.1193
0000016070_819.jpg,17,0.0820
0000014667_1207.jpg,5,0.1208
0000015579_1204.jpg,8,0.1205
000003772_903.jpg,1,0.0904
0000033347_817.jpg,39,0.0817
0000023154_1068.jpg,9,0.1068
0000012389_900.jpg,43,0.0900
000009539_818.jpg,39,0.0819
0000017597_987.jpg,10,0.0987
000008141_998.jpg,44,0.0998
0000026992_1338.jpg,2,0.1338
0000016689_903.jpg,29,0.0904
0000029479_1115.jpg,9,0.1115
0000031236_1261.jpg,39,0.1261
000003014_1126.jpg,2,0.1127
0000022538_944.jpg,35,0.0945
000003000_1055.jpg,17,0.1055
0000028773_1377.jpg,39,0.1377
0000016845_961.jpg,35,0.0962
0000027440_805.jpg,39,0.0806
000007266_824.jpg,39,0.0824
0000026038_906.jpg,7,0.0907
0000030882_829.jpg,43,0.0830
0000020449_1505.jpg,42,0.1505
00000839_1140.jpg,35,0.1141
0000027326_1112.jpg,29,0.1113
000003766_844.jpg,5,0.0845
000004009_1322.jpg,2,0.1323
0000025531_806.jpg,17,0.0807
000002478_1386.jpg,2,0.1387
0000026010_1020.jpg,5,0.1021
000007528_819.jpg,2,0.0820
0000030114_1012.jpg,36,0.1012
0000028983_974.jpg,8,0.0974
0000030100_1343.jpg,39,0.1344
0000020313_1151.jpg,8,0.1151
0000019592_945.jpg,39,0.0946
0000028997_850.jpg,5,0.0851
0000029451_862.jpg,39,0.0862
000002322_846.jpg,35,0.0847
0000032717_820.jpg,5,0.0820
0000024175_922.jpg,2,0.0923
0000024613_937.jpg,44,0.0938
000004035_845.jpg,39,0.0846
00000805_2452.jpg,2,0.2453
0000030666_810.jpg,44,0.0810
0000021958_845.jpg,39,0.0846
0000030855_1074.jpg,2,0.1074
0000013732_926.jpg,13,0.0927
000004960_840.jpg,44,0.0840
000001818_1414.jpg,35,0.1414
0000027483_843.jpg,39,0.0844
000004974_1566.jpg,39,0.1567
0000015357_1226.jpg,39,0.1227
0000024834_816.jpg,39,0.0817
0000033390_1036.jpg,35,0.1037
0000031587_1015.jpg,39,0.1015
0000016138_1072.jpg,44,0.1072
0000015419_1016.jpg,14,0.1017
0000016110_1152.jpg,5,0.1153
0000010207_822.jpg,35,0.0822
0000028798_928.jpg,26,0.0928
000004790_1038.jpg,46,0.1038
0000023801_806.jpg,15,0.0807
0000012404_895.jpg,29,0.0895
0000019551_867.jpg,14,0.0868
00000178_884.jpg,13,0.0884
0000029492_971.jpg,17,0.0971
0000010213_972.jpg,2,0.0973
000001830_927.jpg,38,0.0927
000006839_938.jpg,11,0.0938
0000010575_1030.jpg,5,0.1030
0000021970_1009.jpg,19,0.1010
0000019237_2064.jpg,42,0.2064
0000021_1324.jpg,2,0.1325
000004579_897.jpg,39,0.0897
000005667_919.jpg,44,0.0919
000002108_824.jpg,2,0.0824
0000021227_926.jpg,9,0.0927
000007070_850.jpg,2,0.0851
0000017795_1134.jpg,39,0.1135
000007716_905.jpg,44,0.0905
000008425_1875.jpg,35,0.1875
0000021541_840.jpg,26,0.0841
0000022048_826.jpg,44,0.0827
000003570_1436.jpg,5,0.1436
0000024439_1059.jpg,39,0.1060
000005115_817.jpg,9,0.0818
0000023342_1202.jpg,8,0.1202
000003564_904.jpg,13,0.0905
0000028217_902.jpg,26,0.0902
000001373_963.jpg,39,0.0964
000001415_858.jpg,43,0.0859
0000031020_1124.jpg,39,0.1125
000009049_896.jpg,5,0.0896
0000021233_1187.jpg,39,0.1188
000008357_893.jpg,11,0.0893
0000028571_934.jpg,39,0.0934
0000023424_827.jpg,39,0.0827
0000015196_1226.jpg,39,0.1226
0000028559_879.jpg,39,0.0880
0000030316_814.jpg,11,0.0815
000005883_1389.jpg,29,0.1390
0000012809_1015.jpg,24,0.1016
0000032501_1038.jpg,2,0.1039
0000022074_995.jpg,5,0.0996
000004223_1117.jpg,5,0.1117
0000024405_1465.jpg,44,0.1465
0000027118_1008.jpg,36,0.1009
0000032273_922.jpg,44,0.0923
000002646_868.jpg,5,0.0868
0000022060_876.jpg,6,0.0877
000004237_905.jpg,2,0.0905
0000024377_893.jpg,39,0.0894
0000032515_906.jpg,9,0.0906
0000017965_1414.jpg,9,0.1415
0000019790_868.jpg,46,0.0868
0000020111_900.jpg,46,0.0901
0000017756_889.jpg,39,0.0889
0000015141_1324.jpg,39,0.1324
0000032298_1187.jpg,8,0.1187
0000011441_832.jpg,39,0.0832
0000031791_1233.jpg,39,0.1234
000009920_992.jpg,34,0.0992
0000018303_897.jpg,39,0.0897
0000010993_962.jpg,39,0.0962
0000019009_930.jpg,11,0.0931
000007919_932.jpg,11,0.0932
00000420_928.jpg,2,0.0929
0000031785_900.jpg,2,0.0901
0000018317_826.jpg,9,0.0827
0000020688_989.jpg,38,0.0990
0000025928_1847.jpg,39,0.1847
0000013524_896.jpg,39,0.0896
000005698_1296.jpg,2,0.1297
0000022909_974.jpg,24,0.0974
000004586_940.jpg,13,0.0941
0000018459_1099.jpg,6,0.1100
0000016312_979.jpg,39,0.0980
000001398_835.jpg,8,0.0835
0000020878_872.jpg,11,0.0873
0000010763_1863.jpg,2,0.1864
0000031975_1005.jpg,39,0.1006
000002849_1032.jpg,39,0.1032
0000014505_867.jpg,2,0.0867
0000012174_1430.jpg,2,0.1430
0000010777_836.jpg,4,0.0837
0000017018_1558.jpg,36,0.1558
0000029848_868.jpg,44,0.0868
0000015169_1041.jpg,12,0.1042
0000013268_1289.jpg,5,0.1289
0000010761_1030.jpg,2,0.1030
000007933_840.jpg,43,0.0840
0000019023_853.jpg,2,0.0853
0000016476_872.jpg,46,0.0872
0000029686_853.jpg,2,0.0853
0000017768_831.jpg,9,0.0832
000004584_1349.jpg,2,0.1350
000005842_932.jpg,13,0.0932
000004590_811.jpg,44,0.0811
000005856_871.jpg,44,0.0871
000006387_991.jpg,39,0.0992
00000378_1208.jpg,5,0.1208
000007099_814.jpg,44,0.0815
0000031963_867.jpg,44,0.0868
0000012162_969.jpg,9,0.0970
000002687_961.jpg,15,0.0961
000003599_810.jpg,42,0.0811
0000025916_883.jpg,2,0.0884
0000014513_1206.jpg,5,0.1207
0000011443_1357.jpg,2,0.1357
0000031793_1206.jpg,39,0.1206
0000025080_1017.jpg,17,0.1017
00000350_927.jpg,5,0.0928
000008382_852.jpg,5,0.0852
000009088_1091.jpg,2,0.1092
0000011331_883.jpg,5,0.0884
0000017998_840.jpg,5,0.0841
0000025094_1055.jpg,2,0.1056
0000012638_1127.jpg,2,0.1128
0000018315_1176.jpg,2,0.1176
0000011457_956.jpg,39,0.0956
0000016338_1341.jpg,2,0.1341
000001359_1467.jpg,2,0.1468
0000020661_897.jpg,43,0.0898
0000030472_806.jpg,42,0.0806
0000015802_828.jpg,14,0.0828
0000022076_1051.jpg,9,0.1052
0000025719_871.jpg,39,0.0872
000005659_1159.jpg,29,0.1160
000003228_803.jpg,26,0.0804
0000019786_1942.jpg,8,0.1942
000006350_1283.jpg,2,0.1284
0000026576_991.jpg,35,0.0991
0000030300_1057.jpg,11,0.1058
0000029889_997.jpg,2,0.0998
000006344_1611.jpg,2,0.1611
0000019792_913.jpg,35,0.0913
000002122_1939.jpg,35,0.1939
000004553_948.jpg,5,0.0948
0000024413_826.jpg,44,0.0826
0000015816_826.jpg,19,0.0827
000004235_842.jpg,44,0.0843
0000026204_821.jpg,35,0.0822
000003572_858.jpg,35,0.0858
0000023354_909.jpg,41,0.0910
0000025725_985.jpg,8,0.0986
0000012189_888.jpg,2,0.0889
0000011480_1101.jpg,14,0.1101
0000020885_903.jpg,43,0.0903
000007714_1062.jpg,2,0.1062
0000027132_853.jpg,36,0.0853
0000028201_862.jpg,39,0.0862
0000021225_841.jpg,12,0.0841
0000023432_806.jpg,26,0.0807
0000033621_841.jpg,35,0.0841
0000022738_1343.jpg,2,0.1343
0000015194_1467.jpg,46,0.1467
0000012823_1094.jpg,5,0.1094
000003200_1079.jpg,13,0.1079
0000024349_855.jpg,17,0.0855
000008355_1005.jpg,2,0.1006
0000021231_1764.jpg,2,0.1764
0000026238_1035.jpg,2,0.1035
0000031744_922.jpg,35,0.0922
000008433_1148.jpg,5,0.1149
0000028215_826.jpg,34,0.0827
0000023340_920.jpg,4,0.0921
000005117_837.jpg,39,0.0838
0000014063_903.jpg,36,0.0903
0000010205_813.jpg,14,0.0813
000006191_881.jpg,44,0.0882
0000019221_1472.jpg,18,0.1472
000008802_883.jpg,41,0.0884
0000014705_1072.jpg,2,0.1072
000003957_905.jpg,2,0.0906
0000019235_809.jpg,9,0.0809
0000010577_1016.jpg,46,0.1016
0000017218_1072.jpg,7,0.1072
0000018895_952.jpg,18,0.0953
000006185_882.jpg,44,0.0883
0000015369_1303.jpg,2,0.1304
0000023803_900.jpg,39,0.0900
0000012406_868.jpg,13,0.0869
0000026953_1271.jpg,36,0.1271
0000018665_899.jpg,39,0.0900
0000016890_843.jpg,11,0.0844
0000023195_879.jpg,13,0.0879
0000014739_1008.jpg,1,0.1008
0000030857_1135.jpg,44,0.1136
000006813_1227.jpg,2,0.1227
0000021796_923.jpg,1,0.0924
0000030843_1335.jpg,2,0.1336
0000019209_909.jpg,44,0.0909
00000620_979.jpg,5,0.0980
0000023181_1353.jpg,2,0.1354
0000024836_1005.jpg,39,0.1006
000004976_869.jpg,10,0.0869
0000016884_1183.jpg,34,0.1184
000004745_838.jpg,5,0.0838
000002452_1070.jpg,35,0.1070
0000022274_829.jpg,39,0.0830
0000033379_815.jpg,13,0.0816
0000030670_808.jpg,41,0.0809
0000020463_1258.jpg,5,0.1259
000008619_969.jpg,38,0.0969
000009513_963.jpg,39,0.0964
000002446_827.jpg,39,0.0827
0000024611_836.jpg,27,0.0837
0000023618_862.jpg,39,0.0863
0000032715_1022.jpg,14,0.1022
000002320_1092.jpg,5,0.1093
000004989_1174.jpg,38,0.1174
0000026760_1000.jpg,39,0.1001
000003016_1011.jpg,2,0.1011
0000025241_1602.jpg,35,0.1602
0000026748_841.jpg,42,0.0842
00000191_1000.jpg,2,0.1000
0000016853_1199.jpg,2,0.1200
0000028003_1335.jpg,2,0.1335
0000021999_1629.jpg,43,0.1629
0000031552_892.jpg,39,0.0892
000005301_960.jpg,13,0.0960
0000013095_1267.jpg,5,0.1268
000003770_1893.jpg,2,0.1893
0000025533_897.jpg,39,0.0898
000005315_835.jpg,35,0.0835
0000013081_1544.jpg,2,0.1544
000003764_924.jpg,44,0.0924
0000033351_811.jpg,17,0.0811
000001173_1188.jpg,8,0.1188
0000029309_966.jpg,44,0.0967
000009249_1172.jpg,13,0.1173
0000017581_1289.jpg,43,0.1289
000008157_1093.jpg,38,0.1093
000007264_1173.jpg,39,0.1174
0000016847_882.jpg,2,0.0883
0000027442_1463.jpg,5,0.1463
000003002_815.jpg,34,0.0815
0000014088_852.jpg,2,0.0853
0000013678_1171.jpg,39,0.1172
0000023963_1531.jpg,39,0.1531
0000012566_892.jpg,43,0.0892
0000028836_989.jpg,12,0.0989
0000017378_1231.jpg,13,0.1232
0000010417_937.jpg,43,0.0938
0000021812_835.jpg,5,0.0835
000004194_801.jpg,13,0.0802
0000012214_955.jpg,44,0.0956
000007489_1141.jpg,39,0.1142
0000010403_812.jpg,39,0.0812
00000768_1436.jpg,2,0.1436
0000029282_905.jpg,44,0.0905
0000012572_1300.jpg,38,0.1301
0000026827_805.jpg,39,0.0806
0000033594_1117.jpg,5,0.1118
0000014895_1196.jpg,5,0.1197
0000013122_837.jpg,5,0.0837
0000018077_968.jpg,39,0.0968
0000017350_862.jpg,2,0.0863
00000754_802.jpg,39,0.0802
000009498_901.jpg,44,0.0901
0000015547_1092.jpg,39,0.1093
0000032846_811.jpg,41,0.0812
0000031397_1614.jpg,38,0.1614
0000030062_933.jpg,40,0.0934
000007338_1352.jpg,2,0.1353
0000020271_806.jpg,2,0.0807
000006026_940.jpg,2,0.0941
0000029533_844.jpg,41,0.0844
000001749_823.jpg,2,0.0824
0000025309_968.jpg,34,0.0968
0000023778_800.jpg,46,0.0800
0000024771_930.jpg,34,0.0930
000004157_815.jpg,39,0.0815
0000026166_865.jpg,38,0.0866
0000029255_830.jpg,9,0.0831
0000020517_1270.jpg,44,0.1270
000006754_840.jpg,2,0.0840
0000019382_1479.jpg,2,0.1480
0000011906_1045.jpg,2,0.1046
00000973_1981.jpg,2,0.1981
000004143_846.jpg,34,0.0846
0000022314_965.jpg,5,0.0965
000002532_972.jpg,18,0.0972
0000032107_878.jpg,39,0.0879
000002254_840.jpg,2,0.0841
0000022472_1199.jpg,5,0.1199
0000013877_883.jpg,39,0.0884
0000018922_816.jpg,4,0.0816
0000025335_1075.jpg,39,0.1075
0000012599_828.jpg,43,0.0829
0000032649_863.jpg,44,0.0863
0000013687_861.jpg,2,0.0862
0000016927_1489.jpg,44,0.1489
0000028611_879.jpg,44,0.0880
0000027522_925.jpg,44,0.0925
000008037_1050.jpg,2,0.1051
000001013_1537.jpg,2,0.1538
000008989_1057.jpg,5,0.1058
0000031426_816.jpg,35,0.0816
0000030738_1147.jpg,39,0.1147
0000027244_1135.jpg,39,0.1136
000005261_857.jpg,39,0.0857
0000014842_823.jpg,26,0.0824
000001007_923.jpg,7,0.0924
0000021621_890.jpg,34,0.0891
000006768_2240.jpg,2,0.2240
0000017393_848.jpg,26,0.0849
0000016933_885.jpg,34,0.0886
000008023_875.jpg,38,0.0876
0000021147_828.jpg,39,0.0829
000001761_802.jpg,46,0.0802
0000026628_1427.jpg,5,0.1427
0000011084_989.jpg,5,0.0989
0000013693_1306.jpg,39,0.1306
000004396_858.jpg,35,0.0859
000005088_1089.jpg,5,0.1089
0000019157_869.jpg,43,0.0870
000006581_1069.jpg,11,0.1070
000002081_810.jpg,7,0.0811
0000012770_1137.jpg,2,0.1137
000002095_802.jpg,9,0.0803
0000010167_930.jpg,2,0.0931
0000019625_950.jpg,44,0.0951
000006595_977.jpg,40,0.0978
0000019143_894.jpg,9,0.0895
000007853_1099.jpg,2,0.1100
0000010601_2036.jpg,9,0.2037
0000031817_1889.jpg,39,0.1890
0000012016_887.jpg,39,0.0888
0000015779_1035.jpg,2,0.1035
0000011537_973.jpg,9,0.0973
00000542_841.jpg,2,0.0841
000009856_1068.jpg,2,0.1069
0000018275_1296.jpg,2,0.1297
000002903_1002.jpg,39,0.1002
0000015989_889.jpg,39,0.0889
0000015751_825.jpg,43,0.0825
0000023585_825.jpg,44,0.0826
0000018513_918.jpg,26,0.0919
0000029916_832.jpg,39,0.0833
00000224_979.jpg,44,0.0979
0000018507_806.jpg,39,0.0806
0000015023_929.jpg,2,0.0930
0000013452_946.jpg,39,0.0947
0000023591_1733.jpg,44,0.1734
0000024598_1127.jpg,24,0.1127
0000015745_1239.jpg,39,0.1240
0000020926_986.jpg,11,0.0987
0000017152_908.jpg,35,0.0909
0000028349_1186.jpg,29,0.1187
0000020715_1006.jpg,34,0.1006
000009671_1893.jpg,2,0.1894
0000019194_882.jpg,46,0.0883
000002724_1033.jpg,46,0.1033
000004433_998.jpg,2,0.0999
0000032477_1125.jpg,34,0.1125
0000017807_842.jpg,43,0.0842
0000020073_870.jpg,34,0.0870
0000026416_1162.jpg,35,0.1163
0000021379_893.jpg,39,0.0893
0000020067_2610.jpg,35,0.2610
000003348_1531.jpg,44,0.1532
0000032463_967.jpg,44,0.0967
000004341_1572.jpg,2,0.1573
0000015962_1232.jpg,35,0.1233
000007648_1464.jpg,2,0.1464
0000029043_921.jpg,43,0.0922
000005077_1545.jpg,35,0.1545
000004369_849.jpg,9,0.0850
000009895_833.jpg,39,0.0833
000007660_866.jpg,5,0.0866
0000020729_900.jpg,9,0.0901
0000031624_959.jpg,39,0.0960
000006218_807.jpg,39,0.0807
000007106_824.jpg,5,0.0825
000008235_893.jpg,41,0.0893
0000024229_1588.jpg,35,0.1588
0000013485_811.jpg,11,0.0811
0000013491_919.jpg,9,0.0920
0000023552_897.jpg,14,0.0898
000005705_1119.jpg,39,0.1119
0000011286_826.jpg,39,0.0826
0000029719_817.jpg,8,0.0817
000001563_806.jpg,9,0.0807
0000031156_867.jpg,41,0.0868
0000021345_855.jpg,39,0.0856
000007112_917.jpg,43,0.0918
0000027734_977.jpg,39,0.0978
0000030248_1250.jpg,8,0.1251
000009881_1245.jpg,2,0.1245
000008547_1083.jpg,46,0.1084
0000021423_1377.jpg,26,0.1378
000001205_1100.jpg,5,0.1101
0000032339_866.jpg,2,0.0867
000005704_1143.jpg,39,0.1144
0000023553_1381.jpg,44,0.1382
0000013490_940.jpg,24,0.0941
000003375_1008.jpg,5,0.1008
0000033740_875.jpg,39,0.0876
0000033026_838.jpg,32,0.0838
0000015787_956.jpg,29,0.0956
0000025644_964.jpg,5,0.0964
000001204_1100.jpg,5,0.1101
000009658_893.jpg,39,0.0893
0000010827_838.jpg,17,0.0839
0000017190_881.jpg,34,0.0882
00000580_830.jpg,13,0.0831
0000010833_984.jpg,2,0.0984
0000020728_958.jpg,39,0.0959
0000025888_945.jpg,42,0.0946
000005076_1011.jpg,2,0.1012
0000025136_892.jpg,34,0.0893
0000013484_996.jpg,5,0.0996
000006219_1490.jpg,2,0.1490
0000031143_964.jpg,5,0.0964
0000011293_825.jpg,5,0.0826
0000022671_875.jpg,39,0.0875
000005738_1137.jpg,2,0.1137
0000034013_1450.jpg,44,0.1451
0000027709_992.jpg,39,0.0992
0000030275_825.jpg,5,0.0826
000007891_847.jpg,44,0.0847
000007649_865.jpg,2,0.0866
0000030513_1317.jpg,35,0.1318
000004340_1101.jpg,2,0.1102
0000022117_820.jpg,26,0.0820
0000025678_831.jpg,39,0.0831
0000015977_2049.jpg,2,0.2049
000004354_1020.jpg,9,0.1021
000002725_1101.jpg,2,0.1101
0000019195_855.jpg,2,0.0856
0000020072_1039.jpg,39,0.1040
000008208_1082.jpg,44,0.1083
000006225_1214.jpg,2,0.1215
000009116_917.jpg,15,0.0918
0000022665_1799.jpg,39,0.1799
0000033768_1211.jpg,34,0.1211
0000024214_888.jpg,39,0.0888
0000023590_1733.jpg,44,0.1734
0000013453_900.jpg,35,0.0900
0000021387_1312.jpg,9,0.1313
0000019618_1343.jpg,39,0.1343
0000031194_1019.jpg,39,0.1019
0000011244_810.jpg,44,0.0810
00000231_818.jpg,5,0.0818
0000020099_811.jpg,20,0.0811
0000017635_891.jpg,2,0.0892
0000018506_1256.jpg,39,0.1257
0000015744_823.jpg,14,0.0824
0000024599_836.jpg,27,0.0837
000008591_971.jpg,46,0.0972
000009857_1189.jpg,39,0.1190
0000031180_804.jpg,9,0.0805
0000029917_1273.jpg,39,0.1274
0000014328_828.jpg,39,0.0828
0000033797_1034.jpg,39,0.1034
0000019624_877.jpg,39,0.0878
0000027912_988.jpg,38,0.0988
0000010166_930.jpg,2,0.0931
0000017609_1116.jpg,24,0.1116
0000025863_810.jpg,44,0.0811
0000016271_1345.jpg,29,0.1345
0000014472_914.jpg,44,0.0915
00000219_1633.jpg,2,0.1633
0000027251_927.jpg,39,0.0928
0000023037_1011.jpg,41,0.1011
000003177_871.jpg,2,0.0872
0000023751_849.jpg,44,0.0849
000005506_1108.jpg,2,0.1109
000001760_1468.jpg,2,0.1468
000007311_1066.jpg,2,0.1067
0000016932_941.jpg,7,0.0941
0000011091_869.jpg,39,0.0869
000001774_1062.jpg,39,0.1062
0000031341_1626.jpg,8,0.1627
0000028610_832.jpg,35,0.0832
000005274_1035.jpg,36,0.1035
0000017386_874.jpg,39,0.0874
000001012_920.jpg,38,0.0921
0000031427_889.jpg,11,0.0889
000002533_1622.jpg,2,0.1622
000004142_856.jpg,13,0.0856
0000020502_933.jpg,11,0.0934
000009466_1334.jpg,41,0.1335
0000023779_912.jpg,9,0.0912
0000032674_967.jpg,34,0.0967
000002241_1646.jpg,2,0.1646
000001748_1119.jpg,2,0.1119
000006999_869.jpg,39,0.0870
0000020516_817.jpg,46,0.0818
0000026167_914.jpg,44,0.0914
000002527_914.jpg,25,0.0915
000005248_1191.jpg,2,0.1191
0000030936_1537.jpg,39,0.1538
0000018062_1226.jpg,2,0.1227
0000017351_878.jpg,5,0.0878
0000031396_936.jpg,39,0.0937
0000015220_1069.jpg,39,0.1070
0000033581_1198.jpg,29,0.1198
0000013651_1039.jpg,5,0.1040
0000023792_902.jpg,40,0.0902
000004817_1540.jpg,2,0.1540
0000033595_856.jpg,24,0.0856
0000021191_932.jpg,5,0.0932
0000030922_804.jpg,39,0.0804
000006966_866.jpg,2,0.0867
0000018076_1048.jpg,5,0.1049
000006796_958.jpg,39,0.0958
0000029283_898.jpg,4,0.0899
000007488_890.jpg,46,0.0890
0000012215_841.jpg,29,0.0841
0000019426_812.jpg,44,0.0813
0000010370_996.jpg,5,0.0996
0000016701_2327.jpg,2,0.2327
000002282_810.jpg,11,0.0811
000006782_1004.jpg,38,0.1004
000008977_889.jpg,39,0.0889
0000028189_801.jpg,36,0.0801
0000010416_1492.jpg,5,0.1492
0000029308_1700.jpg,8,0.1701
000007503_1085.jpg,2,0.1085
000008630_1903.jpg,13,0.1904
0000030659_1115.jpg,44,0.1116
000003765_1004.jpg,2,0.1005
000005314_1012.jpg,8,0.1012
0000014937_1073.jpg,9,0.1074
0000025532_1019.jpg,2,0.1019
000005472_1041.jpg,39,0.1042
0000014089_1244.jpg,5,0.1245
0000016846_1034.jpg,43,0.1034
000007265_948.jpg,39,0.0949
000001614_1018.jpg,2,0.1018
0000031221_1215.jpg,2,0.1215
0000028764_1213.jpg,35,0.1214
0000025240_1062.jpg,38,0.1063
0000013094_1125.jpg,17,0.1126
000005300_1904.jpg,9,0.1905
0000011683_847.jpg,11,0.0848
0000021740_1585.jpg,29,0.1585
0000027331_999.jpg,35,0.0999
0000024610_1127.jpg,24,0.1127
000005328_848.jpg,2,0.0849
0000029334_835.jpg,34,0.0835
0000026007_1027.jpg,44,0.1028
0000021768_816.jpg,39,0.0816
0000020476_939.jpg,24,0.0939
0000011873_991.jpg,9,0.0992
0000027319_906.jpg,26,0.0906
0000020310_913.jpg,44,0.0914
0000028994_1172.jpg,8,0.1172
0000019591_824.jpg,11,0.0824
000004988_921.jpg,5,0.0921
000002321_851.jpg,44,0.0851
0000023619_1293.jpg,2,0.1294
000002335_1747.jpg,5,0.1747
0000022513_1137.jpg,5,0.1137
000004744_870.jpg,8,0.0871
0000020304_1349.jpg,39,0.1349
000009260_1012.jpg,5,0.1012
0000026775_2281.jpg,8,0.2282
0000029320_862.jpg,44,0.0862
0000020462_981.jpg,5,0.0982
000004022_1166.jpg,39,0.1167
0000022275_854.jpg,39,0.0854
0000015432_815.jpg,29,0.0815
0000013043_1015.jpg,39,0.1015
0000018116_808.jpg,11,0.0809
0000020489_1041.jpg,38,0.1041
000006806_1112.jpg,41,0.1112
0000031584_804.jpg,34,0.0805
000008195_882.jpg,26,0.0883
000004977_936.jpg,39,0.0936
0000015354_1191.jpg,39,0.1191
00000153_849.jpg,5,0.0849
0000017557_1035.jpg,5,0.1035
0000011898_804.jpg,44,0.0804
0000018102_802.jpg,39,0.0803
000006812_861.jpg,46,0.0862
00000635_814.jpg,38,0.0815
0000011640_811.jpg,39,0.0812
0000032099_854.jpg,35,0.0854
0000012349_993.jpg,29,0.0993
0000033387_879.jpg,9,0.0879
0000013057_1286.jpg,39,0.1287
0000023194_951.jpg,35,0.0952
0000021973_810.jpg,46,0.0811
0000012361_1795.jpg,2,0.1795
000004793_1035.jpg,39,0.1036
0000013719_850.jpg,14,0.0850
0000023802_1007.jpg,35,0.1007
000001833_823.jpg,36,0.0823
0000028943_895.jpg,34,0.0895
0000018880_825.jpg,46,0.0826
0000018658_809.jpg,39,0.0810
000003956_923.jpg,26,0.0923
000002490_868.jpg,39,0.0868
0000014704_857.jpg,39,0.0858
000001199_961.jpg,18,0.0962
00000609_985.jpg,35,0.0985
0000016113_802.jpg,46,0.0802
000007067_914.jpg,5,0.0914
000003201_917.jpg,6,0.0917
0000022739_902.jpg,2,0.0903
0000025730_1427.jpg,2,0.1428
000002679_1049.jpg,5,0.1049
0000013282_1117.jpg,26,0.1117
0000020648_1477.jpg,2,0.1477
0000031745_953.jpg,8,0.0954
0000026239_803.jpg,39,0.0803
000007715_905.jpg,44,0.0905
000009738_847.jpg,35,0.0847
0000032258_854.jpg,9,0.0855
000001402_1254.jpg,35,0.1254
000007073_854.jpg,39,0.0854
000005894_1068.jpg,44,0.1069
0000022705_1258.jpg,36,0.1259
000002123_857.jpg,39,0.0858
0000029650_1033.jpg,44,0.1033
000009076_977.jpg,35,0.0978
0000020674_836.jpg,11,0.0836
000006423_1209.jpg,5,0.1210
000009710_1352.jpg,5,0.1353
000002645_1001.jpg,5,0.1001
0000023369_961.jpg,5,0.0961
0000030473_1033.jpg,15,0.1033
0000019787_854.jpg,13,0.0855
000006351_2096.jpg,2,0.2096
0000021218_1032.jpg,44,0.1033
000009062_1743.jpg,1,0.1743
0000020106_1292.jpg,39,0.1293
000003229_1513.jpg,18,0.1513
000004546_911.jpg,44,0.0912
0000025095_834.jpg,9,0.0834
0000017741_1306.jpg,39,0.1306
0000018472_1229.jpg,35,0.1230
000009089_1103.jpg,44,0.1103
0000010990_1028.jpg,39,0.1029
0000033185_1901.jpg,39,0.1902
00000437_1141.jpg,2,0.1142
0000019778_1069.jpg,46,0.1069
0000022936_1276.jpg,41,0.1276
00000379_924.jpg,5,0.0924
000006386_824.jpg,29,0.0825
0000031976_800.jpg,39,0.0800
0000013269_1075.jpg,12,0.1075
0000033807_982.jpg,34,0.0983
0000017769_1108.jpg,39,0.1109
000006392_887.jpg,35,0.0888
0000013537_879.jpg,11,0.0879
0000014258_878.jpg,2,0.0878
0000025085_1022.jpg,11,0.1023
0000011320_1233.jpg,39,0.1233
0000017989_899.jpg,39,0.0900
0000017751_928.jpg,2,0.0929
000008387_927.jpg,29,0.0928
0000027692_858.jpg,11,0.0858
0000010980_1257.jpg,39,0.1258
0000021585_1421.jpg,39,0.1422
0000031796_895.jpg,28,0.0895
0000023392_966.jpg,41,0.0967
000002866_1375.jpg,35,0.1376
0000023386_961.jpg,5,0.0961
0000021591_1025.jpg,2,0.1026
0000011452_967.jpg,17,0.0967
0000029873_807.jpg,39,0.0807
0000017745_847.jpg,35,0.0848
0000022926_828.jpg,39,0.0829
0000013523_1626.jpg,42,0.1627
0000029683_884.jpg,39,0.0885
0000016473_818.jpg,39,0.0819
0000019740_1279.jpg,2,0.1279
0000025907_1268.jpg,39,0.1269
0000014502_946.jpg,39,0.0947
0000010764_911.jpg,8,0.0911
0000016301_980.jpg,18,0.0981
000005853_882.jpg,44,0.0883
000004595_804.jpg,2,0.0804
0000033817_1067.jpg,42,0.1067
0000011308_880.jpg,39,0.0880
000006382_991.jpg,39,0.0992
0000027862_1191.jpg,34,0.1191
0000010016_811.jpg,39,0.0811
000007077_3352.jpg,2,0.3352
0000027651_811.jpg,11,0.0812
0000021220_885.jpg,9,0.0886
000003211_1138.jpg,39,0.1138
0000023437_936.jpg,44,0.0936
0000012832_831.jpg,34,0.0832
0000013292_866.jpg,11,0.0866
000002669_805.jpg,2,0.0805
0000011485_809.jpg,2,0.0809
0000011491_964.jpg,5,0.0964
000001374_819.jpg,2,0.0819
0000031741_821.jpg,36,0.0822
000007705_952.jpg,39,0.0952
000005112_881.jpg,9,0.0881
0000017786_957.jpg,13,0.0958
0000019973_988.jpg,21,0.0988
0000030339_1032.jpg,39,0.1033
000005884_902.jpg,9,0.0902
0000020102_919.jpg,29,0.0919
000008378_810.jpg,46,0.0811
0000029898_864.jpg,44,0.0865
0000026573_1085.jpg,39,0.1086
000009700_1460.jpg,2,0.1460
0000020664_897.jpg,35,0.0898
000004230_1395.jpg,2,0.1396
000002899_1684.jpg,2,0.1684
0000024416_1192.jpg,1,0.1192
0000015813_942.jpg,34,0.0942
0000022067_865.jpg,46,0.0866
000007739_808.jpg,34,0.0808
0000017962_911.jpg,39,0.0911
0000019797_809.jpg,39,0.0809
000004556_884.jpg,39,0.0885
0000013053_894.jpg,2,0.0894
0000033383_802.jpg,39,0.0803
0000023190_1029.jpg,9,0.1030
0000021787_1189.jpg,8,0.1190
000008185_2044.jpg,5,0.2044
0000017553_1021.jpg,39,0.1021
00000157_878.jpg,2,0.0878
000004967_955.jpg,15,0.0955
0000025287_919.jpg,5,0.0920
0000015344_980.jpg,15,0.0981
0000032923_862.jpg,14,0.0862
0000024199_1029.jpg,11,0.1030
0000013735_1753.jpg,2,0.1754
0000032937_1085.jpg,44,0.1086
0000013721_926.jpg,13,0.0927
0000016881_812.jpg,39,0.0813
000008191_1157.jpg,39,0.1158
0000018674_1207.jpg,2,0.1207
0000026942_1025.jpg,2,0.1026
0000016659_903.jpg,35,0.0903
0000031580_1147.jpg,39,0.1148
00000625_896.jpg,2,0.0896
0000018112_927.jpg,1,0.0927
0000033397_966.jpg,39,0.0966
0000032089_960.jpg,39,0.0960
0000011678_837.jpg,44,0.0838
000008807_938.jpg,39,0.0938
0000016117_926.jpg,39,0.0927
000003952_840.jpg,9,0.0841
000002494_943.jpg,35,0.0943
0000013709_979.jpg,8,0.0980
0000010200_857.jpg,39,0.0857
000006194_1692.jpg,2,0.1692
0000019542_954.jpg,41,0.0954
0000028947_830.jpg,39,0.0831
0000016665_1463.jpg,39,0.1464
000004797_1931.jpg,2,0.1931
000003946_824.jpg,15,0.0824
0000010572_822.jpg,38,0.0822
000007513_990.jpg,39,0.0991
0000028006_959.jpg,2,0.0960
0000010599_905.jpg,2,0.0905
000001162_1096.jpg,38,0.1097
0000021744_1016.jpg,2,0.1016
0000013090_935.jpg,42,0.0935
0000023153_907.jpg,41,0.0908
0000023635_950.jpg,9,0.0950
0000014099_990.jpg,5,0.0990
0000033426_1224.jpg,8,0.1224
0000021022_998.jpg,2,0.0998
000009258_1173.jpg,39,0.1173
0000016856_1576.jpg,39,0.1577
0000017590_984.jpg,39,0.0984
0000031225_1057.jpg,5,0.1058
000003007_973.jpg,2,0.0973
000002319_1655.jpg,2,0.1655
000005476_1149.jpg,2,0.1150
0000015393_1020.jpg,39,0.1021
000005310_901.jpg,45,0.0902
0000023147_886.jpg,12,0.0886
0000021988_860.jpg,2,0.0860
000006619_1722.jpg,35,0.1722
0000022271_984.jpg,2,0.0985
000005338_844.jpg,2,0.0845
000002457_841.jpg,5,0.0842
000003749_948.jpg,13,0.0948
0000024600_1116.jpg,2,0.1116
0000030675_1069.jpg,2,0.1070
0000026017_921.jpg,39,0.0921
000007249_803.jpg,39,0.0803
0000024166_1267.jpg,2,0.1267
0000032704_1037.jpg,39,0.1038
0000026765_887.jpg,26,0.0888
0000018853_962.jpg,5,0.0962
0000029456_845.jpg,17,0.0845
0000030107_839.jpg,5,0.0840
0000020314_987.jpg,5,0.0988
0000020472_803.jpg,35,0.0803
0000029330_1386.jpg,29,0.1386
000006625_1350.jpg,1,0.1350
0000022265_887.jpg,39,0.0888
000002443_1417.jpg,2,0.1418
0000012239_1201.jpg,2,0.1201
0000014890_1553.jpg,2,0.1553
0000015556_1535.jpg,2,0.1536
0000014648_879.jpg,44,0.0879
000006962_1310.jpg,2,0.1311
0000030926_939.jpg,44,0.0940
00000745_1324.jpg,39,0.1325
0000011056_1032.jpg,2,0.1032
0000016739_844.jpg,13,0.0845
0000010348_1210.jpg,5,0.1211
0000033591_1126.jpg,39,0.1126
000004813_1041.jpg,39,0.1042
0000022488_1152.jpg,39,0.1153
0000031392_984.jpg,39,0.0984
0000011042_1418.jpg,39,0.1418
0000018700_852.jpg,39,0.0852
0000019378_1689.jpg,41,0.1690
0000026188_841.jpg,41,0.0842
00000751_931.jpg,39,0.0932
0000010412_1058.jpg,39,0.1058
0000016063_1007.jpg,39,0.1007
00000779_1499.jpg,2,0.1500
000004191_1096.jpg,39,0.1096
0000014112_1478.jpg,39,0.1478
000002286_805.jpg,33,0.0805
0000019436_859.jpg,17,0.0859
0000018728_1012.jpg,35,0.1013
0000019422_812.jpg,36,0.0812
0000028827_1027.jpg,44,0.1028
000001943_1002.jpg,5,0.1002
0000010360_935.jpg,2,0.0936
0000015218_975.jpg,41,0.0976
0000023972_1108.jpg,39,0.1108
0000012577_900.jpg,44,0.0901
0000028199_895.jpg,39,0.0896
0000021803_842.jpg,9,0.0843
0000017369_836.jpg,44,0.0836
0000019344_1039.jpg,9,0.1039
0000011718_890.jpg,38,0.0890
0000029287_1020.jpg,13,0.1021
00000786_908.jpg,39,0.0909
0000017382_813.jpg,2,0.0813
0000014853_1033.jpg,5,0.1033
000005270_862.jpg,2,0.0862
0000023999_921.jpg,2,0.0922
000003167_2248.jpg,2,0.2248
0000023741_1441.jpg,11,0.1441
000007301_1235.jpg,44,0.1236
0000016922_958.jpg,39,0.0959
0000021156_828.jpg,26,0.0828
000007315_1195.jpg,34,0.1196
0000011081_912.jpg,39,0.0912
0000023033_1137.jpg,39,0.1137
000003615_1087.jpg,2,0.1088
0000014847_977.jpg,11,0.0977
0000015581_1000.jpg,39,0.1000
0000017396_1170.jpg,5,0.1171
000007473_1506.jpg,44,0.1506
000002523_918.jpg,35,0.0918
000008768_1017.jpg,39,0.1017
0000020512_904.jpg,1,0.0905
000001994_1723.jpg,5,0.1723
0000028628_1052.jpg,39,0.1053
0000029536_951.jpg,44,0.0951
000006023_1106.jpg,39,0.1106
0000025318_927.jpg,11,0.0928
0000024006_908.jpg,44,0.0908
000004620_946.jpg,39,0.0946
0000018927_834.jpg,5,0.0834
0000026611_1256.jpg,35,0.1256
000009304_1366.jpg,2,0.1367
0000029244_1031.jpg,34,0.1032
000006989_863.jpg,24,0.0863
0000030715_834.jpg,44,0.0835
000004146_813.jpg,13,0.0814
000003629_890.jpg,36,0.0891
0000024760_2970.jpg,35,0.2971
000005258_928.jpg,14,0.0929
0000013443_845.jpg,39,0.0845
0000020089_972.jpg,26,0.0973
0000020937_1068.jpg,2,0.1068
0000018270_1289.jpg,39,0.1290
000008595_1403.jpg,2,0.1404
0000027080_978.jpg,2,0.0979
0000013331_928.jpg,5,0.0928
00000553_1221.jpg,2,0.1221
0000020923_1690.jpg,39,0.1690
000008581_932.jpg,17,0.0933
000009847_1197.jpg,39,0.1198
0000032499_1303.jpg,5,0.1304
0000022852_916.jpg,5,0.0917
0000017619_915.jpg,5,0.0915
0000016507_1144.jpg,2,0.1144
0000019634_1024.jpg,40,0.1024
0000027902_935.jpg,2,0.0936
000004393_916.jpg,5,0.0916
0000014476_2355.jpg,5,0.2356
000007842_1141.jpg,38,0.1141
000006584_1255.jpg,39,0.1256
0000019146_812.jpg,17,0.0813
000005099_855.jpg,13,0.0856
0000012013_847.jpg,29,0.0847
000005927_977.jpg,9,0.0978
0000010162_2922.jpg,29,0.2923
000001572_1155.jpg,13,0.1155
0000027725_881.jpg,44,0.0882
0000030259_1084.jpg,35,0.1084
0000028416_836.jpg,39,0.0836
000003365_979.jpg,43,0.0980
0000013480_1089.jpg,5,0.1089
0000025132_1322.jpg,39,0.1323
0000015797_857.jpg,14,0.0857
0000032328_1407.jpg,39,0.1408
000003403_1017.jpg,5,0.1018
0000028370_874.jpg,39,0.0875
000001214_968.jpg,35,0.0968
000009884_1643.jpg,35,0.1643
000001200_964.jpg,29,0.0965
000002709_992.jpg,39,0.0992
0000025640_900.jpg,12,0.0901
0000033022_959.jpg,44,0.0960
0000025898_869.jpg,44,0.0869
0000033744_806.jpg,39,0.0806
000006209_1565.jpg,39,0.1566
0000011283_1349.jpg,35,0.1350
000001566_825.jpg,35,0.0826
000007117_842.jpg,11,0.0842
0000024210_926.jpg,4,0.0927
000003359_1483.jpg,2,0.1484
000002047_1540.jpg,11,0.1540
000009112_1212.jpg,2,0.1212
000006221_1335.jpg,5,0.1336
0000029734_1703.jpg,39,0.1703
0000020076_930.jpg,2,0.0931
000007659_914.jpg,43,0.0914
0000026361_841.jpg,29,0.0841
000006547_871.jpg,35,0.0871
0000025668_983.jpg,9,0.0984
0000032314_953.jpg,2,0.0953
000002721_1477.jpg,5,0.1477
0000024576_934.jpg,40,0.0934
000004344_1097.jpg,44,0.1098
000009106_984.jpg,2,0.0984
0000030271_950.jpg,5,0.0951
0000020062_1015.jpg,5,0.1015
000004422_926.jpg,39,0.0926
000002053_842.jpg,14,0.0842
0000032466_1013.jpg,39,0.1013
0000022675_880.jpg,2,0.0881
0000031608_1025.jpg,39,0.1026
0000029047_1001.jpg,42,0.1001
0000020705_830.jpg,44,0.0830
0000015966_979.jpg,29,0.0979
0000024563_842.jpg,2,0.0843
000002052_1547.jpg,2,0.1547
000004423_1189.jpg,39,0.1189
0000034016_802.jpg,11,0.0803
0000026412_936.jpg,9,0.0937
0000029735_1125.jpg,41,0.1125
0000017803_1107.jpg,2,0.1107
000006220_881.jpg,42,0.0882
0000022660_859.jpg,9,0.0860
000005729_1690.jpg,39,0.1691
000004437_846.jpg,2,0.0847
0000015972_866.jpg,44,0.0867
0000024577_934.jpg,40,0.0934
0000032315_861.jpg,36,0.0862
0000026360_852.jpg,38,0.0853
0000030502_842.jpg,2,0.0842
0000020711_975.jpg,2,0.0976
000002708_900.jpg,35,0.0901
000005067_882.jpg,39,0.0883
0000021427_800.jpg,5,0.0801
0000031634_839.jpg,8,0.0839
0000026348_852.jpg,38,0.0853
0000028365_808.jpg,2,0.0809
0000027056_986.jpg,34,0.0986
0000020739_888.jpg,13,0.0889
0000028403_834.jpg,8,0.0834
0000011282_1003.jpg,6,0.1003
0000013495_802.jpg,2,0.0803
0000012947_1059.jpg,5,0.1059
0000023542_873.jpg,39,0.0873
000007102_818.jpg,39,0.0819
0000028417_857.jpg,39,0.0857
000001573_1917.jpg,2,0.1917
0000021355_984.jpg,39,0.0984
000001215_883.jpg,44,0.0884
0000028371_2014.jpg,5,0.2014
000008557_1197.jpg,35,0.1198
000003402_960.jpg,9,0.0960
0000033037_932.jpg,8,0.0933
0000032329_1070.jpg,5,0.1070
000005098_899.jpg,39,0.0899
0000019147_1033.jpg,9,0.1033
000001598_834.jpg,39,0.0834
0000027917_856.jpg,39,0.0856
000005926_1045.jpg,39,0.1046
0000027903_855.jpg,5,0.0856
0000019635_2107.jpg,2,0.2107
0000010177_816.jpg,39,0.0817
0000019153_1043.jpg,39,0.1043
0000029090_981.jpg,9,0.0982
0000010639_888.jpg,34,0.0889
0000020922_835.jpg,9,0.0836
0000025682_1249.jpg,2,0.1250
000002913_1203.jpg,35,0.1204
0000013330_833.jpg,29,0.0833
00000234_1408.jpg,2,0.1408
0000017630_1158.jpg,5,0.1158
0000033792_961.jpg,2,0.0962
0000012984_958.jpg,41,0.0959
000009852_817.jpg,13,0.0818
0000017142_1344.jpg,12,0.1344
0000018271_1002.jpg,4,0.1003
0000020936_1285.jpg,11,0.1285
00000546_1047.jpg,39,0.1048
0000011533_813.jpg,36,0.0813
000009305_1366.jpg,2,0.1367
0000030072_846.jpg,11,0.0846
000007328_1152.jpg,2,0.1153
0000023768_892.jpg,34,0.0893
0000024007_835.jpg,39,0.0835
000002250_1051.jpg,39,0.1051
0000013873_1032.jpg,2,0.1032
0000022476_812.jpg,2,0.0813
0000022310_975.jpg,29,0.0976
000002536_1228.jpg,9,0.1229
0000024761_2970.jpg,35,0.2971
000003628_965.jpg,2,0.0965
0000029245_1251.jpg,26,0.1251
0000019386_1224.jpg,46,0.1224
000006750_860.jpg,2,0.0861
0000029251_987.jpg,46,0.0988
0000032671_829.jpg,26,0.0829
0000026604_1183.jpg,46,0.1183
0000030066_839.jpg,39,0.0840
0000023754_892.jpg,34,0.0893
0000012589_855.jpg,46,0.0856
000005503_903.jpg,11,0.0904
0000027532_907.jpg,35,0.0907
0000028601_1014.jpg,2,0.1015
0000027254_851.jpg,8,0.0852
0000028167_1159.jpg,39,0.1159
000001003_1535.jpg,5,0.1535
000005265_864.jpg,41,0.0865
000003614_963.jpg,18,0.0963
0000033221_851.jpg,39,0.0851
000005271_801.jpg,43,0.0802
0000025457_1113.jpg,13,0.1114
000003600_880.jpg,2,0.0880
000008755_1337.jpg,2,0.1338
00000787_2008.jpg,2,0.2009
0000021631_869.jpg,39,0.0870
0000021157_823.jpg,26,0.0824
0000027526_882.jpg,41,0.0883
0000020249_858.jpg,24,0.0858
0000032895_822.jpg,15,0.0823
0000033553_829.jpg,39,0.0829
000003166_846.jpg,35,0.0846
000002278_1078.jpg,2,0.1078
000002293_1046.jpg,42,0.1046
0000023973_988.jpg,44,0.0989
0000015219_925.jpg,35,0.0925
000008966_856.jpg,2,0.0856
0000029286_1102.jpg,39,0.1102
0000016076_824.jpg,41,0.0825
000006793_1326.jpg,2,0.1326
0000010407_919.jpg,9,0.0920
0000029292_898.jpg,4,0.0899
000008972_1149.jpg,5,0.1149
00000778_2158.jpg,2,0.2158
0000012562_1050.jpg,35,0.1051
0000011043_812.jpg,39,0.0812
0000015225_930.jpg,5,0.0930
0000013132_992.jpg,2,0.0993
0000015543_1194.jpg,2,0.1194
0000011725_1166.jpg,2,0.1166
00000988_2020.jpg,35,0.2020
0000017354_1092.jpg,39,0.1093
000006977_1048.jpg,2,0.1048
0000027297_900.jpg,39,0.0901
000009488_1211.jpg,2,0.1211
0000030927_890.jpg,36,0.0890
0000017340_932.jpg,39,0.0933
0000027283_894.jpg,41,0.0895
0000013126_998.jpg,5,0.0999
0000014891_810.jpg,35,0.0811
0000025494_941.jpg,39,0.0942
000004812_965.jpg,11,0.0965
0000013898_901.jpg,44,0.0902
0000033590_976.jpg,13,0.0977
0000013640_870.jpg,5,0.0870
0000010349_1261.jpg,38,0.1262
0000030099_1149.jpg,39,0.1150
0000020315_977.jpg,5,0.0977
0000028749_1213.jpg,35,0.1214
0000030106_1013.jpg,2,0.1013
0000018852_1086.jpg,2,0.1086
0000026764_1590.jpg,2,0.1590
000006142_987.jpg,39,0.0988
000002324_973.jpg,2,0.0974
0000032711_1201.jpg,5,0.1201
000004033_1372.jpg,2,0.1373
0000030660_1247.jpg,46,0.1248
000008609_1041.jpg,39,0.1041
0000029325_808.jpg,11,0.0808
0000026016_816.jpg,39,0.0816
0000011862_826.jpg,39,0.0826
000003990_810.jpg,44,0.0810
0000025279_962.jpg,39,0.0963
0000029443_1588.jpg,41,0.1588
0000018846_888.jpg,2,0.0889
0000028985_900.jpg,17,0.0900
000006156_877.jpg,4,0.0878
000005477_1449.jpg,13,0.1450
000002318_859.jpg,2,0.0859
0000025251_971.jpg,9,0.0971
000004769_1034.jpg,2,0.1035
0000026980_864.jpg,36,0.0864
0000030884_928.jpg,41,0.0928
000001177_1182.jpg,2,0.1183
0000021989_1140.jpg,2,0.1140
0000022258_809.jpg,34,0.0809
000005311_808.jpg,39,0.0809
000003774_859.jpg,39,0.0859
0000033341_1024.jpg,11,0.1024
000005305_955.jpg,24,0.0955
0000021745_958.jpg,39,0.0958
0000030890_959.jpg,2,0.0959
000007512_1300.jpg,2,0.1300
000007274_1165.jpg,2,0.1165
0000016857_1074.jpg,44,0.1074
0000025245_887.jpg,35,0.0887
000003012_1106.jpg,2,0.1106
0000033427_1021.jpg,39,0.1022
0000014098_2465.jpg,2,0.2466
000005488_1008.jpg,4,0.1008
0000028952_1100.jpg,39,0.1100
0000019557_830.jpg,5,0.0831
0000018649_918.jpg,43,0.0918
0000010573_1093.jpg,38,0.1094
000008812_927.jpg,8,0.0927
0000012370_1098.jpg,2,0.1098
000002495_968.jpg,2,0.0968
0000021962_1038.jpg,43,0.1039
0000010567_1083.jpg,39,0.1084
0000019225_909.jpg,44,0.0909
0000018885_1323.jpg,2,0.1323
0000028946_887.jpg,2,0.0888
000004782_921.jpg,2,0.0921
0000012416_868.jpg,13,0.0869
0000011137_827.jpg,44,0.0828
0000017546_1177.jpg,2,0.1177
0000027485_1254.jpg,39,0.1255
0000025292_854.jpg,34,0.0855
0000024832_928.jpg,39,0.0928
0000033396_1500.jpg,8,0.1500
0000013046_932.jpg,7,0.0932
0000030847_1146.jpg,44,0.1147
00000624_846.jpg,13,0.0846
0000019219_1194.jpg,35,0.1195
0000030853_974.jpg,39,0.0974
00000630_1139.jpg,11,0.1140
0000015345_825.jpg,2,0.0825
0000027491_2617.jpg,2,0.2617
0000016894_1075.jpg,9,0.1075
000007738_1148.jpg,2,0.1148
0000029133_855.jpg,39,0.0856
000002640_1001.jpg,5,0.1001
0000015812_988.jpg,17,0.0989
000005891_924.jpg,39,0.0924
0000024371_1068.jpg,2,0.1069
0000032513_879.jpg,5,0.0879
0000021209_890.jpg,5,0.0890
0000018488_1026.jpg,43,0.1027
0000020117_817.jpg,36,0.0818
000006354_1328.jpg,35,0.1328
000009067_811.jpg,35,0.0811
0000026572_1771.jpg,5,0.1771
0000030310_942.jpg,39,0.0943
0000029899_1779.jpg,18,0.1780
0000024365_1505.jpg,39,0.1506
0000032507_814.jpg,39,0.0815
0000015806_1170.jpg,2,0.1171
000009701_1159.jpg,38,0.1159
0000023344_818.jpg,21,0.0818
0000031740_2543.jpg,2,0.2543
0000011490_813.jpg,43,0.0814
0000030338_814.jpg,36,0.0814
0000019972_1169.jpg,44,0.1169
000008351_1237.jpg,39,0.1237
0000023422_1204.jpg,28,0.1204
000005675_869.jpg,5,0.0870
0000012833_1835.jpg,2,0.1835
0000023436_1164.jpg,35,0.1165
0000024359_863.jpg,11,0.0864
000003210_875.jpg,34,0.0875
0000027650_811.jpg,11,0.0812
0000019966_813.jpg,36,0.0814
000007076_1147.jpg,2,0.1147
0000031754_997.jpg,11,0.0998
0000020881_892.jpg,39,0.0893
0000011484_969.jpg,39,0.0970
0000023350_1081.jpg,29,0.1082
0000019755_872.jpg,11,0.0873
0000016466_1300.jpg,35,0.1300
0000029696_957.jpg,43,0.0957
0000012600_819.jpg,5,0.0819
000004580_2477.jpg,35,0.2478
0000019741_801.jpg,35,0.0801
0000027877_918.jpg,2,0.0918
00000368_895.jpg,44,0.0895
0000029682_1250.jpg,9,0.1251
0000016314_833.jpg,36,0.0833
000003589_886.jpg,39,0.0887
0000012172_1267.jpg,19,0.1267
00000426_894.jpg,13,0.0895
0000021590_948.jpg,5,0.0949
0000022099_1243.jpg,2,0.1243
0000013522_883.jpg,2,0.0884
0000029872_803.jpg,39,0.0804
0000026599_1085.jpg,39,0.1085
0000011335_1033.jpg,5,0.1033
000008386_806.jpg,6,0.0807
000009098_1487.jpg,35,0.1488
0000011321_2130.jpg,9,0.2131
0000015147_882.jpg,35,0.0883
0000022933_1082.jpg,2,0.1083
0000013250_1109.jpg,9,0.1109
0000015621_1127.jpg,3,0.1128
0000031797_851.jpg,5,0.0852
0000018305_896.jpg,35,0.0897
0000010759_990.jpg,2,0.0990
0000011337_800.jpg,5,0.0801
00000342_1561.jpg,2,0.1562
0000015151_832.jpg,2,0.0832
0000012158_865.jpg,39,0.0866
000002865_995.jpg,29,0.0995
0000033196_1096.jpg,39,0.1097
000009930_1078.jpg,46,0.1079
0000018313_1420.jpg,35,0.1421
0000020854_1064.jpg,44,0.1064
00000424_892.jpg,2,0.0893
0000011451_988.jpg,46,0.0989
0000010983_1284.jpg,2,0.1285
0000019019_1358.jpg,39,0.1359
0000023391_883.jpg,34,0.0883
0000013252_846.jpg,35,0.0846
0000033182_800.jpg,2,0.0801
00000356_887.jpg,2,0.0888
0000029864_925.jpg,2,0.0925
0000027691_803.jpg,39,0.0804
0000014273_938.jpg,26,0.0939
0000016464_939.jpg,2,0.0940
00000418_1114.jpg,5,0.1115
000007921_992.jpg,2,0.0993
0000020868_1095.jpg,5,0.1095
0000014267_1126.jpg,5,0.1126
0000015192_1206.jpg,39,0.1206
000004569_847.jpg,40,0.0847
0000027646_820.jpg,11,0.0821
0000021237_851.jpg,5,0.0852
0000010954_875.jpg,5,0.0875
0000020897_1762.jpg,35,0.1762
000001377_1502.jpg,2,0.1503
000008435_1003.jpg,2,0.1003
0000023346_1106.jpg,34,0.1107
0000025737_942.jpg,44,0.0943
000007712_846.jpg,39,0.0847
0000017791_908.jpg,39,0.0908
000007074_834.jpg,2,0.0834
0000027652_831.jpg,26,0.0831
0000017949_861.jpg,39,0.0861
0000031030_998.jpg,44,0.0998
00000395_993.jpg,44,0.0994
0000012831_831.jpg,38,0.0831
0000014298_1120.jpg,44,0.1121
0000028549_890.jpg,2,0.0890
0000026564_1084.jpg,38,0.1085
0000017961_1129.jpg,4,0.1129
000006342_1469.jpg,2,0.1469
000009071_943.jpg,13,0.0943
0000022702_968.jpg,13,0.0968
0000024373_1737.jpg,44,0.1737
0000022064_834.jpg,39,0.0835
0000026202_864.jpg,44,0.0865
0000021579_1150.jpg,36,0.1151
0000020667_829.jpg,39,0.0830
0000015804_1020.jpg,39,0.1021
0000032263_988.jpg,46,0.0989
000002656_821.jpg,5,0.0821
0000022070_1082.jpg,5,0.1082
000002130_890.jpg,2,0.0890
000005887_867.jpg,2,0.0868
000006356_859.jpg,43,0.0860
0000017222_1365.jpg,36,0.1366
0000021948_815.jpg,2,0.0815
0000033394_1500.jpg,8,0.1500
0000022299_858.jpg,44,0.0858
0000023839_891.jpg,5,0.0892
0000013722_953.jpg,39,0.0953
0000027487_1118.jpg,12,0.1118
0000026941_872.jpg,40,0.0873
0000011135_1100.jpg,2,0.1101
0000016896_2139.jpg,2,0.2140
000008186_935.jpg,5,0.0936
000004964_840.jpg,34,0.0840
0000032920_1230.jpg,41,0.1231
0000021784_884.jpg,39,0.0884
0000017236_859.jpg,35,0.0860
000006815_911.jpg,46,0.0911
0000013078_1065.jpg,39,0.1065
000003945_2511.jpg,35,0.2511
0000028788_1490.jpg,5,0.1491
0000012400_803.jpg,2,0.0804
000004794_808.jpg,41,0.0809
0000014071_921.jpg,39,0.0922
000004958_1006.jpg,34,0.1006
0000023811_884.jpg,35,0.0885
000004780_1679.jpg,35,0.1679
0000019541_985.jpg,34,0.0986
0000010565_918.jpg,46,0.0919
0000014703_899.jpg,9,0.0900
000003951_980.jpg,11,0.0981
000005313_923.jpg,2,0.0923
0000025535_949.jpg,39,0.0950
000003762_1007.jpg,2,0.1008
0000011848_1057.jpg,2,0.1058
0000011690_861.jpg,38,0.0862
000001175_1178.jpg,39,0.1178
0000030886_1051.jpg,18,0.1052
00000183_1039.jpg,9,0.1040
0000027444_1132.jpg,5,0.1132
0000016841_945.jpg,13,0.0946
0000023622_895.jpg,39,0.0895
000003004_1092.jpg,2,0.1092
000005475_1333.jpg,2,0.1334
0000015384_821.jpg,2,0.0821
00000197_1041.jpg,5,0.1041
0000016855_1576.jpg,39,0.1577
000008145_1756.jpg,2,0.1756
000007510_869.jpg,39,0.0870
0000027336_1203.jpg,8,0.1204
0000026028_964.jpg,43,0.0965
0000031554_978.jpg,34,0.0978
000001161_1268.jpg,2,0.1269
0000033343_859.jpg,44,0.0859
000003776_981.jpg,39,0.0981
0000013093_1316.jpg,2,0.1317
0000011874_1610.jpg,2,0.1610
0000030662_801.jpg,43,0.0801
0000025509_843.jpg,39,0.0843
0000032075_873.jpg,35,0.0873
0000013905_826.jpg,5,0.0827
0000021009_815.jpg,39,0.0815
0000029455_1006.jpg,13,0.1007
0000020317_1205.jpg,5,0.1205
0000028987_805.jpg,29,0.0805
000009267_1011.jpg,34,0.1011
000006154_1098.jpg,39,0.1098
0000019582_2238.jpg,39,0.2238
0000026772_837.jpg,2,0.0838
0000016869_1373.jpg,2,0.1374
000008179_882.jpg,26,0.0883
000002332_1331.jpg,5,0.1331
0000022514_866.jpg,29,0.0867
0000014918_1062.jpg,38,0.1063
0000020465_1575.jpg,2,0.1575
0000030676_1069.jpg,2,0.1070
0000031568_1194.jpg,40,0.1195
0000029327_867.jpg,35,0.0868
000006632_1211.jpg,44,0.1211
0000018065_898.jpg,43,0.0898
000008780_813.jpg,5,0.0813
0000011727_1004.jpg,39,0.1005
0000014887_1227.jpg,2,0.1228
0000013656_993.jpg,11,0.0994
0000031391_1466.jpg,39,0.1466
0000021182_801.jpg,34,0.0801
0000028818_1096.jpg,46,0.1096
0000019409_1763.jpg,44,0.1764
0000021196_933.jpg,2,0.0933
0000013642_1976.jpg,2,0.1977
0000023781_879.jpg,44,0.0879
000004810_1599.jpg,5,0.1600
0000014893_806.jpg,13,0.0807
0000024950_1253.jpg,2,0.1254
0000024788_1034.jpg,35,0.1035
0000027281_1415.jpg,2,0.1416
000006949_914.jpg,2,0.0914
0000010363_800.jpg,5,0.0800
000002291_832.jpg,2,0.0832
0000032868_897.jpg,39,0.0897
0000012560_1208.jpg,5,0.1208
0000028830_1068.jpg,44,0.1068
000006785_867.jpg,39,0.0868
000004179_1454.jpg,44,0.1455
0000021627_1114.jpg,39,0.1114
00000791_968.jpg,2,0.0969
0000028165_870.jpg,19,0.0871
0000020539_900.jpg,39,0.0901
000008025_1217.jpg,44,0.1217
0000028603_860.jpg,2,0.0860
000001767_1693.jpg,35,0.1693
0000022448_1025.jpg,34,0.1025
000003170_859.jpg,11,0.0860
000003164_948.jpg,43,0.0948
0000032897_977.jpg,44,0.0977
0000028617_868.jpg,9,0.0868
000009449_864.jpg,2,0.0865
00000785_1081.jpg,39,0.1082
0000028171_826.jpg,46,0.0826
0000023024_872.jpg,44,0.0872
0000014688_1323.jpg,5,0.1324
000003602_803.jpg,44,0.0804
000009461_864.jpg,2,0.0865
000006752_1082.jpg,2,0.1083
0000026174_1045.jpg,5,0.1046
0000028159_1002.jpg,41,0.1003
0000030716_862.jpg,2,0.0863
0000020505_979.jpg,39,0.0979
000004145_836.jpg,44,0.0836
0000032101_867.jpg,35,0.0867
0000013871_973.jpg,29,0.0974
000002252_2512.jpg,2,0.2513
0000030070_1302.jpg,2,0.1303
000009307_1132.jpg,39,0.1133
000006034_932.jpg,5,0.0932
0000027518_920.jpg,29,0.0921
000005529_1391.jpg,2,0.1392
0000022460_1007.jpg,7,0.1007
000004151_1560.jpg,2,0.1560
0000024777_854.jpg,12,0.0855
000002520_1166.jpg,9,0.1167
0000030702_812.jpg,38,0.0812
0000020511_1850.jpg,5,0.1850
0000013332_858.jpg,39,0.0858
000002911_909.jpg,2,0.0909
0000018267_990.jpg,44,0.0991
00000544_827.jpg,35,0.0827
0000011531_989.jpg,5,0.0989
000009850_838.jpg,39,0.0838
000002905_1238.jpg,9,0.1239
0000014449_1054.jpg,2,0.1054
0000030299_1336.jpg,5,0.1336
0000010149_856.jpg,11,0.0856
0000029910_824.jpg,35,0.0824
0000017626_857.jpg,41,0.0857
0000031187_869.jpg,11,0.0870
00000222_1069.jpg,2,0.1070
000005924_958.jpg,2,0.0958
0000029938_1044.jpg,5,0.1045
000007855_987.jpg,5,0.0988
0000011519_949.jpg,2,0.0949
0000019145_1061.jpg,39,0.1062
000004384_843.jpg,39,0.0843
000004390_882.jpg,46,0.0882
0000019151_921.jpg,5,0.0921
000007699_960.jpg,2,0.0961
0000010613_802.jpg,26,0.0802
0000010175_939.jpg,29,0.0939
000002087_807.jpg,5,0.0807
0000033974_894.jpg,17,0.0895
0000014313_943.jpg,9,0.0944
000003399_803.jpg,45,0.0804
0000022879_993.jpg,39,0.0993
0000013497_1267.jpg,39,0.1267
000003372_987.jpg,15,0.0987
0000012789_837.jpg,2,0.0838
0000028401_1173.jpg,35,0.1174
000008227_814.jpg,39,0.0815
000008541_1017.jpg,39,0.1017
000007672_959.jpg,39,0.0959
000001203_832.jpg,35,0.0832
00000593_1250.jpg,2,0.1251
0000016289_848.jpg,9,0.0849
000005065_907.jpg,2,0.0907
0000015958_1047.jpg,39,0.1048
0000025657_837.jpg,39,0.0837
000003400_851.jpg,9,0.0852
0000023226_1009.jpg,9,0.1010
0000017183_1450.jpg,8,0.1451
000002078_987.jpg,35,0.0988
000005717_1358.jpg,5,0.1358
000001559_1335.jpg,2,0.1335
0000020061_941.jpg,36,0.0941
0000034014_896.jpg,39,0.0896
000002050_905.jpg,42,0.0905
0000022676_933.jpg,39,0.0933
000005059_2253.jpg,2,0.2253
0000032303_941.jpg,39,0.0941
000002736_868.jpg,44,0.0869
000004347_1070.jpg,2,0.1070
0000027068_835.jpg,5,0.0836
000007896_1259.jpg,9,0.1260
000006550_1366.jpg,2,0.1367
0000021419_843.jpg,9,0.0844
0000026362_965.jpg,43,0.0965
000007882_893.jpg,5,0.0893
0000019192_863.jpg,39,0.0863
0000022104_820.jpg,26,0.0820
0000033009_807.jpg,34,0.0807
0000015970_830.jpg,44,0.0831
0000024575_934.jpg,40,0.0934
0000029737_958.jpg,26,0.0959
0000030266_1883.jpg,39,0.1884
0000020075_881.jpg,34,0.0881
000004352_971.jpg,35,0.0971
000009676_947.jpg,41,0.0948
000007883_1449.jpg,2,0.1449
0000020074_804.jpg,2,0.0804
0000031179_831.jpg,39,0.0832
000009110_1005.jpg,35,0.1006
0000032470_870.jpg,2,0.0870
0000024212_886.jpg,39,0.0887
000004434_1167.jpg,39,0.1168
000004420_1777.jpg,29,0.1778
000009104_1086.jpg,39,0.1086
0000021418_1007.jpg,39,0.1008
0000019187_982.jpg,29,0.0983
000006551_1397.jpg,35,0.1397
0000020706_827.jpg,44,0.0827
0000018299_1081.jpg,35,0.1082
000004346_821.jpg,44,0.0821
0000015965_1280.jpg,5,0.1281
000002737_906.jpg,2,0.0907
000005058_895.jpg,5,0.0895
0000021430_1160.jpg,8,0.1161
0000028372_1043.jpg,8,0.1043
000009892_1022.jpg,5,0.1022
0000025656_812.jpg,9,0.0813
0000015795_1365.jpg,2,0.1366
000005070_1207.jpg,9,0.1208
000005716_1228.jpg,2,0.1228
000002079_860.jpg,5,0.0861
0000022887_836.jpg,2,0.0837
0000013482_1062.jpg,46,0.1063
0000012944_862.jpg,39,0.0862
0000028414_920.jpg,39,0.0921
0000021342_833.jpg,9,0.0834
000009138_1027.jpg,11,0.1028
000003373_864.jpg,5,0.0865
0000033746_869.jpg,26,0.0870
0000013496_1012.jpg,35,0.1013
0000023555_819.jpg,24,0.0819
0000015959_891.jpg,42,0.0891
00000592_1024.jpg,5,0.1025
000001202_849.jpg,11,0.0850
0000030529_1085.jpg,39,0.1085
0000017196_1002.jpg,35,0.1002
0000010612_1022.jpg,39,0.1022
0000020909_1039.jpg,5,0.1040
000007840_1260.jpg,2,0.1260
0000025871_1120.jpg,39,0.1120
000002938_1168.jpg,11,0.1169
000005931_1095.jpg,35,0.1096
000003398_870.jpg,2,0.0870
0000014312_872.jpg,40,0.0873
0000016505_1855.jpg,5,0.1856
0000016511_1113.jpg,2,0.1113
0000019622_1693.jpg,2,0.1694
0000027914_1092.jpg,9,0.1092
000005925_816.jpg,9,0.0817
0000014306_866.jpg,35,0.0866
000002092_1162.jpg,35,0.1163
0000012011_805.jpg,12,0.0806
0000029087_893.jpg,34,0.0894
0000015756_803.jpg,36,0.0803
0000014448_1015.jpg,44,0.1016
000002904_1079.jpg,43,0.1079
000009851_965.jpg,8,0.0966
0000031838_875.jpg,44,0.0875
0000020935_1225.jpg,34,0.1225
0000017627_1058.jpg,39,0.1059
0000029911_814.jpg,8,0.0815
0000030298_1055.jpg,44,0.1056
0000033791_881.jpg,39,0.0882
0000023582_850.jpg,2,0.0851
0000015030_811.jpg,43,0.0812
0000033949_954.jpg,2,0.0954
0000013455_995.jpg,5,0.0996
0000022688_800.jpg,35,0.0801
0000015024_984.jpg,42,0.0984
0000018266_902.jpg,39,0.0903
0000020921_1082.jpg,39,0.1082
0000025681_1249.jpg,2,0.1250
0000015742_863.jpg,11,0.0863
0000013333_1247.jpg,13,0.1247
000003159_1216.jpg,2,0.1217
0000021168_801.jpg,34,0.0801
0000018931_1077.jpg,17,0.1078
0000020276_869.jpg,2,0.0870
00000960_889.jpg,4,0.0889
000009474_909.jpg,34,0.0909
0000023019_806.jpg,2,0.0807
000002535_1026.jpg,2,0.1027
0000014879_816.jpg,46,0.0816
0000024762_1183.jpg,8,0.1184
00000974_818.jpg,2,0.0819
0000030717_1351.jpg,9,0.1351
0000026175_845.jpg,5,0.0846
000006753_906.jpg,2,0.0906
0000016908_941.jpg,35,0.0942
000004622_1208.jpg,13,0.1208
0000024004_946.jpg,5,0.0946
0000013870_877.jpg,39,0.0877
0000021154_936.jpg,39,0.0936
0000010389_1121.jpg,39,0.1122
000008030_1119.jpg,11,0.1119
0000023743_841.jpg,9,0.0842
0000032896_1244.jpg,41,0.1245
0000025332_1351.jpg,44,0.1352
0000015597_1284.jpg,6,0.1284
0000014851_823.jpg,5,0.0824
000008756_984.jpg,4,0.0984
00000784_1977.jpg,9,0.1978
00000948_1288.jpg,2,0.1288
000001000_2181.jpg,13,0.2182
00000790_981.jpg,44,0.0981
0000015583_846.jpg,5,0.0847
0000025440_1058.jpg,9,0.1059
000002509_865.jpg,11,0.0865
000003617_1087.jpg,2,0.1088
000005500_1033.jpg,35,0.1034
0000028602_1526.jpg,35,0.1526
0000027531_1019.jpg,8,0.1019
0000017419_909.jpg,24,0.0909
0000028831_1268.jpg,8,0.1269
000002284_824.jpg,35,0.0825
0000032869_836.jpg,2,0.0836
0000013119_887.jpg,5,0.0888
0000014676_973.jpg,31,0.0973
0000019352_870.jpg,46,0.0871
0000010410_830.jpg,31,0.0831
000006790_2046.jpg,2,0.2046
000006948_871.jpg,11,0.0872
0000021801_884.jpg,39,0.0884
000004187_869.jpg,2,0.0870
0000023970_1244.jpg,5,0.1244
000004839_1008.jpg,2,0.1009
0000012575_809.jpg,2,0.0810
0000014104_905.jpg,39,0.0905
0000028825_989.jpg,12,0.0989
000001799_885.jpg,2,0.0886
000004811_814.jpg,2,0.0814
0000023958_1117.jpg,2,0.1117
0000013643_872.jpg,9,0.0872
0000020289_1000.jpg,44,0.1000
0000026820_813.jpg,39,0.0813
0000030924_805.jpg,26,0.0806
0000018070_1026.jpg,44,0.1026
000006960_829.jpg,46,0.0830
0000024951_1123.jpg,8,0.1124
0000030930_943.jpg,46,0.0944
0000031390_970.jpg,2,0.0970
0000011040_867.jpg,9,0.0867
0000033587_1103.jpg,5,0.1104
0000013910_1018.jpg,9,0.1018
000002333_851.jpg,2,0.0851
0000032706_1201.jpg,5,0.1201
0000033418_837.jpg,42,0.0838
0000016868_836.jpg,44,0.0837
000006155_828.jpg,39,0.0828
0000019583_826.jpg,38,0.0826
0000029326_1502.jpg,2,0.1502
0000030677_1021.jpg,39,0.1021
00000814_825.jpg,13,0.0826
000002455_1114.jpg,2,0.1115
0000014919_924.jpg,2,0.0924
000007539_909.jpg,11,0.0910
0000026767_1216.jpg,39,0.1217
0000029454_1195.jpg,35,0.1196
0000019597_1304.jpg,2,0.1305
000005448_809.jpg,36,0.0809
0000032712_850.jpg,39,0.0850
000003039_815.jpg,5,0.0816
000004756_826.jpg,39,0.0827
000008144_894.jpg,5,0.0894
0000017592_1010.jpg,39,0.1011
000007277_921.jpg,39,0.0921
0000016854_823.jpg,26,0.0823
0000018879_928.jpg,2,0.0929
000006169_855.jpg,2,0.0855
000005460_1014.jpg,11,0.1015
0000025246_1203.jpg,35,0.1203
0000023151_893.jpg,39,0.0893
0000013092_851.jpg,44,0.0852
000003777_830.jpg,38,0.0830
0000028004_849.jpg,34,0.0849
0000027337_1203.jpg,8,0.1204
000008622_857.jpg,9,0.0857
0000020458_810.jpg,2,0.0810
00000828_952.jpg,1,0.0952
0000030887_1344.jpg,39,0.1345
000009528_831.jpg,9,0.0832
0000028010_1008.jpg,39,0.1009
000008636_967.jpg,41,0.0967
0000011849_826.jpg,39,0.0826
000005312_1018.jpg,2,0.1018
000005474_1444.jpg,46,0.1444
0000013938_938.jpg,41,0.0938
0000015391_1001.jpg,35,0.1001
0000025252_938.jpg,39,0.0938
0000033430_980.jpg,9,0.0981
0000027445_999.jpg,11,0.1000
0000018886_1867.jpg,2,0.1868
0000019540_930.jpg,11,0.0931
000001821_801.jpg,5,0.0802
0000012415_819.jpg,39,0.0819
0000010564_1710.jpg,35,0.1710
0000018138_1448.jpg,39,0.1449
0000016101_805.jpg,5,0.0806
0000014070_1340.jpg,5,0.1340
0000032909_905.jpg,9,0.0906
000004795_1191.jpg,2,0.1192
0000019554_1200.jpg,5,0.1200
0000028951_810.jpg,38,0.0810
000001835_1584.jpg,2,0.1585
0000010216_1014.jpg,34,0.1015
0000012429_1443.jpg,2,0.1444
00000155_849.jpg,5,0.0849
0000011120_828.jpg,39,0.0829
000009299_1248.jpg,2,0.1249
0000017551_867.jpg,46,0.0868
000008187_819.jpg,39,0.0819
0000027492_802.jpg,39,0.0802
0000018104_829.jpg,46,0.0829
00000633_1304.jpg,2,0.1304
0000024825_1040.jpg,5,0.1040
0000018_1601.jpg,2,0.1602
0000022298_1393.jpg,35,0.1393
000003978_903.jpg,9,0.0904
0000023186_853.jpg,39,0.0854
0000033395_1500.jpg,8,0.1500
0000021949_1038.jpg,43,0.1039
0000018110_1030.jpg,35,0.1031
0000011652_860.jpg,39,0.0861
0000017545_902.jpg,2,0.0902
0000013723_888.jpg,19,0.0888
0000032935_850.jpg,29,0.0850
0000015352_845.jpg,39,0.0846
0000023838_943.jpg,44,0.0943
0000032262_899.jpg,43,0.0900
000002657_892.jpg,2,0.0893
000003549_839.jpg,39,0.0840
000004226_840.jpg,11,0.0841
0000030475_855.jpg,5,0.0855
0000021578_802.jpg,2,0.0802
000006431_900.jpg,39,0.0900
0000019781_1013.jpg,2,0.1014
0000017974_821.jpg,39,0.0822
0000025078_1159.jpg,5,0.1160
0000012818_1109.jpg,38,0.1109
0000024372_930.jpg,46,0.0931
0000019795_1252.jpg,39,0.1253
0000017960_1347.jpg,44,0.1347
0000010969_916.jpg,5,0.0916
000002643_850.jpg,36,0.0851
0000033168_1026.jpg,5,0.1026
0000015811_1074.jpg,5,0.1075
000004232_885.jpg,5,0.0886
000005104_973.jpg,38,0.0974
0000013290_1291.jpg,35,0.1291
0000033626_1767.jpg,8,0.1768
00000394_1045.jpg,2,0.1045
0000017948_909.jpg,39,0.0909
0000019965_844.jpg,12,0.0845
0000017790_897.jpg,35,0.0898
000008346_918.jpg,38,0.0918
000008352_1106.jpg,5,0.1106
0000023421_864.jpg,9,0.0865
000004568_800.jpg,39,0.0801
0000015193_986.jpg,35,0.0987
000003561_1105.jpg,41,0.1106
000008434_1091.jpg,29,0.1092
0000020896_1021.jpg,39,0.1022
000006419_852.jpg,11,0.0853
0000021550_954.jpg,2,0.0954
0000015178_872.jpg,38,0.0872
000006394_1690.jpg,2,0.1690
0000018448_943.jpg,39,0.0943
0000019756_1075.jpg,44,0.1075
000006380_946.jpg,5,0.0947
000005689_905.jpg,39,0.0905
0000014272_958.jpg,44,0.0958
000002858_943.jpg,1,0.0943
0000020869_851.jpg,8,0.0851
000007920_908.jpg,2,0.0909
000007908_1700.jpg,35,0.1701
0000020841_2114.jpg,2,0.2115
0000010982_1117.jpg,39,0.1117
0000021587_876.jpg,2,0.0876
000009925_831.jpg,39,0.0831
0000013521_808.jpg,15,0.0808
0000027684_810.jpg,44,0.0811
0000017747_838.jpg,17,0.0838
0000020855_902.jpg,5,0.0902
0000010996_2038.jpg,2,0.2038
0000018312_1420.jpg,35,0.1421
000002864_895.jpg,5,0.0896
0000032289_854.jpg,38,0.0855
0000012159_1059.jpg,44,0.1059
