filename,label,confidence
0000025934_1173.jpg,24,0.1173
0000020694_1020.jpg,39,0.1021
0000019773_1361.jpg,9,0.1362
0000016440_1218.jpg,45,0.1218
0000010031_1061.jpg,39,0.1061
0000022097_1505.jpg,39,0.1505
0000013262_1109.jpg,9,0.1109
000003587_1536.jpg,2,0.1536
0000011307_1415.jpg,2,0.1416
0000033818_1047.jpg,36,0.1047
000003593_1115.jpg,11,0.1115
000009733_1173.jpg,42,0.1174
000003578_1276.jpg,2,0.1277
0000022040_1157.jpg,39,0.1158
0000019968_1263.jpg,39,0.1263
0000016483_1153.jpg,39,0.1154
0000026540_1135.jpg,5,0.1135
0000017789_1605.jpg,5,0.1606
0000015820_1155.jpg,29,0.1156
0000024425_2391.jpg,8,0.2392
000005135_1101.jpg,2,0.1101
0000021575_1002.jpg,44,0.1003
000008411_1008.jpg,40,0.1008
0000027104_1031.jpg,36,0.1032
0000027662_1149.jpg,39,0.1150
000008377_1015.jpg,2,0.1016
000003222_1187.jpg,44,0.1187
0000021561_1273.jpg,11,0.1274
0000010964_1457.jpg,2,0.1457
0000028223_1335.jpg,44,0.1335
0000012424_1106.jpg,2,0.1106
0000016642_1149.jpg,2,0.1150
0000010227_1085.jpg,5,0.1085
0000014041_1592.jpg,2,0.1593
000007285_1060.jpg,15,0.1061
0000014069_1325.jpg,44,0.1325
0000013060_1395.jpg,26,0.1396
0000018135_1014.jpg,39,0.1014
0000015363_1566.jpg,39,0.1567
0000023809_1196.jpg,35,0.1197
000004940_1007.jpg,39,0.1008
000004798_1464.jpg,2,0.1465
0000026971_1145.jpg,39,0.1145
0000017574_1337.jpg,39,0.1337
00000170_1032.jpg,46,0.1032
0000016681_1197.jpg,18,0.1198
0000032737_1454.jpg,44,0.1455
000002302_1798.jpg,2,0.1799
000004001_1155.jpg,2,0.1156
0000023148_1051.jpg,9,0.1051
0000032723_1562.jpg,8,0.1563
0000029465_1030.jpg,5,0.1030
0000021039_1163.jpg,39,0.1163
0000033415_1020.jpg,13,0.1020
0000028753_1252.jpg,35,0.1253
000001151_1184.jpg,5,0.1185
000002458_1126.jpg,5,0.1127
0000023160_2004.jpg,2,0.2004
000004029_1198.jpg,2,0.1199
0000033373_1502.jpg,39,0.1502
0000033367_1040.jpg,44,0.1040
0000027312_1007.jpg,35,0.1008
000007534_1177.jpg,2,0.1178
0000018684_1789.jpg,44,0.1789
0000016871_1297.jpg,35,0.1297
000003034_1189.jpg,39,0.1189
0000025263_1010.jpg,8,0.1011
0000023955_1070.jpg,8,0.1070
0000022493_1102.jpg,39,0.1103
000003815_1107.jpg,11,0.1108
0000012236_1147.jpg,43,0.1148
0000013128_1173.jpg,43,0.1173
0000014653_1104.jpg,2,0.1104
0000018069_2195.jpg,41,0.2196
000002289_1236.jpg,2,0.1236
000004820_1111.jpg,2,0.1112
0000010409_1800.jpg,2,0.1801
00000762_1195.jpg,2,0.1196
0000016078_1065.jpg,5,0.1065
0000015571_3583.jpg,2,0.3584
0000024974_1188.jpg,39,0.1188
0000013100_1049.jpg,9,0.1049
000003183_1015.jpg,39,0.1016
0000012593_1064.jpg,44,0.1065
000005519_1141.jpg,39,0.1141
000003168_1040.jpg,2,0.1040
000001019_1307.jpg,2,0.1308
00000951_1195.jpg,5,0.1196
0000030732_1627.jpg,44,0.1628
00000945_1125.jpg,2,0.1126
0000023982_1195.jpg,39,0.1195
0000030068_1171.jpg,44,0.1171
0000021603_1449.jpg,2,0.1449
000007454_1257.jpg,2,0.1258
000008767_1722.jpg,2,0.1722
000006992_1379.jpg,2,0.1380
0000028141_1793.jpg,39,0.1793
000004149_1356.jpg,39,0.1356
0000027500_1138.jpg,39,0.1139
0000018928_1148.jpg,5,0.1149
0000024586_1464.jpg,26,0.1464
0000019161_1061.jpg,39,0.1062
0000020938_1047.jpg,34,0.1047
0000029908_1045.jpg,39,0.1045
0000010151_1843.jpg,2,0.1844
0000014451_1066.jpg,2,0.1066
000005928_1664.jpg,2,0.1664
0000015773_1029.jpg,35,0.1030
0000010838_1096.jpg,9,0.1096
0000022134_1196.jpg,11,0.1196
0000025883_1284.jpg,39,0.1285
0000012949_1036.jpg,2,0.1037
000006206_1297.jpg,2,0.1297
0000032455_1481.jpg,44,0.1482
0000032333_1080.jpg,39,0.1080
0000024579_1343.jpg,24,0.1344
0000018280_1068.jpg,5,0.1068
0000010804_1213.jpg,8,0.1214
000008217_1291.jpg,2,0.1292
000009108_1119.jpg,2,0.1120
0000015969_1155.jpg,39,0.1155
0000030519_1033.jpg,35,0.1033
000001226_1219.jpg,35,0.1220
000007657_1153.jpg,9,0.1153
0000025100_1329.jpg,11,0.1329
0000021366_1018.jpg,42,0.1019
0000032454_1035.jpg,28,0.1035
0000010193_1047.jpg,35,0.1048
0000029074_1050.jpg,38,0.1050
0000014493_1718.jpg,2,0.1719
0000015941_1025.jpg,24,0.1025
0000027918_1040.jpg,14,0.1040
0000017603_1161.jpg,15,0.1162
0000011514_1356.jpg,44,0.1357
0000025869_1012.jpg,34,0.1013
0000018242_1003.jpg,2,0.1004
00000213_2017.jpg,39,0.2018
000003394_1701.jpg,35,0.1701
0000011528_1152.jpg,2,0.1152
0000021399_1027.jpg,38,0.1028
0000010144_1344.jpg,2,0.1345
000008772_1274.jpg,9,0.1275
0000021616_1526.jpg,8,0.1527
000001030_1299.jpg,13,0.1300
0000031405_1045.jpg,39,0.1045
000004148_1462.jpg,43,0.1462
000005530_1089.jpg,39,0.1089
000001756_2088.jpg,2,0.2088
0000027501_1124.jpg,44,0.1124
0000021164_1050.jpg,39,0.1051
0000033560_1456.jpg,2,0.1456
0000013868_1789.jpg,2,0.1790
000003633_1420.jpg,2,0.1421
000006993_1177.jpg,2,0.1178
0000031411_1058.jpg,2,0.1059
000001024_1117.jpg,2,0.1118
0000016086_1378.jpg,38,0.1378
0000026623_1038.jpg,44,0.1039
0000024020_1223.jpg,11,0.1223
0000029504_1012.jpg,11,0.1012
0000011925_1874.jpg,2,0.1875
0000020520_1003.jpg,44,0.1004
000009444_1039.jpg,36,0.1040
000001018_1150.jpg,2,0.1151
0000013101_1011.jpg,35,0.1011
000005295_1214.jpg,2,0.1214
0000029289_1024.jpg,39,0.1025
00000763_2007.jpg,2,0.2007
0000010408_1084.jpg,12,0.1084
000001795_1219.jpg,39,0.1220
0000015202_1029.jpg,41,0.1030
0000023968_1027.jpg,36,0.1027
0000018726_1018.jpg,39,0.1019
000001781_1070.jpg,35,0.1071
0000030914_1246.jpg,9,0.1247
000006788_1157.jpg,39,0.1157
0000011702_1314.jpg,2,0.1315
00000777_1308.jpg,9,0.1309
000007496_1038.jpg,11,0.1039
000006978_1048.jpg,2,0.1048
0000023940_1403.jpg,9,0.1403
000001965_1002.jpg,5,0.1003
0000032681_1524.jpg,39,0.1525
000001144_1023.jpg,34,0.1024
000009518_1557.jpg,35,0.1557
000005322_1050.jpg,9,0.1051
0000025504_1081.jpg,26,0.1082
000004982_1008.jpg,11,0.1008
000005444_1080.jpg,35,0.1080
0000027475_1095.jpg,2,0.1096
000008160_1068.jpg,9,0.1069
0000018685_1110.jpg,13,0.1111
0000021004_1154.jpg,5,0.1154
000003021_1539.jpg,39,0.1539
000001150_1072.jpg,2,0.1072
0000027307_1063.jpg,39,0.1063
0000024626_1476.jpg,2,0.1477
000004000_2062.jpg,2,0.2062
0000026031_1031.jpg,39,0.1032
0000027449_1198.jpg,8,0.1198
000009242_1177.jpg,5,0.1177
000005478_1115.jpg,5,0.1115
000008148_1340.jpg,2,0.1340
000009256_1404.jpg,39,0.1404
0000012380_1031.jpg,5,0.1031
000003790_1057.jpg,39,0.1057
0000014068_1325.jpg,44,0.1325
000004955_1660.jpg,5,0.1661
000005493_1319.jpg,46,0.1320
000006824_1087.jpg,34,0.1087
0000030690_1011.jpg,34,0.1012
0000019564_1031.jpg,35,0.1032
0000016657_1240.jpg,42,0.1241
0000017549_1031.jpg,35,0.1032
00000159_1562.jpg,2,0.1563
0000023820_1028.jpg,24,0.1028
000003960_1131.jpg,9,0.1132
0000021789_1481.jpg,8,0.1482
0000031015_1221.jpg,39,0.1221
0000021206_1308.jpg,8,0.1308
0000029882_1120.jpg,44,0.1121
0000023411_1113.jpg,5,0.1113
000003551_1309.jpg,2,0.1310
0000015809_1108.jpg,35,0.1108
000003223_1019.jpg,42,0.1019
0000025074_1032.jpg,39,0.1033
0000031001_1347.jpg,7,0.1348
000004564_1206.jpg,9,0.1206
0000017950_1557.jpg,2,0.1558
0000031029_1183.jpg,26,0.1184
0000027893_1097.jpg,39,0.1098
0000030451_1236.jpg,39,0.1236
0000020642_1097.jpg,9,0.1097
0000010959_1335.jpg,2,0.1336
000004202_1159.jpg,9,0.1160
000004216_1061.jpg,39,0.1061
0000015835_1111.jpg,36,0.1111
0000020656_1175.jpg,5,0.1176
0000027887_1014.jpg,39,0.1015
0000023439_1155.jpg,7,0.1155
0000015160_1012.jpg,39,0.1013
000005685_1061.jpg,2,0.1061
0000018444_1079.jpg,39,0.1080
0000010018_1126.jpg,2,0.1126
0000029699_1138.jpg,44,0.1138
00000415_1120.jpg,9,0.1120
0000025909_1496.jpg,9,0.1496
000003586_1149.jpg,2,0.1150
000007938_1019.jpg,44,0.1019
0000017763_1029.jpg,38,0.1029
000006398_1074.jpg,2,0.1074
0000013505_1208.jpg,2,0.1208
000002868_1036.jpg,2,0.1036
0000020681_1110.jpg,2,0.1110
0000012141_1041.jpg,44,0.1042
0000029869_1247.jpg,11,0.1247
000008389_1433.jpg,38,0.1434
0000010998_1905.jpg,2,0.1906
0000017991_1127.jpg,9,0.1127
00000359_1112.jpg,35,0.1112
0000014254_1479.jpg,35,0.1480
0000019016_1282.jpg,34,0.1282
000009903_1089.jpg,2,0.1090
0000011462_1539.jpg,2,0.1540
0000018446_1079.jpg,39,0.1080
0000014268_1271.jpg,29,0.1271
0000013507_1002.jpg,42,0.1003
000005693_1016.jpg,2,0.1016
000009917_1166.jpg,5,0.1166
0000012194_1039.jpg,9,0.1039
0000017952_1414.jpg,9,0.1415
000005678_1184.jpg,2,0.1184
0000024340_1457.jpg,39,0.1457
0000022725_1356.jpg,5,0.1357
000009056_1004.jpg,39,0.1005
0000020654_1080.jpg,44,0.1081
000002665_1268.jpg,13,0.1269
000002895_1277.jpg,2,0.1277
0000032278_1319.jpg,39,0.1320
0000025062_2027.jpg,39,0.2028
0000019943_1404.jpg,39,0.1404
0000019957_1119.jpg,5,0.1120
0000031003_1050.jpg,5,0.1051
0000023407_1378.jpg,44,0.1379
000005136_1645.jpg,18,0.1645
0000010973_1131.jpg,4,0.1132
0000020668_1094.jpg,13,0.1095
0000011648_1521.jpg,39,0.1522
000003962_1231.jpg,13,0.1232
0000014056_1106.jpg,35,0.1107
0000016641_1567.jpg,2,0.1568
0000017577_1117.jpg,39,0.1117
0000029499_1044.jpg,38,0.1045
0000011106_1020.jpg,2,0.1021
00000615_1235.jpg,38,0.1235
000003792_1020.jpg,2,0.1020
000005491_1588.jpg,9,0.1589
0000015374_1104.jpg,2,0.1105
0000013705_1326.jpg,2,0.1327
000004764_1045.jpg,29,0.1046
0000029300_1683.jpg,39,0.1684
000002473_1671.jpg,2,0.1672
000004770_1112.jpg,5,0.1113
0000026769_1424.jpg,44,0.1425
000003037_1034.jpg,26,0.1034
000003989_1169.jpg,9,0.1169
0000031573_2153.jpg,2,0.2153
0000029328_1087.jpg,36,0.1087
000005334_3342.jpg,2,0.3343
0000031201_1052.jpg,39,0.1052
0000014136_1103.jpg,2,0.1103
00000985_1239.jpg,2,0.1240
00000749_1051.jpg,44,0.1051
0000019360_1607.jpg,2,0.1607
0000016053_2170.jpg,2,0.2170
0000019406_1119.jpg,1,0.1120
0000028803_1177.jpg,39,0.1178
0000028195_1005.jpg,41,0.1005
0000011714_1020.jpg,35,0.1020
000005297_2315.jpg,2,0.2315
0000028181_1055.jpg,5,0.1056
00000775_1029.jpg,2,0.1030
0000010378_1595.jpg,2,0.1595
0000013671_1024.jpg,2,0.1025
000004823_1897.jpg,11,0.1898
000006007_1075.jpg,39,0.1075
0000026621_1508.jpg,5,0.1509
00000946_1328.jpg,35,0.1329
000004176_1243.jpg,2,0.1243
0000024744_1141.jpg,14,0.1141
0000032126_1563.jpg,2,0.1564
000006013_2303.jpg,2,0.2304
000002275_1167.jpg,15,0.1168
0000022453_1087.jpg,39,0.1088
0000013856_1241.jpg,2,0.1241
000008016_1030.jpg,38,0.1030
000001026_1229.jpg,2,0.1229
0000028142_1400.jpg,39,0.1400
0000019610_1052.jpg,2,0.1053
0000017629_1648.jpg,2,0.1649
0000012751_1024.jpg,44,0.1024
0000014446_1502.jpg,44,0.1502
000005095_1019.jpg,9,0.1020
000009877_1778.jpg,2,0.1779
00000205_1346.jpg,35,0.1346
0000015016_1513.jpg,39,0.1514
0000022862_1143.jpg,36,0.1143
0000013473_1465.jpg,2,0.1465
0000017615_1067.jpg,2,0.1068
0000015957_1025.jpg,24,0.1025
000009888_1011.jpg,18,0.1011
000006205_1731.jpg,2,0.1732
0000024234_1042.jpg,2,0.1042
0000027729_1188.jpg,44,0.1188
000007641_1061.jpg,39,0.1062
0000019189_1030.jpg,13,0.1031
000005056_1042.jpg,11,0.1043
000004348_1070.jpg,2,0.1070
000003427_1288.jpg,13,0.1288
000003341_1020.jpg,44,0.1020
000006239_1344.jpg,35,0.1344
0000019823_1325.jpg,44,0.1326
0000025102_1069.jpg,5,0.1069
000009678_3408.jpg,2,0.3409
0000031611_1076.jpg,39,0.1077
0000012977_1520.jpg,39,0.1520
0000033761_1018.jpg,39,0.1018
000008201_1248.jpg,39,0.1249
000001225_1056.jpg,39,0.1057
000003432_1091.jpg,2,0.1091
0000025665_1001.jpg,39,0.1002
0000033013_1144.jpg,34,0.1145
000007898_1815.jpg,2,0.1816
0000019188_1098.jpg,2,0.1098
0000027728_1082.jpg,39,0.1082
0000026436_1218.jpg,5,0.1219
000002076_1392.jpg,9,0.1393
000005719_1038.jpg,43,0.1038
0000022888_1019.jpg,38,0.1019
0000015942_1047.jpg,39,0.1048
0000026350_1252.jpg,2,0.1252
000007668_1286.jpg,5,0.1287
000002704_1211.jpg,9,0.1212
000001580_2169.jpg,2,0.2170
0000029922_1292.jpg,39,0.1293
0000011503_1125.jpg,39,0.1126
0000013300_3033.jpg,39,0.3034
000003383_1045.jpg,5,0.1046
000001594_1323.jpg,2,0.1323
00000204_1115.jpg,9,0.1116
0000017628_1075.jpg,11,0.1076
0000010621_1057.jpg,35,0.1058
000007873_1035.jpg,5,0.1036
0000026393_1155.jpg,39,0.1155
0000012036_1265.jpg,29,0.1265
0000024584_1656.jpg,5,0.1656
0000020090_1018.jpg,35,0.1019
0000022308_1130.jpg,39,0.1130
000008765_1252.jpg,2,0.1253
0000031412_1001.jpg,2,0.1002
000001741_1216.jpg,2,0.1216
0000021167_1715.jpg,41,0.1715
000008003_1199.jpg,5,0.1199
000002248_1042.jpg,35,0.1042
0000033577_1009.jpg,44,0.1009
000008981_1191.jpg,11,0.1192
0000026152_1050.jpg,17,0.1051
0000013857_1164.jpg,2,0.1165
0000011098_1022.jpg,43,0.1023
000006012_1113.jpg,44,0.1113
0000030056_1078.jpg,39,0.1078
0000018916_1569.jpg,2,0.1569
0000024037_1029.jpg,13,0.1029
0000027258_1161.jpg,34,0.1161
0000026146_1080.jpg,17,0.1080
0000014679_1142.jpg,5,0.1142
000004822_1327.jpg,2,0.1327
0000013670_1110.jpg,2,0.1110
0000013664_1039.jpg,5,0.1040
000004188_1402.jpg,2,0.1402
000006947_1296.jpg,39,0.1296
0000025498_1267.jpg,2,0.1267
000008942_1149.jpg,2,0.1150
00000990_2020.jpg,35,0.2020
0000016734_1115.jpg,2,0.1115
0000013894_1015.jpg,44,0.1016
0000023957_1730.jpg,39,0.1730
0000033371_1596.jpg,39,0.1596
0000014916_1182.jpg,39,0.1182
0000025513_1454.jpg,35,0.1454
000001153_1329.jpg,2,0.1329
000005453_1114.jpg,17,0.1115
000003036_1087.jpg,2,0.1087
0000021007_1045.jpg,39,0.1046
0000026768_1112.jpg,44,0.1112
0000031572_1228.jpg,2,0.1229
000006628_1239.jpg,2,0.1239
0000027310_1752.jpg,39,0.1753
000005321_1065.jpg,29,0.1065
0000029315_1045.jpg,29,0.1046
000006600_1124.jpg,39,0.1125
0000027338_1171.jpg,8,0.1172
000002466_1065.jpg,9,0.1065
0000025249_1194.jpg,5,0.1194
0000013923_1059.jpg,2,0.1060
0000023638_1053.jpg,17,0.1053
000009255_1193.jpg,39,0.1194
0000029473_1664.jpg,11,0.1665
0000030136_1095.jpg,8,0.1095
000009241_1444.jpg,2,0.1444
000006172_1063.jpg,44,0.1063
0000022532_1349.jpg,39,0.1350
0000013089_1131.jpg,2,0.1131
0000024625_1056.jpg,2,0.1056
000006827_1064.jpg,39,0.1064
0000030863_1087.jpg,31,0.1087
0000015375_1211.jpg,44,0.1211
0000018645_1249.jpg,8,0.1249
000003793_1297.jpg,39,0.1298
000001184_1154.jpg,2,0.1155
0000022283_1393.jpg,35,0.1393
0000017238_1052.jpg,5,0.1053
000008836_1206.jpg,39,0.1207
0000010231_1717.jpg,2,0.1718
0000014057_1035.jpg,35,0.1036
0000028962_1008.jpg,39,0.1008
0000027489_1153.jpg,9,0.1153
000008822_1298.jpg,2,0.1298
000003977_1223.jpg,35,0.1224
0000022718_1258.jpg,36,0.1259
0000031002_1337.jpg,35,0.1337
000007046_1177.jpg,35,0.1178
0000019956_1015.jpg,28,0.1015
0000023360_1146.jpg,5,0.1147
000008407_1037.jpg,18,0.1037
0000021205_1032.jpg,44,0.1033
000007052_1068.jpg,39,0.1068
0000012817_1019.jpg,39,0.1019
0000025063_1270.jpg,2,0.1270
0000024355_1006.jpg,39,0.1007
000004573_1272.jpg,2,0.1273
0000031980_1264.jpg,18,0.1265
0000011488_1312.jpg,2,0.1313
0000014282_1032.jpg,44,0.1033
0000027890_1012.jpg,41,0.1012
000007085_1061.jpg,39,0.1061
00000402_1298.jpg,13,0.1298
0000018335_1126.jpg,2,0.1127
000009094_1145.jpg,39,0.1145
0000025936_1585.jpg,2,0.1586
0000020682_2381.jpg,2,0.2382
0000033826_1074.jpg,39,0.1075
00000374_1334.jpg,2,0.1335
0000011301_1749.jpg,2,0.1750
0000028580_1625.jpg,44,0.1625
0000013516_1160.jpg,39,0.1161
000005682_1045.jpg,9,0.1045
0000018331_1197.jpg,2,0.1198
0000011473_1138.jpg,2,0.1139
0000015615_1516.jpg,2,0.1517
000002847_1160.jpg,2,0.1161
0000022907_1086.jpg,5,0.1087
0000019991_1030.jpg,9,0.1031
0000024386_1046.jpg,9,0.1047
000009084_1190.jpg,8,0.1190
0000010745_1273.jpg,35,0.1274
0000021598_2315.jpg,35,0.2315
0000022085_1057.jpg,2,0.1058
000005872_1774.jpg,2,0.1775
000006348_1153.jpg,39,0.1153
0000010962_1131.jpg,4,0.1132
0000031774_1179.jpg,44,0.1179
0000031760_1186.jpg,39,0.1187
0000028557_1075.jpg,39,0.1075
0000021215_1268.jpg,39,0.1268
0000025073_1355.jpg,43,0.1356
000003224_1019.jpg,42,0.1019
0000012191_1642.jpg,2,0.1642
0000020889_1036.jpg,5,0.1037
0000026220_1183.jpg,38,0.1184
0000015832_1029.jpg,39,0.1030
000002660_1457.jpg,2,0.1457
000005669_1128.jpg,2,0.1128
0000021229_1136.jpg,19,0.1136
0000030873_1154.jpg,39,0.1155
000003797_1012.jpg,2,0.1013
0000015403_1064.jpg,39,0.1065
000002489_2149.jpg,13,0.2149
000004946_1782.jpg,2,0.1782
0000013714_1067.jpg,39,0.1068
0000028782_1159.jpg,44,0.1160
0000026977_1385.jpg,39,0.1386
00000162_2642.jpg,2,0.2642
0000011117_1026.jpg,17,0.1027
0000012350_1460.jpg,39,0.1460
0000019563_1240.jpg,8,0.1240
0000015359_1093.jpg,2,0.1093
0000014047_1102.jpg,38,0.1102
0000024190_1151.jpg,2,0.1152
00000638_1118.jpg,11,0.1119
0000020490_1065.jpg,2,0.1065
0000010553_1018.jpg,35,0.1018
0000031576_1554.jpg,5,0.1554
000008167_1065.jpg,39,0.1065
000001631_1262.jpg,2,0.1262
0000018696_1042.jpg,39,0.1042
0000021771_1139.jpg,35,0.1139
000003998_2199.jpg,39,0.2200
000009523_1004.jpg,39,0.1004
0000025259_1187.jpg,2,0.1187
0000016693_1147.jpg,39,0.1148
0000026750_1090.jpg,41,0.1091
00000189_1494.jpg,2,0.1495
000006162_4447.jpg,2,0.4448
0000020335_1188.jpg,39,0.1188
0000032731_1075.jpg,39,0.1075
0000022244_1084.jpg,44,0.1085
0000032057_1018.jpg,9,0.1018
00000764_1027.jpg,41,0.1028
0000013106_1125.jpg,17,0.1126
000004832_1597.jpg,26,0.1598
0000010369_1255.jpg,2,0.1255
0000018721_1179.jpg,2,0.1180
000003191_1030.jpg,2,0.1030
000004826_1008.jpg,2,0.1008
000004198_1771.jpg,38,0.1772
000006957_1234.jpg,2,0.1234
0000030913_1474.jpg,39,0.1474
00000770_2133.jpg,2,0.2134
0000010433_1118.jpg,11,0.1118
0000016042_1006.jpg,41,0.1007
0000018709_1154.jpg,11,0.1155
0000030085_1005.jpg,5,0.1005
0000023953_1338.jpg,44,0.1339
0000012556_1190.jpg,13,0.1191
0000019403_1041.jpg,19,0.1041
000001962_1228.jpg,5,0.1229
0000020282_1029.jpg,18,0.1030
0000018090_1071.jpg,41,0.1072
0000025311_2312.jpg,2,0.2312
000007334_1091.jpg,39,0.1092
0000028147_1244.jpg,1,0.1244
000006994_1146.jpg,5,0.1147
0000030720_1268.jpg,17,0.1268
000004173_1097.jpg,36,0.1097
0000024755_1349.jpg,12,0.1349
0000013847_1056.jpg,2,0.1056
0000024033_1056.jpg,44,0.1057
000006016_1007.jpg,18,0.1007
0000024027_1149.jpg,44,0.1150
0000016095_1275.jpg,2,0.1275
0000030734_1114.jpg,44,0.1115
0000011922_2731.jpg,2,0.2732
0000018537_1051.jpg,2,0.1051
0000011513_1044.jpg,42,0.1045
0000028386_1288.jpg,2,0.1289
0000015761_1001.jpg,34,0.1002
000003393_1211.jpg,5,0.1211
0000026383_1108.jpg,9,0.1108
0000019173_1624.jpg,2,0.1624
000009682_1146.jpg,24,0.1147
0000019167_1710.jpg,2,0.1711
0000027089_1006.jpg,35,0.1006
000005735_2093.jpg,2,0.2094
0000027076_1079.jpg,11,0.1079
000001221_1446.jpg,5,0.1446
000005721_1412.jpg,2,0.1412
0000020057_1070.jpg,13,0.1071
0000024231_1402.jpg,44,0.1403
000003378_1070.jpg,42,0.1071
0000026340_1790.jpg,39,0.1791
00000599_1331.jpg,44,0.1331
000004365_1316.jpg,39,0.1316
0000034036_1204.jpg,5,0.1204
000002715_1328.jpg,39,0.1329
0000017836_1070.jpg,43,0.1070
0000022641_1242.jpg,2,0.1242
000005708_1116.jpg,39,0.1117
0000010195_1289.jpg,2,0.1289
000006201_1002.jpg,2,0.1002
000009132_1005.jpg,2,0.1005
000006567_1106.jpg,2,0.1107
0000029072_1219.jpg,43,0.1220
000007651_1202.jpg,5,0.1203
000004358_1559.jpg,2,0.1560
0000027711_1259.jpg,44,0.1259
0000027705_1058.jpg,39,0.1059
0000010156_1033.jpg,39,0.1034
0000014330_1017.jpg,42,0.1017
0000014456_1102.jpg,5,0.1102
0000019172_1097.jpg,44,0.1097
00000215_1067.jpg,2,0.1067
0000012769_1218.jpg,39,0.1219
000003386_1074.jpg,43,0.1075
000004600_1077.jpg,41,0.1078
0000012594_1499.jpg,2,0.1499
000009324_1749.jpg,29,0.1750
0000020526_1178.jpg,24,0.1178
000008984_1163.jpg,2,0.1163
0000029270_1281.jpg,43,0.1281
0000032650_1202.jpg,44,0.1202
0000021162_1750.jpg,39,0.1751
000003635_1348.jpg,2,0.1349
000007453_1075.jpg,35,0.1076
0000031417_1000.jpg,39,0.1000
000004628_2498.jpg,2,0.2498
0000012557_1083.jpg,9,0.1084
0000023952_1108.jpg,39,0.1109
0000022494_1264.jpg,39,0.1265
000009481_1501.jpg,42,0.1501
00000759_1384.jpg,39,0.1385
0000016043_1458.jpg,8,0.1458
0000023946_1260.jpg,39,0.1260
0000013885_1395.jpg,2,0.1395
0000010354_1014.jpg,39,0.1014
000001977_1406.jpg,1,0.1407
0000016725_1461.jpg,5,0.1462
0000019416_1307.jpg,2,0.1307
0000011062_1448.jpg,2,0.1448
000004199_1299.jpg,39,0.1300
00000765_3556.jpg,2,0.3556
0000026802_1153.jpg,15,0.1154
0000032877_1269.jpg,9,0.1269
000004774_1051.jpg,26,0.1052
0000014091_1102.jpg,5,0.1102
0000017598_1246.jpg,13,0.1247
0000020334_1032.jpg,5,0.1032
000006163_1565.jpg,5,0.1565
000004006_1153.jpg,5,0.1153
0000026989_1305.jpg,35,0.1306
0000033374_1051.jpg,39,0.1051
000006639_1430.jpg,35,0.1430
000008614_1152.jpg,39,0.1153
0000031577_1458.jpg,39,0.1458
0000029338_1123.jpg,39,0.1123
000003755_1017.jpg,2,0.1017
000003033_1354.jpg,5,0.1355
0000016876_1183.jpg,34,0.1184
0000027498_1174.jpg,5,0.1174
0000014052_1171.jpg,2,0.1171
0000021943_1002.jpg,2,0.1003
0000020485_1155.jpg,34,0.1155
0000012351_2241.jpg,2,0.2242
0000023832_1045.jpg,5,0.1046
0000026792_1174.jpg,39,0.1175
0000019562_1227.jpg,39,0.1228
000004953_1009.jpg,44,0.1009
0000010208_1063.jpg,34,0.1063
0000017201_1149.jpg,5,0.1150
0000014708_1271.jpg,6,0.1272
0000019238_1059.jpg,2,0.1059
00000611_1648.jpg,2,0.1649
0000018898_1033.jpg,39,0.1034
0000028783_1523.jpg,8,0.1523
000005481_1395.jpg,2,0.1396
0000032254_1089.jpg,39,0.1090
0000015833_1099.jpg,2,0.1100
0000023359_1271.jpg,38,0.1271
0000026221_1142.jpg,11,0.1143
0000029112_1126.jpg,46,0.1126
0000027881_1094.jpg,41,0.1095
000003219_1016.jpg,39,0.1016
000005668_1457.jpg,2,0.1457
0000017956_1624.jpg,8,0.1624
0000011499_1159.jpg,5,0.1160
0000026235_1270.jpg,2,0.1270
0000029106_1012.jpg,39,0.1012
0000012190_1134.jpg,35,0.1134
000004204_1451.jpg,2,0.1452
000001354_1064.jpg,13,0.1065
000003225_1085.jpg,38,0.1086
0000025072_1017.jpg,17,0.1017
0000029648_1066.jpg,17,0.1067
0000024378_1018.jpg,12,0.1018
0000025700_1223.jpg,9,0.1223
0000023371_1148.jpg,44,0.1149
000007731_1557.jpg,2,0.1557
0000010036_1192.jpg,44,0.1192
0000024387_1427.jpg,39,0.1427
000005867_1452.jpg,11,0.1453
0000014522_1069.jpg,9,0.1069
000007916_1028.jpg,39,0.1029
0000019006_1062.jpg,39,0.1062
0000011472_1110.jpg,9,0.1111
000005697_1459.jpg,39,0.1459
0000013503_1077.jpg,5,0.1078
00000413_1135.jpg,13,0.1136
0000029851_1046.jpg,39,0.1046
0000013267_2385.jpg,2,0.2386
00000411_1478.jpg,5,0.1478
0000011464_1136.jpg,5,0.1136
00000377_1145.jpg,1,0.1146
0000027840_1098.jpg,39,0.1099
0000012623_1113.jpg,39,0.1114
0000020691_1034.jpg,29,0.1034
0000019010_1061.jpg,8,0.1062
0000020849_1135.jpg,2,0.1136
000007914_1008.jpg,2,0.1009
0000010020_1458.jpg,44,0.1458
000008372_1446.jpg,42,0.1447
0000031005_1009.jpg,39,0.1009
000005656_1775.jpg,2,0.1775
000002139_2555.jpg,2,0.2556
000001356_1269.jpg,39,0.1270
0000018483_1072.jpg,5,0.1072
0000014291_1281.jpg,39,0.1282
0000012838_1082.jpg,39,0.1082
0000027883_1399.jpg,41,0.1399
000009736_2403.jpg,2,0.2404
0000026237_1985.jpg,39,0.1986
0000010785_1018.jpg,19,0.1018
0000031993_1231.jpg,39,0.1232
0000029662_1087.jpg,46,0.1087
0000025058_1143.jpg,34,0.1144
000004560_1390.jpg,5,0.1390
0000015414_1454.jpg,2,0.1454
000003958_1168.jpg,2,0.1169
000004789_1217.jpg,11,0.1217
000004945_1306.jpg,6,0.1307
0000012409_1155.jpg,11,0.1155
0000028781_1374.jpg,44,0.1374
0000018642_1052.jpg,39,0.1052
0000020493_1476.jpg,5,0.1476
0000015428_1510.jpg,5,0.1511
0000024193_1594.jpg,44,0.1594
0000022290_1270.jpg,19,0.1270
0000030694_1013.jpg,41,0.1013
000001154_1329.jpg,2,0.1329
0000032068_1007.jpg,2,0.1008
000003743_1233.jpg,2,0.1233
0000023603_1295.jpg,39,0.1295
0000021014_1254.jpg,2,0.1255
000001626_1083.jpg,13,0.1084
0000023617_1503.jpg,39,0.1504
0000022247_1704.jpg,44,0.1705
000002461_1981.jpg,13,0.1981
0000032054_1025.jpg,11,0.1026
000004010_1042.jpg,46,0.1042
000009534_1358.jpg,2,0.1358
000009252_1049.jpg,35,0.1049
000006161_1541.jpg,39,0.1541
0000029474_1492.jpg,44,0.1492
0000014087_1166.jpg,5,0.1167
0000033438_1049.jpg,39,0.1050
0000028018_1649.jpg,44,0.1650
0000011699_1132.jpg,35,0.1133
0000022253_1009.jpg,38,0.1010
000004004_1023.jpg,42,0.1024
0000017377_1133.jpg,29,0.1133
00000773_1216.jpg,5,0.1217
000001785_1054.jpg,2,0.1055
0000013677_1141.jpg,35,0.1141
000003186_1397.jpg,2,0.1397
0000011074_1147.jpg,9,0.1147
0000019428_1140.jpg,44,0.1141
0000011712_1010.jpg,39,0.1011
0000016055_1061.jpg,46,0.1062
0000019366_1232.jpg,39,0.1232
0000024959_1155.jpg,2,0.1156
0000026828_1021.jpg,44,0.1022
0000032849_1009.jpg,12,0.1009
000003804_1016.jpg,13,0.1017
000008789_1073.jpg,2,0.1074
0000016041_1093.jpg,2,0.1094
0000027277_1245.jpg,39,0.1245
00000968_1414.jpg,2,0.1414
0000020518_1129.jpg,40,0.1130
000005246_1004.jpg,11,0.1004
000005520_1520.jpg,2,0.1521
000008004_1264.jpg,2,0.1265
000001746_1415.jpg,35,0.1416
0000021174_1133.jpg,8,0.1134
0000033570_1647.jpg,8,0.1647
000003623_1405.jpg,2,0.1405
000009468_1717.jpg,2,0.1717
000004164_1283.jpg,5,0.1283
0000032120_1112.jpg,39,0.1113
0000022333_1042.jpg,2,0.1043
0000016096_1009.jpg,39,0.1009
0000016928_1489.jpg,44,0.1489
0000029500_1026.jpg,43,0.1027
000009326_1447.jpg,2,0.1448
0000012582_2157.jpg,2,0.2158
0000023987_1062.jpg,35,0.1063
0000026627_1131.jpg,39,0.1131
0000018911_1056.jpg,7,0.1056
000009332_1749.jpg,29,0.1750
0000016082_1059.jpg,24,0.1060
0000020530_1441.jpg,34,0.1442
0000011935_1045.jpg,2,0.1045
0000024756_1369.jpg,39,0.1369
0000025448_2244.jpg,18,0.2245
0000017613_1734.jpg,2,0.1734
000001587_1184.jpg,35,0.1184
00000571_1385.jpg,2,0.1386
0000012019_1021.jpg,46,0.1021
000007684_1030.jpg,39,0.1030
0000029931_1043.jpg,39,0.1044
0000017607_1071.jpg,38,0.1072
0000030290_1336.jpg,5,0.1336
0000015038_2417.jpg,2,0.2417
0000015986_1031.jpg,39,0.1031
0000025845_1659.jpg,39,0.1659
0000011538_1018.jpg,2,0.1018
0000016257_1545.jpg,5,0.1546
000009859_1040.jpg,2,0.1041
00000559_1051.jpg,39,0.1051
000009695_1258.jpg,2,0.1259
0000024597_1012.jpg,5,0.1012
0000012025_1262.jpg,2,0.1262
0000012743_1162.jpg,39,0.1163
0000021389_1163.jpg,39,0.1163
000009118_1086.jpg,39,0.1086
0000015979_1227.jpg,14,0.1227
0000027075_2217.jpg,2,0.2218
0000010801_1400.jpg,2,0.1401
000003347_1416.jpg,5,0.1416
000008212_1248.jpg,39,0.1249
0000034035_1204.jpg,5,0.1204
0000017834_1470.jpg,13,0.1470
0000022131_1065.jpg,17,0.1065
000002717_1056.jpg,2,0.1057
000002703_1158.jpg,2,0.1158
0000025892_1134.jpg,46,0.1135
0000026425_1177.jpg,44,0.1178
0000017820_1107.jpg,2,0.1107
000004414_1022.jpg,2,0.1022
0000024232_1041.jpg,36,0.1042
0000033996_1009.jpg,42,0.1010
0000029071_1012.jpg,44,0.1013
0000015788_1029.jpg,35,0.1030
0000022642_1586.jpg,2,0.1586
0000030246_1084.jpg,35,0.1084
000006570_1149.jpg,5,0.1150
0000027706_1337.jpg,2,0.1338
000005737_1136.jpg,35,0.1136
000005723_1597.jpg,2,0.1598
0000033767_1553.jpg,5,0.1553
0000028421_1228.jpg,44,0.1229
000003434_1235.jpg,35,0.1236
0000012024_1057.jpg,2,0.1058
000002919_1061.jpg,2,0.1062
000009694_1258.jpg,2,0.1259
00000558_1080.jpg,39,0.1080
0000030285_1015.jpg,44,0.1015
0000014333_1404.jpg,39,0.1404
000009858_1238.jpg,5,0.1238
000009680_1393.jpg,2,0.1393
0000029924_1220.jpg,5,0.1221
000003391_1288.jpg,2,0.1289
000005938_1153.jpg,2,0.1154
000005086_1413.jpg,5,0.1414
000002931_1263.jpg,2,0.1263
000004398_1082.jpg,15,0.1082
0000018247_1077.jpg,35,0.1078
0000020900_1876.jpg,35,0.1876
0000032653_1080.jpg,8,0.1081
0000013845_1110.jpg,35,0.1111
000007478_1128.jpg,5,0.1129
0000020525_1292.jpg,2,0.1292
000002514_1346.jpg,35,0.1346
000004603_1586.jpg,35,0.1586
0000010380_1612.jpg,2,0.1613
0000021175_1305.jpg,2,0.1305
000007444_1233.jpg,2,0.1234
0000020519_1441.jpg,34,0.1442
00000969_1137.jpg,39,0.1138
0000021607_1188.jpg,9,0.1188
000007336_1102.jpg,5,0.1103
0000023776_1074.jpg,44,0.1074
0000025307_1007.jpg,39,0.1007
0000022483_1113.jpg,2,0.1113
0000030939_1114.jpg,44,0.1114
000009496_1165.jpg,39,0.1166
0000026197_1193.jpg,5,0.1193
0000021820_1098.jpg,44,0.1099
0000014125_1153.jpg,5,0.1153
0000023979_1062.jpg,35,0.1063
000003187_1067.jpg,39,0.1068
000005290_1041.jpg,39,0.1042
0000017362_1566.jpg,2,0.1567
000005284_1429.jpg,2,0.1429
0000013676_1133.jpg,2,0.1133
0000028838_1027.jpg,44,0.1028
000002312_1130.jpg,39,0.1130
0000014086_1060.jpg,35,0.1061
000004005_1131.jpg,2,0.1131
000002474_1024.jpg,5,0.1024
0000031548_1255.jpg,39,0.1256
0000023158_1172.jpg,34,0.1172
000004011_1199.jpg,2,0.1199
000003018_1339.jpg,8,0.1340
0000024151_1118.jpg,9,0.1118
0000018870_1356.jpg,13,0.1356
0000021029_1163.jpg,39,0.1163
000009253_1132.jpg,29,0.1133
000008165_1007.jpg,2,0.1007
0000018858_1356.jpg,13,0.1356
000006148_1265.jpg,34,0.1266
0000023170_1172.jpg,34,0.1172
0000014904_1115.jpg,5,0.1116
0000032069_1403.jpg,8,0.1403
0000021773_1144.jpg,39,0.1145
0000029449_1189.jpg,35,0.1189
0000033411_1077.jpg,8,0.1077
000004978_1148.jpg,44,0.1149
0000028964_1868.jpg,39,0.1869
000001800_1202.jpg,1,0.1202
0000020486_1048.jpg,2,0.1049
0000011_1232.jpg,2,0.1233
0000012352_2023.jpg,2,0.2024
0000024838_1377.jpg,2,0.1377
0000013058_1049.jpg,2,0.1050
000007295_1413.jpg,2,0.1414
0000015367_1541.jpg,39,0.1542
0000010579_1153.jpg,39,0.1153
000001182_1139.jpg,5,0.1140
00000612_1050.jpg,13,0.1050
000003959_1495.jpg,2,0.1496
0000015373_1042.jpg,44,0.1043
0000019549_1046.jpg,13,0.1047
0000018657_1077.jpg,39,0.1078
0000020647_1051.jpg,9,0.1051
000005119_3683.jpg,2,0.3684
000002676_1043.jpg,4,0.1043
0000016493_1650.jpg,44,0.1651
000006376_2101.jpg,2,0.2102
0000032257_1388.jpg,39,0.1388
0000030468_1097.jpg,14,0.1098
0000032519_2075.jpg,39,0.2076
000003226_1059.jpg,36,0.1059
000005657_1775.jpg,2,0.1775
0000031004_1503.jpg,44,0.1504
0000028555_1245.jpg,44,0.1246
000001357_1132.jpg,13,0.1132
0000031762_1112.jpg,43,0.1113
000005131_1359.jpg,9,0.1359
0000012150_1351.jpg,41,0.1352
000007915_1870.jpg,39,0.1871
0000010747_1319.jpg,2,0.1319
0000024384_1031.jpg,26,0.1031
0000014253_1479.jpg,35,0.1480
0000024390_1573.jpg,39,0.1574
00000438_1081.jpg,39,0.1081
00000410_1053.jpg,2,0.1054
0000015603_1030.jpg,39,0.1031
000005858_1871.jpg,2,0.1872
0000011303_1206.jpg,5,0.1206
00000362_1614.jpg,2,0.1614
0000022905_1203.jpg,4,0.1203
0000014509_1024.jpg,2,0.1024
000002845_1759.jpg,2,0.1759
0000010734_2473.jpg,5,0.2474
0000027198_1169.jpg,11,0.1169
0000026292_1433.jpg,2,0.1433
000005803_1030.jpg,5,0.1030
0000022792_1040.jpg,2,0.1040
0000018432_1079.jpg,39,0.1080
0000017701_1008.jpg,26,0.1008
0000012679_1236.jpg,2,0.1237
0000010708_1137.jpg,35,0.1138
00000463_1590.jpg,9,0.1591
0000016379_1060.jpg,14,0.1060
000003296_1025.jpg,2,0.1025
000004512_1144.jpg,39,0.1144
000005618_1076.jpg,5,0.1076
000009022_1302.jpg,2,0.1303
0000028532_2320.jpg,39,0.2320
000001330_1537.jpg,35,0.1537
0000028254_1099.jpg,2,0.1100
0000023315_1011.jpg,36,0.1012
0000032218_1144.jpg,44,0.1144
000007033_1506.jpg,2,0.1507
0000029638_1053.jpg,2,0.1054
0000019274_1886.jpg,35,0.1887
000009591_1406.jpg,35,0.1406
0000011628_1039.jpg,2,0.1040
0000032783_1358.jpg,39,0.1359
000009585_1248.jpg,2,0.1248
0000010522_1225.jpg,44,0.1226
0000015314_1123.jpg,13,0.1123
00000113_2209.jpg,2,0.2209
0000024863_1406.jpg,39,0.1406
00000675_1077.jpg,9,0.1078
00000846_1427.jpg,39,0.1427
0000024888_1224.jpg,2,0.1225
000005368_1899.jpg,2,0.1899
0000024136_1538.jpg,8,0.1538
000002361_1434.jpg,2,0.1435
0000012484_1147.jpg,2,0.1148
0000025228_1062.jpg,38,0.1063
0000010293_1088.jpg,24,0.1088
0000029406_1018.jpg,39,0.1018
0000030157_1070.jpg,9,0.1070
000002375_1070.jpg,5,0.1070
0000015499_1367.jpg,2,0.1368
000008658_1056.jpg,43,0.1057
000008880_1554.jpg,35,0.1554
0000014977_1254.jpg,35,0.1255
0000030619_1226.jpg,34,0.1226
0000021072_1735.jpg,5,0.1735
0000027403_1082.jpg,5,0.1082
0000033462_1320.jpg,8,0.1321
000007231_1166.jpg,44,0.1167
000006891_1115.jpg,2,0.1116
0000019466_1057.jpg,2,0.1057
000009383_1054.jpg,35,0.1055
000009397_1314.jpg,2,0.1314
0000026682_1189.jpg,39,0.1189
000008089_2183.jpg,2,0.2184
0000011748_1154.jpg,2,0.1155
0000017311_1448.jpg,2,0.1449
0000018022_1279.jpg,38,0.1279
0000032807_1374.jpg,5,0.1374
0000013605_1246.jpg,2,0.1246
0000024917_1135.jpg,5,0.1136
000001091_1538.jpg,2,0.1538
000008738_1073.jpg,13,0.1074
0000020542_1249.jpg,39,0.1250
000002215_1206.jpg,39,0.1206
000006073_1032.jpg,34,0.1032
000002201_1033.jpg,11,0.1034
0000022427_1406.jpg,5,0.1406
0000024730_2018.jpg,2,0.2018
000005208_1027.jpg,2,0.1027
0000010495_1366.jpg,35,0.1366
0000024718_1010.jpg,41,0.1011
0000020218_1031.jpg,41,0.1031
000008062_1165.jpg,38,0.1166
000007351_1031.jpg,5,0.1031
0000026669_1216.jpg,2,0.1216
000007345_1255.jpg,39,0.1256
0000034090_1242.jpg,2,0.1242
0000017649_1230.jpg,39,0.1230
0000030590_1054.jpg,9,0.1055
0000022180_1279.jpg,5,0.1280
000007806_1157.jpg,26,0.1158
0000024297_1127.jpg,44,0.1127
000007190_1282.jpg,13,0.1283
0000013375_1477.jpg,38,0.1478
0000011562_1033.jpg,39,0.1033
0000016219_1014.jpg,2,0.1014
00000503_1116.jpg,2,0.1117
000003484_1773.jpg,2,0.1773
0000013361_1021.jpg,42,0.1022
0000029957_1236.jpg,44,0.1237
0000028491_1027.jpg,5,0.1027
000003309_1041.jpg,2,0.1041
000002771_1292.jpg,2,0.1292
0000010683_1250.jpg,34,0.1250
0000032350_1322.jpg,39,0.1322
000004472_1078.jpg,2,0.1079
0000015089_1423.jpg,2,0.1423
0000029980_1488.jpg,39,0.1489
000007635_1018.jpg,39,0.1019
0000031671_1232.jpg,44,0.1233
000001244_1657.jpg,2,0.1657
000004328_1049.jpg,5,0.1050
000008512_1099.jpg,44,0.1100
0000010873_1168.jpg,2,0.1168
0000021310_1332.jpg,38,0.1332
000007147_1061.jpg,13,0.1062
0000024268_1039.jpg,18,0.1039
000006258_1327.jpg,35,0.1327
000001537_1114.jpg,39,0.1114
0000018584_1732.jpg,2,0.1733
0000010866_1588.jpg,5,0.1589
0000022142_1191.jpg,39,0.1192
0000032351_1035.jpg,2,0.1035
000009631_1078.jpg,2,0.1079
0000020033_1105.jpg,17,0.1106
000002002_1015.jpg,38,0.1016
0000034052_1750.jpg,39,0.1751
0000017853_1011.jpg,2,0.1012
0000031894_1033.jpg,46,0.1033
000002770_1698.jpg,2,0.1699
0000015711_2000.jpg,2,0.2000
000009816_1037.jpg,35,0.1037
000001292_1336.jpg,44,0.1336
0000016218_1231.jpg,8,0.1232
0000011211_1177.jpg,35,0.1177
0000014369_1452.jpg,11,0.1453
000005792_1676.jpg,2,0.1677
0000013412_1017.jpg,2,0.1017
0000019659_1079.jpg,39,0.1079
0000020966_1240.jpg,39,0.1240
000007807_1865.jpg,2,0.1866
0000025836_1057.jpg,8,0.1058
0000014355_1213.jpg,35,0.1213
000005976_1332.jpg,13,0.1332
0000027953_1017.jpg,5,0.1018
0000010641_1041.jpg,5,0.1042
0000010899_1907.jpg,39,0.1908
000007344_1130.jpg,39,0.1130
0000023704_1188.jpg,35,0.1188
000007436_1082.jpg,2,0.1082
000003650_1296.jpg,2,0.1297
0000019498_1107.jpg,39,0.1107
0000016973_1228.jpg,2,0.1229
0000018976_1591.jpg,39,0.1592
0000016783_1126.jpg,14,0.1126
0000021649_2827.jpg,2,0.2828
0000012297_1204.jpg,2,0.1205
00000933_2437.jpg,35,0.2438
0000030988_1054.jpg,39,0.1055
0000017489_1077.jpg,8,0.1077
0000024043_1003.jpg,39,0.1003
000002214_1354.jpg,2,0.1355
0000019329_1011.jpg,43,0.1011
000003687_1018.jpg,39,0.1019
000002599_1321.jpg,13,0.1322
0000015507_1262.jpg,34,0.1262
000007393_1292.jpg,43,0.1293
0000011007_1685.jpg,2,0.1686
0000016768_1195.jpg,8,0.1196
000008088_1345.jpg,2,0.1345
0000010331_1292.jpg,13,0.1293
0000028876_1043.jpg,9,0.1043
0000012526_1030.jpg,2,0.1030
0000022383_1015.jpg,39,0.1016
0000016026_1336.jpg,39,0.1336
000008936_1178.jpg,2,0.1179
0000021852_1400.jpg,2,0.1401
0000016032_1212.jpg,39,0.1213
0000023937_1176.jpg,9,0.1176
0000026697_1887.jpg,38,0.1887
0000033305_1186.jpg,39,0.1187
000005341_1133.jpg,44,0.1134
000008665_1357.jpg,2,0.1357
0000025215_1176.jpg,39,0.1177
0000024123_1150.jpg,5,0.1151
0000030142_1001.jpg,46,0.1002
000007218_1079.jpg,39,0.1079
000001669_1452.jpg,2,0.1453
0000032755_1107.jpg,36,0.1107
000004922_1206.jpg,44,0.1207
0000018625_1033.jpg,39,0.1033
0000017516_1028.jpg,34,0.1028
0000017264_1116.jpg,35,0.1117
0000028094_1409.jpg,39,0.1410
0000019249_1090.jpg,39,0.1091
0000021098_1129.jpg,2,0.1129
0000019507_1010.jpg,39,0.1010
000003917_1080.jpg,5,0.1081
0000025598_1482.jpg,35,0.1482
00000884_1259.jpg,18,0.1259
0000063_1076.jpg,39,0.1077
0000014037_1385.jpg,5,0.1386
0000013980_1129.jpg,39,0.1130
0000016620_1087.jpg,2,0.1087
0000023300_1335.jpg,2,0.1336
0000027166_1141.jpg,24,0.1141
000007740_1454.jpg,2,0.1455
0000026278_1032.jpg,39,0.1033
000002610_1179.jpg,5,0.1180
0000022036_1106.jpg,35,0.1107
000009745_1249.jpg,5,0.1250
00000489_1070.jpg,2,0.1071
000001319_1061.jpg,5,0.1061
0000033885_1066.jpg,8,0.1066
0000032543_1281.jpg,46,0.1282
0000012693_1256.jpg,2,0.1256
0000017927_1158.jpg,35,0.1159
000009989_1022.jpg,35,0.1022
00000476_1555.jpg,35,0.1555
0000028282_2504.jpg,8,0.2505
0000029822_1055.jpg,41,0.1055
00000304_1402.jpg,35,0.1402
000002823_1219.jpg,2,0.1220
000007973_1024.jpg,13,0.1024
000008498_1295.jpg,39,0.1295
0000032580_1044.jpg,44,0.1044
0000014221_1011.jpg,44,0.1012
0000012888_1390.jpg,2,0.1391
0000017728_1044.jpg,44,0.1045
00000338_1159.jpg,2,0.1160
0000019711_1098.jpg,5,0.1098
0000014235_1216.jpg,39,0.1217
0000024490_1179.jpg,39,0.1180
0000019077_1144.jpg,39,0.1145
0000010045_1104.jpg,41,0.1105
0000019061_1591.jpg,39,0.1591
0000016352_1121.jpg,44,0.1121
000009784_2201.jpg,2,0.2202
0000025954_1011.jpg,5,0.1012
000005814_1333.jpg,2,0.1334
0000013558_1028.jpg,29,0.1028
0000027825_1213.jpg,39,0.1214
000001482_1169.jpg,2,0.1169
0000010079_1133.jpg,29,0.1133
000009974_1042.jpg,4,0.1042
000007959_1449.jpg,9,0.1450
0000013564_1292.jpg,2,0.1293
0000024323_1322.jpg,2,0.1322
0000030356_1043.jpg,39,0.1043
0000011398_1064.jpg,39,0.1065
0000017931_1048.jpg,39,0.1048
0000026252_1449.jpg,11,0.1450
000006474_1199.jpg,39,0.1199
000004263_1525.jpg,2,0.1525
000009753_1046.jpg,39,0.1046
0000022746_1486.jpg,39,0.1486
000003256_1181.jpg,35,0.1182
0000029149_1354.jpg,46,0.1354
0000034118_1138.jpg,29,0.1138
0000019934_1127.jpg,24,0.1127
000007024_1153.jpg,13,0.1154
000009586_1233.jpg,39,0.1234
0000030829_1132.jpg,39,0.1132
0000075_3447.jpg,2,0.3448
0000013996_1199.jpg,15,0.1199
0000030183_1417.jpg,39,0.1417
0000028914_1262.jpg,24,0.1263
0000024848_1036.jpg,5,0.1036
0000019277_1369.jpg,35,0.1370
000005380_1114.jpg,39,0.1114
0000026911_1120.jpg,39,0.1120
00000104_1398.jpg,2,0.1399
0000011171_1270.jpg,39,0.1270
000001694_1128.jpg,2,0.1129
0000011617_1039.jpg,2,0.1040
000006845_1717.jpg,9,0.1717
0000018155_1570.jpg,38,0.1571
000005394_1048.jpg,2,0.1049
0000023128_1120.jpg,2,0.1121
0000030632_1823.jpg,2,0.1824
000008883_1108.jpg,46,0.1108
000001119_1744.jpg,2,0.1745
0000018800_1019.jpg,2,0.1019
000009223_1769.jpg,2,0.1769
000004713_1066.jpg,39,0.1067
0000012487_1330.jpg,43,0.1331
0000017299_1194.jpg,35,0.1195
000006662_1088.jpg,2,0.1088
0000029377_1324.jpg,44,0.1324
000002404_2211.jpg,2,0.2212
000004075_1902.jpg,2,0.1903
0000031510_1392.jpg,39,0.1393
0000023114_1866.jpg,2,0.1866
0000031262_1087.jpg,39,0.1087
000006138_1053.jpg,46,0.1054
000007540_1146.jpg,2,0.1147
0000020409_1376.jpg,42,0.1377
0000024096_1197.jpg,39,0.1198
000004868_1027.jpg,2,0.1028
0000019471_1043.jpg,41,0.1044
0000010333_1436.jpg,5,0.1437
0000016756_1039.jpg,2,0.1039
0000011039_2209.jpg,2,0.2209
0000021844_1078.jpg,39,0.1079
000008920_1138.jpg,36,0.1139
000007385_1414.jpg,39,0.1415
0000015277_1944.jpg,2,0.1945
000004698_1061.jpg,5,0.1062
0000013612_1174.jpg,19,0.1174
0000018747_1041.jpg,39,0.1041
0000015505_1057.jpg,35,0.1057
000003691_1004.jpg,46,0.1004
0000011950_2027.jpg,2,0.2028
000009357_2840.jpg,2,0.2840
0000033529_1405.jpg,34,0.1406
0000024041_1063.jpg,46,0.1064
000003108_1945.jpg,2,0.1945
0000016795_1250.jpg,35,0.1250
000007408_1362.jpg,35,0.1363
0000021887_1881.jpg,39,0.1882
000004101_1072.jpg,2,0.1073
000007420_1386.jpg,5,0.1387
000004129_1405.jpg,5,0.1405
000002558_1127.jpg,35,0.1128
000005551_1339.jpg,35,0.1340
0000013809_1059.jpg,13,0.1059
000003134_1378.jpg,41,0.1379
000003652_1092.jpg,9,0.1092
0000025405_1245.jpg,39,0.1246
000001045_1352.jpg,39,0.1352
000009828_1037.jpg,35,0.1037
0000030587_1448.jpg,8,0.1449
0000020794_1005.jpg,39,0.1006
0000012054_1066.jpg,2,0.1066
0000027789_2413.jpg,39,0.2413
0000022801_1090.jpg,2,0.1090
0000018551_1428.jpg,2,0.1428
0000020970_1024.jpg,43,0.1024
0000015707_1641.jpg,2,0.1642
0000011561_1165.jpg,2,0.1166
000007193_1318.jpg,39,0.1319
000004471_2278.jpg,2,0.2278
0000032435_1576.jpg,2,0.1577
0000010694_1137.jpg,35,0.1138
0000027038_1009.jpg,35,0.1009
0000030544_1044.jpg,2,0.1044
0000022154_1096.jpg,39,0.1096
0000024525_1147.jpg,43,0.1148
000008539_1187.jpg,2,0.1187
000006514_1407.jpg,2,0.1408
000009141_1424.jpg,39,0.1425
0000031100_1172.jpg,39,0.1173
0000017879_1067.jpg,43,0.1067
000003322_1011.jpg,13,0.1012
000003450_1168.jpg,2,0.1169
0000023510_1044.jpg,5,0.1044
000001521_1722.jpg,38,0.1722
000007637_1233.jpg,2,0.1234
0000020018_1074.jpg,5,0.1074
000001520_1117.jpg,46,0.1117
000002983_1217.jpg,5,0.1217
000006515_3229.jpg,2,0.3230
0000022633_1093.jpg,29,0.1093
0000030237_1058.jpg,34,0.1058
0000014395_1136.jpg,39,0.1137
000004316_1223.jpg,35,0.1224
000002767_1034.jpg,1,0.1035
0000032352_1225.jpg,39,0.1226
0000015706_1654.jpg,2,0.1655
000003492_2105.jpg,5,0.2105
00000273_1145.jpg,39,0.1145
0000010118_1136.jpg,39,0.1137
0000028487_1239.jpg,5,0.1239
000006298_1574.jpg,11,0.1574
00000267_4784.jpg,2,0.4785
0000018550_1525.jpg,34,0.1526
000005949_1298.jpg,2,0.1299
000009815_2826.jpg,2,0.2827
0000032385_1008.jpg,35,0.1008
00000529_1867.jpg,2,0.1868
0000027788_1122.jpg,11,0.1123
0000026482_1113.jpg,39,0.1114
0000030586_1049.jpg,44,0.1050
0000032391_1256.jpg,5,0.1256
0000021104_1180.jpg,39,0.1181
0000027575_1036.jpg,38,0.1037
000007435_1073.jpg,39,0.1074
0000023061_1629.jpg,39,0.1629
000003647_1083.jpg,2,0.1084
000001736_1179.jpg,2,0.1179
000006059_1037.jpg,39,0.1037
000008074_1094.jpg,39,0.1095
000005550_1109.jpg,2,0.1109
0000026657_1076.jpg,6,0.1077
000003109_1163.jpg,2,0.1164
0000014183_1293.jpg,2,0.1293
0000032622_1477.jpg,39,0.1478
0000025438_1130.jpg,39,0.1130
0000021886_1447.jpg,2,0.1448
0000011951_1451.jpg,5,0.1451
000006703_1529.jpg,39,0.1530
000004114_1461.jpg,8,0.1461
0000014197_1257.jpg,39,0.1258
0000022425_1283.jpg,34,0.1283
000002203_1033.jpg,11,0.1034
0000018975_1932.jpg,2,0.1932
0000020232_3798.jpg,2,0.3798
0000019458_1241.jpg,39,0.1242
0000013613_1077.jpg,39,0.1078
000003848_1330.jpg,39,0.1330
0000017313_1247.jpg,35,0.1247
0000010326_1037.jpg,26,0.1037
0000030790_1211.jpg,18,0.1212
0000012257_1196.jpg,39,0.1197
0000014632_1453.jpg,5,0.1453
0000012243_2357.jpg,2,0.2357
0000019316_1045.jpg,39,0.1046
000006918_1301.jpg,41,0.1301
0000021851_1086.jpg,36,0.1087
0000011992_1051.jpg,5,0.1051
0000028875_1124.jpg,44,0.1124
0000023920_1043.jpg,8,0.1043
0000012525_1429.jpg,2,0.1429
0000025216_1056.jpg,2,0.1057
0000022579_1170.jpg,2,0.1170
000008114_1138.jpg,17,0.1139
0000021070_1095.jpg,39,0.1096
000007541_1149.jpg,2,0.1149
000003733_1226.jpg,11,0.1227
0000023673_1015.jpg,2,0.1015
0000012486_1047.jpg,19,0.1048
0000022223_1385.jpg,2,0.1386
0000026051_1001.jpg,39,0.1001
000007569_2870.jpg,35,0.2870
0000023129_1253.jpg,13,0.1253
0000032024_1121.jpg,39,0.1121
0000010285_3613.jpg,2,0.3613
00000105_1398.jpg,2,0.1399
0000026904_1262.jpg,39,0.1262
0000014008_1450.jpg,13,0.1450
0000024875_1406.jpg,39,0.1406
000007582_1175.jpg,34,0.1176
0000010508_1343.jpg,2,0.1344
00000663_1020.jpg,2,0.1020
0000016179_1027.jpg,39,0.1027
000007596_2127.jpg,2,0.2127
00000677_1238.jpg,39,0.1239
0000030814_1266.jpg,5,0.1266
0000048_1645.jpg,2,0.1645
000002388_1189.jpg,2,0.1189
000001681_1230.jpg,35,0.1230
0000026938_1079.jpg,44,0.1079
0000020391_1354.jpg,39,0.1354
000001871_1656.jpg,2,0.1657
000008855_1392.jpg,2,0.1392
000009593_1029.jpg,8,0.1030
0000014746_1609.jpg,2,0.1610
0000019504_1032.jpg,9,0.1032
0000016637_1407.jpg,35,0.1407
0000022592_1062.jpg,41,0.1062
0000018395_1031.jpg,9,0.1031
0000010911_1760.jpg,2,0.1760
0000021272_2068.jpg,2,0.2069
000003257_1019.jpg,39,0.1020
000004538_1615.jpg,39,0.1616
0000031075_1647.jpg,43,0.1648
000008464_1579.jpg,2,0.1580
0000021528_1061.jpg,2,0.1061
0000024336_1526.jpg,39,0.1527
0000022747_1020.jpg,5,0.1020
0000032554_1012.jpg,39,0.1012
000006307_1290.jpg,44,0.1291
0000030343_1283.jpg,44,0.1284
0000031049_1080.jpg,39,0.1081
0000026535_1145.jpg,34,0.1146
0000020144_1211.jpg,2,0.1212
000002175_1073.jpg,2,0.1074
0000014587_1082.jpg,35,0.1082
0000016390_1027.jpg,1,0.1028
000002820_1248.jpg,34,0.1248
0000013203_1106.jpg,35,0.1107
000005197_1087.jpg,2,0.1088
0000022960_1051.jpg,2,0.1052
0000018430_1079.jpg,39,0.1080
0000029821_1955.jpg,2,0.1956
00000313_1013.jpg,39,0.1014
0000016409_1030.jpg,44,0.1031
000003294_1028.jpg,13,0.1029
000005183_1243.jpg,44,0.1243
000009961_1497.jpg,2,0.1497
000009949_1492.jpg,2,0.1492
0000029809_1023.jpg,39,0.1024
0000013559_1181.jpg,44,0.1182
000005815_1899.jpg,2,0.1899
0000010044_1057.jpg,5,0.1057
00000449_1024.jpg,9,0.1024
0000028285_1185.jpg,2,0.1185
0000018346_1035.jpg,39,0.1035
000002830_1292.jpg,9,0.1293
0000013575_1068.jpg,9,0.1069
0000015104_1028.jpg,2,0.1028
0000018434_1297.jpg,2,0.1297
0000028291_1064.jpg,39,0.1064
000009971_1015.jpg,9,0.1016
0000019064_1224.jpg,2,0.1225
0000030390_1255.jpg,39,0.1256
0000033855_1070.jpg,39,0.1070
0000019716_1009.jpg,44,0.1009
000001322_1143.jpg,2,0.1143
0000027613_1171.jpg,11,0.1171
0000021262_1119.jpg,39,0.1120
0000033666_1102.jpg,10,0.1102
0000023461_1076.jpg,9,0.1076
000007021_1195.jpg,44,0.1195
0000031065_1647.jpg,43,0.1648
0000021276_1002.jpg,34,0.1003
0000033114_1231.jpg,34,0.1232
0000027149_1037.jpg,39,0.1037
0000022031_1025.jpg,13,0.1025
000002171_1144.jpg,2,0.1144
0000020154_1644.jpg,44,0.1645
0000011389_1571.jpg,5,0.1572
0000017920_1267.jpg,2,0.1267
0000033896_1112.jpg,19,0.1113
000006465_1300.jpg,2,0.1301
000008448_1054.jpg,39,0.1055
0000013011_1200.jpg,5,0.1201
0000014024_1342.jpg,39,0.1343
0000023688_1295.jpg,2,0.1296
0000021921_1501.jpg,2,0.1502
0000024695_1535.jpg,2,0.1536
000009597_1287.jpg,35,0.1287
000008689_1098.jpg,5,0.1099
0000021935_1033.jpg,11,0.1034
0000027411_1185.jpg,29,0.1186
000004058_1199.jpg,18,0.1200
0000029400_1052.jpg,39,0.1053
0000013788_1025.jpg,39,0.1025
0000014781_1822.jpg,2,0.1823
0000011821_1213.jpg,44,0.1214
000001108_1204.jpg,24,0.1205
0000016182_2107.jpg,5,0.2108
0000024130_1158.jpg,2,0.1159
0000023887_1031.jpg,11,0.1031
0000027439_1106.jpg,41,0.1106
000007380_1378.jpg,39,0.1378
0000013603_1020.jpg,5,0.1020
000001097_1147.jpg,2,0.1147
0000010478_1484.jpg,2,0.1485
0000017317_1165.jpg,24,0.1166
00000713_1872.jpg,2,0.1872
0000026874_1068.jpg,34,0.1069
0000032829_1289.jpg,8,0.1290
0000010336_1108.jpg,2,0.1109
0000020593_1669.jpg,2,0.1670
0000020587_1552.jpg,35,0.1552
0000016753_1123.jpg,2,0.1124
0000014144_1321.jpg,5,0.1321
0000023930_1072.jpg,2,0.1073
0000013818_1236.jpg,2,0.1237
000004892_1034.jpg,5,0.1034
0000030019_1092.jpg,39,0.1093
000001054_2155.jpg,2,0.2155
000005232_1324.jpg,38,0.1325
0000033262_1025.jpg,36,0.1026
0000031475_1585.jpg,44,0.1586
0000027217_1114.jpg,39,0.1114
0000027571_1106.jpg,38,0.1107
0000031313_1015.jpg,39,0.1015
0000022421_1202.jpg,9,0.1202
0000012284_1379.jpg,2,0.1379
0000025428_1023.jpg,2,0.1023
000007419_1183.jpg,29,0.1183
00000934_1123.jpg,2,0.1123
0000032140_1216.jpg,35,0.1217
0000014187_1304.jpg,35,0.1305
000008058_1441.jpg,46,0.1441
0000030031_1300.jpg,39,0.1301
0000017101_1088.jpg,39,0.1089
000009811_1691.jpg,39,0.1691
0000015716_1454.jpg,2,0.1455
0000028497_1016.jpg,39,0.1016
00000263_1465.jpg,2,0.1466
000002950_2479.jpg,13,0.2480
000002788_1244.jpg,2,0.1245
000002978_1004.jpg,2,0.1004
0000020949_1045.jpg,11,0.1045
0000010652_1768.jpg,2,0.1769
0000016545_1330.jpg,14,0.1330
0000013429_1111.jpg,46,0.1112
0000026492_1054.jpg,34,0.1054
0000011558_1029.jpg,11,0.1030
0000031688_1157.jpg,39,0.1158
0000022192_1320.jpg,46,0.1320
0000025616_1871.jpg,39,0.1872
0000028332_1238.jpg,39,0.1239
000006539_2552.jpg,2,0.2552
000007141_1637.jpg,2,0.1638
0000018597_1763.jpg,39,0.1764
0000028440_1120.jpg,26,0.1121
000008528_1000.jpg,35,0.1001
0000026323_1353.jpg,44,0.1353
0000012086_2196.jpg,38,0.2197
0000013398_1110.jpg,9,0.1110
0000032430_1093.jpg,5,0.1093
000006263_1088.jpg,9,0.1088
000009150_1386.jpg,35,0.1387
0000020034_1950.jpg,2,0.1951
0000030233_1014.jpg,26,0.1014
000007169_1367.jpg,2,0.1368
0000031893_1058.jpg,34,0.1058
0000022636_1079.jpg,2,0.1080
0000031892_1067.jpg,39,0.1067
0000020747_1484.jpg,44,0.1484
000005019_1036.jpg,39,0.1037
0000033049_1937.jpg,39,0.1938
0000012087_1261.jpg,35,0.1261
000002762_1020.jpg,2,0.1021
0000022144_1065.jpg,17,0.1065
0000010848_1087.jpg,5,0.1088
000002004_1228.jpg,2,0.1228
0000014390_1989.jpg,2,0.1990
0000029987_1175.jpg,2,0.1175
0000028441_1728.jpg,2,0.1728
0000023514_1057.jpg,44,0.1058
0000034068_1030.jpg,9,0.1031
000007626_1166.jpg,35,0.1167
000002986_1371.jpg,2,0.1371
0000024509_1003.jpg,14,0.1003
000003326_1101.jpg,35,0.1101
0000023500_1080.jpg,13,0.1080
0000012905_1035.jpg,29,0.1035
0000027766_2244.jpg,44,0.2244
0000033920_1110.jpg,5,0.1111
0000025824_1017.jpg,2,0.1018
0000014421_1630.jpg,2,0.1631
0000025830_1028.jpg,39,0.1029
000005958_1459.jpg,2,0.1460
0000011203_1000.jpg,36,0.1001
00000276_1767.jpg,39,0.1768
000006289_1047.jpg,35,0.1048
000007197_1042.jpg,9,0.1042
000001280_1483.jpg,2,0.1483
000002789_1093.jpg,2,0.1094
000003497_1250.jpg,35,0.1251
0000015717_1078.jpg,2,0.1079
0000020223_1037.jpg,39,0.1038
0000014186_1151.jpg,5,0.1152
0000022434_1283.jpg,34,0.1283
000006060_2090.jpg,2,0.2090
0000016785_1688.jpg,35,0.1689
0000021129_1107.jpg,13,0.1107
0000027216_1257.jpg,36,0.1257
0000028643_1133.jpg,44,0.1134
0000021115_1158.jpg,11,0.1159
0000016961_1088.jpg,35,0.1088
0000025373_1027.jpg,38,0.1027
000003642_1012.jpg,13,0.1013
000007424_1103.jpg,17,0.1103
000009409_1023.jpg,29,0.1024
0000021698_1062.jpg,6,0.1063
0000018019_1046.jpg,39,0.1047
0000011983_1088.jpg,39,0.1089
0000021840_1046.jpg,41,0.1047
0000025398_1085.jpg,9,0.1086
0000014637_1110.jpg,13,0.1111
0000011997_1130.jpg,35,0.1131
0000020592_1051.jpg,29,0.1051
0000030781_1194.jpg,39,0.1194
000001082_1258.jpg,29,0.1258
0000017316_1282.jpg,8,0.1282
000001928_1078.jpg,39,0.1079
0000019449_1029.jpg,17,0.1029
0000018031_1041.jpg,5,0.1042
0000024657_1029.jpg,9,0.1029
000002400_1023.jpg,35,0.1024
00000841_1246.jpg,2,0.1246
0000029415_1393.jpg,39,0.1394
0000023886_1301.jpg,17,0.1302
0000032747_1110.jpg,2,0.1111
000006114_1580.jpg,2,0.1581
000006672_1089.jpg,4,0.1090
0000022232_1291.jpg,2,0.1292
000001135_2781.jpg,2,0.2782
0000028051_1095.jpg,39,0.1095
000008677_1363.jpg,41,0.1364
0000011808_1438.jpg,44,0.1439
0000032009_1111.jpg,13,0.1111
000008111_1157.jpg,5,0.1157
000007222_1008.jpg,5,0.1009
0000021061_1735.jpg,5,0.1735
000006128_1113.jpg,5,0.1113
000005421_1298.jpg,39,0.1298
0000014964_1045.jpg,39,0.1045
0000021934_1003.jpg,39,0.1004
00000882_1121.jpg,2,0.1121
0000019273_1007.jpg,5,0.1008
0000016140_1153.jpg,2,0.1153
0000065_1003.jpg,2,0.1004
0000013038_1056.jpg,5,0.1057
0000032948_1065.jpg,44,0.1066
0000017538_1028.jpg,9,0.1028
0000010257_1170.jpg,2,0.1171
00000128_1360.jpg,2,0.1361
0000026929_1130.jpg,39,0.1131
0000010243_1096.jpg,9,0.1097
0000027389_1000.jpg,39,0.1000
0000018179_1587.jpg,39,0.1588
0000016154_1458.jpg,39,0.1458
000009582_1122.jpg,2,0.1123
0000013004_1279.jpg,2,0.1280
00000666_1743.jpg,2,0.1743
000001690_1384.jpg,2,0.1384
0000026901_1199.jpg,38,0.1200
0000017510_1015.jpg,46,0.1015
0000029398_1235.jpg,2,0.1236
0000012681_1100.jpg,39,0.1101
0000017921_1381.jpg,5,0.1382
0000011388_1333.jpg,2,0.1333
0000028509_1357.jpg,5,0.1358
0000020155_1644.jpg,44,0.1645
0000015850_1568.jpg,2,0.1568
0000022030_1194.jpg,24,0.1194
000003508_1804.jpg,2,0.1804
0000025987_1103.jpg,26,0.1104
0000014582_1434.jpg,13,0.1434
0000021539_1460.jpg,5,0.1460
000001479_1219.jpg,5,0.1220
000002170_1312.jpg,41,0.1313
0000028535_2182.jpg,39,0.2182
000008313_1128.jpg,39,0.1128
0000031716_1480.jpg,39,0.1480
0000029159_1157.jpg,34,0.1157
0000032579_1080.jpg,2,0.1080
000001445_1012.jpg,11,0.1013
0000024496_1612.jpg,44,0.1613
0000012124_1050.jpg,2,0.1050
000009794_1045.jpg,35,0.1045
0000031925_1188.jpg,39,0.1189
0000010733_1137.jpg,2,0.1137
0000024482_1039.jpg,39,0.1039
0000033840_1009.jpg,39,0.1009
000005804_1289.jpg,2,0.1289
0000029830_1730.jpg,5,0.1731
0000016418_1084.jpg,35,0.1084
00000302_1095.jpg,5,0.1095
000001492_4087.jpg,2,0.4088
0000011411_1224.jpg,39,0.1225
0000018353_1295.jpg,2,0.1296
000007785_1047.jpg,11,0.1048
0000013206_1369.jpg,39,0.1370
000002825_1248.jpg,34,0.1248
000002831_1254.jpg,2,0.1255
0000025978_1074.jpg,44,0.1074
0000019059_1292.jpg,2,0.1292
000003291_2031.jpg,2,0.2032
000005190_1112.jpg,39,0.1113
000006499_1011.jpg,9,0.1011
0000015107_1045.jpg,43,0.1046
0000018423_1861.jpg,5,0.1862
0000010719_1031.jpg,24,0.1031
0000016368_2011.jpg,38,0.2011
00000472_1467.jpg,2,0.1468
000002833_1141.jpg,5,0.1142
0000015891_1160.jpg,44,0.1160
0000016432_1233.jpg,39,0.1233
0000030393_1042.jpg,41,0.1043
0000023489_1566.jpg,26,0.1566
0000033842_1084.jpg,43,0.1085
0000022797_1083.jpg,44,0.1083
0000015885_1077.jpg,35,0.1077
000007977_1097.jpg,9,0.1097
000009769_2015.jpg,8,0.2016
0000027162_1347.jpg,5,0.1347
000003522_1023.jpg,44,0.1024
000007022_1412.jpg,2,0.1413
0000024457_1191.jpg,44,0.1191
000002600_1033.jpg,2,0.1034
0000020157_1090.jpg,9,0.1091
0000029615_1098.jpg,39,0.1098
000006300_1004.jpg,2,0.1005
0000024331_1268.jpg,5,0.1268
000006472_3020.jpg,2,0.3021
0000029167_1168.jpg,44,0.1168
0000022032_1223.jpg,35,0.1223
000004932_2041.jpg,39,0.2041
00000664_1291.jpg,1,0.1292
000006843_1200.jpg,8,0.1201
000007591_1094.jpg,2,0.1094
000003091_1207.jpg,9,0.1208
00000658_1129.jpg,2,0.1130
0000016156_1134.jpg,9,0.1134
0000014999_1305.jpg,39,0.1306
0000013748_1226.jpg,2,0.1227
0000030191_1062.jpg,46,0.1063
0000028906_1262.jpg,24,0.1263
000001889_1185.jpg,38,0.1185
000007220_1420.jpg,2,0.1421
0000022218_1124.jpg,2,0.1125
000003720_1302.jpg,39,0.1303
0000027360_1900.jpg,36,0.1901
000006880_1358.jpg,2,0.1358
000001137_1155.jpg,11,0.1156
000007552_1296.jpg,2,0.1296
0000016817_1230.jpg,39,0.1230
0000022542_1007.jpg,17,0.1007
0000013947_1229.jpg,2,0.1229
0000010296_1190.jpg,5,0.1190
000006664_1496.jpg,13,0.1496
0000015488_1613.jpg,39,0.1613
0000032037_1537.jpg,13,0.1537
000005379_1153.jpg,5,0.1153
0000011822_1095.jpg,35,0.1096
0000020427_1040.jpg,5,0.1041
0000010282_1088.jpg,24,0.1088
0000030152_1175.jpg,44,0.1175
0000022556_1407.jpg,39,0.1407
000006089_1003.jpg,5,0.1004
0000028682_1148.jpg,39,0.1149
000001080_1162.jpg,2,0.1162
0000024906_1306.jpg,39,0.1306
0000013172_1624.jpg,9,0.1624
0000017300_1194.jpg,35,0.1195
0000030967_1654.jpg,46,0.1655
00000704_2302.jpg,2,0.2302
000004852_1104.jpg,39,0.1104
0000016750_2021.jpg,35,0.2022
0000021842_1049.jpg,2,0.1049
0000011981_1351.jpg,2,0.1351
0000020584_3445.jpg,2,0.3446
000008067_1002.jpg,11,0.1002
000003132_1109.jpg,44,0.1109
0000033261_1152.jpg,26,0.1153
000005225_1025.jpg,41,0.1025
000007432_1208.jpg,45,0.1208
0000033275_1054.jpg,8,0.1055
0000022378_1017.jpg,2,0.1017
0000018796_1203.jpg,39,0.1204
0000013833_1289.jpg,39,0.1289
0000025359_1590.jpg,5,0.1591
0000030032_1037.jpg,44,0.1037
0000018966_1472.jpg,2,0.1472
0000016793_2288.jpg,35,0.2288
000006710_1722.jpg,2,0.1722
000002576_1173.jpg,35,0.1173
0000022344_1338.jpg,39,0.1339
0000032631_1244.jpg,39,0.1245
0000024053_1206.jpg,39,0.1206
000002953_1025.jpg,2,0.1025
00000512_1540.jpg,2,0.1541
0000011567_1000.jpg,2,0.1000
00000274_1411.jpg,39,0.1411
0000015073_1443.jpg,35,0.1443
000004488_1028.jpg,35,0.1029
0000013402_1534.jpg,2,0.1534
0000020976_1127.jpg,35,0.1127
0000010645_1223.jpg,8,0.1223
0000033922_1002.jpg,11,0.1003
0000024286_1445.jpg,39,0.1445
0000022185_1202.jpg,2,0.1203
000007803_1265.jpg,5,0.1265
0000016220_1197.jpg,24,0.1197
0000010862_2032.jpg,44,0.2033
000005027_1030.jpg,44,0.1031
0000021301_1000.jpg,44,0.1001
0000031112_1170.jpg,26,0.1170
000007156_1599.jpg,39,0.1599
000008271_1172.jpg,39,0.1172
000002984_1130.jpg,41,0.1130
0000023264_1156.jpg,39,0.1156
0000010876_1121.jpg,34,0.1121
000004463_1176.jpg,2,0.1176
0000021329_1127.jpg,2,0.1128
0000022621_1189.jpg,8,0.1189
0000014393_1336.jpg,5,0.1337
000004476_1022.jpg,5,0.1023
000004310_1484.jpg,5,0.1485
0000025628_1147.jpg,2,0.1147
000001268_1234.jpg,11,0.1235
000006513_1055.jpg,39,0.1055
0000029006_1039.jpg,13,0.1040
0000012090_1328.jpg,2,0.1329
0000015099_1108.jpg,5,0.1109
0000026453_1064.jpg,39,0.1065
0000023503_1002.jpg,40,0.1003
000001532_1930.jpg,2,0.1930
0000027003_1305.jpg,35,0.1306
000008516_1000.jpg,35,0.1001
000005032_1982.jpg,38,0.1982
000002991_1078.jpg,1,0.1078
0000021466_1030.jpg,9,0.1030
0000025166_1450.jpg,39,0.1451
0000024278_1419.jpg,5,0.1419
0000030580_1061.jpg,5,0.1061
0000025833_1279.jpg,5,0.1280
0000019106_1006.jpg,41,0.1006
0000017895_1202.jpg,5,0.1202
0000012735_1364.jpg,41,0.1365
0000019648_1023.jpg,6,0.1024
000004489_1081.jpg,15,0.1081
0000017103_1059.jpg,5,0.1060
000001283_1626.jpg,2,0.1627
00000513_1540.jpg,2,0.1541
0000013417_1522.jpg,38,0.1522
0000017671_1318.jpg,39,0.1318
0000019884_1016.jpg,39,0.1016
0000024046_1056.jpg,44,0.1057
0000022351_1551.jpg,2,0.1551
0000024720_1668.jpg,2,0.1669
000006711_1003.jpg,42,0.1003
000003899_1134.jpg,9,0.1134
000005230_1246.jpg,39,0.1247
0000028132_1073.jpg,39,0.1073
0000028654_1393.jpg,35,0.1394
000007341_1217.jpg,41,0.1218
000003133_1109.jpg,44,0.1109
0000014807_1786.jpg,2,0.1786
0000022386_1049.jpg,44,0.1050
00000739_1808.jpg,2,0.1808
0000010320_1111.jpg,2,0.1111
000008099_1162.jpg,2,0.1162
000009387_1235.jpg,2,0.1236
0000019304_1507.jpg,39,0.1507
0000021843_1005.jpg,39,0.1006
0000010446_1233.jpg,24,0.1233
000003872_1256.jpg,39,0.1257
00000705_2679.jpg,35,0.2680
000004847_1320.jpg,35,0.1320
0000015264_1118.jpg,41,0.1118
000003696_1245.jpg,2,0.1246
0000024907_1114.jpg,35,0.1114
00000856_1111.jpg,35,0.1112
000003709_1061.jpg,45,0.1061
0000022231_1108.jpg,39,0.1108
000002371_1055.jpg,39,0.1056
000009224_1060.jpg,39,0.1061
0000030147_1650.jpg,2,0.1650
0000012480_1331.jpg,35,0.1332
0000023885_1010.jpg,41,0.1010
0000032988_1321.jpg,2,0.1322
0000015489_1172.jpg,2,0.1173
0000021704_1069.jpg,35,0.1069
000007553_1078.jpg,2,0.1079
0000028720_1014.jpg,41,0.1015
000005422_3313.jpg,2,0.3314
000007221_1081.jpg,2,0.1081
0000028734_1002.jpg,2,0.1003
000007547_1720.jpg,5,0.1721
0000021923_1095.jpg,11,0.1096
000001863_1042.jpg,39,0.1043
0000033499_1254.jpg,5,0.1255
0000013991_1106.jpg,2,0.1106
0000019516_1300.jpg,38,0.1301
0000020397_1150.jpg,2,0.1150
0000017275_1033.jpg,5,0.1033
0000015462_1465.jpg,24,0.1465
000003090_1037.jpg,39,0.1038
0000013775_1057.jpg,39,0.1058
0000013761_1042.jpg,39,0.1043
0000028091_1107.jpg,44,0.1107
0000018152_1446.jpg,39,0.1447
00000665_1408.jpg,2,0.1408
0000029600_1053.jpg,39,0.1053
0000033880_1056.jpg,39,0.1056
0000024442_1183.jpg,2,0.1184
0000020624_1398.jpg,19,0.1399
000009998_1431.jpg,2,0.1431
000007779_1315.jpg,6,0.1316
0000030423_1046.jpg,39,0.1046
0000025748_1020.jpg,26,0.1021
0000033894_1097.jpg,44,0.1098
0000020156_1114.jpg,2,0.1114
000007751_1138.jpg,11,0.1139
000007745_2155.jpg,2,0.2155
0000028250_1060.jpg,2,0.1060
0000031067_1145.jpg,9,0.1146
0000030379_1185.jpg,46,0.1185
000007023_2227.jpg,2,0.2228
000005634_1373.jpg,2,0.1374
0000010724_1035.jpg,13,0.1035
0000012133_1252.jpg,44,0.1253
0000018422_1009.jpg,35,0.1009
0000015106_1067.jpg,5,0.1067
0000022972_1171.jpg,46,0.1172
000005185_1039.jpg,39,0.1039
000009967_1577.jpg,5,0.1578
000007786_1950.jpg,2,0.1950
0000019731_1063.jpg,44,0.1064
00000318_1016.jpg,9,0.1016
0000029194_1410.jpg,39,0.1410
0000010701_1309.jpg,26,0.1310
000004282_1013.jpg,39,0.1014
0000011379_1192.jpg,39,0.1192
0000027185_1117.jpg,2,0.1118
0000011437_1008.jpg,2,0.1008
0000013234_3206.jpg,2,0.3206
0000011423_1060.jpg,26,0.1060
0000032577_1213.jpg,34,0.1213
000008309_1483.jpg,8,0.1483
000004255_1340.jpg,2,0.1340
0000024467_1598.jpg,2,0.1598
0000022016_1223.jpg,35,0.1223
000005639_1207.jpg,2,0.1208
0000025037_2130.jpg,2,0.2130
000005611_1258.jpg,39,0.1259
000003260_1307.jpg,9,0.1308
0000013585_1115.jpg,44,0.1116
000004269_1139.jpg,35,0.1139
0000025989_1254.jpg,8,0.1255
000008453_1493.jpg,2,0.1493
0000017085_1244.jpg,39,0.1244
0000031730_1681.jpg,38,0.1681
000008447_1124.jpg,5,0.1125
0000013591_1007.jpg,24,0.1008
0000010098_1259.jpg,11,0.1259
000007012_1008.jpg,39,0.1009
000006683_1427.jpg,2,0.1427
0000029396_1517.jpg,2,0.1518
0000010517_1055.jpg,44,0.1055
0000043_1221.jpg,2,0.1222
000001846_1035.jpg,2,0.1036
0000010265_1728.jpg,2,0.1728
0000014003_1001.jpg,11,0.1002
0000057_1063.jpg,2,0.1063
00000668_1016.jpg,7,0.1016
000007589_1110.jpg,5,0.1110
0000027387_1634.jpg,35,0.1635
00000898_1020.jpg,11,0.1020
0000021090_1052.jpg,44,0.1053
000004902_1528.jpg,2,0.1529
0000033480_1071.jpg,34,0.1071
0000030189_1271.jpg,8,0.1271
0000012328_1051.jpg,13,0.1052
0000015447_1213.jpg,2,0.1214
0000080_1128.jpg,5,0.1128
0000032013_1042.jpg,8,0.1043
000002426_1222.jpg,5,0.1222
0000020417_1178.jpg,39,0.1178
000002340_1447.jpg,2,0.1447
0000025209_1083.jpg,2,0.1084
0000020365_1578.jpg,13,0.1579
000008679_1229.jpg,41,0.1229
0000032007_1365.jpg,39,0.1366
0000024665_1068.jpg,2,0.1068
00000683_1095.jpg,2,0.1095
0000024895_1354.jpg,5,0.1355
0000023122_1063.jpg,38,0.1063
000003704_1190.jpg,2,0.1190
0000013787_1103.jpg,41,0.1103
0000021053_1072.jpg,39,0.1073
000001661_1288.jpg,39,0.1289
0000023136_1361.jpg,20,0.1362
0000021866_1018.jpg,39,0.1019
000001098_1311.jpg,2,0.1312
0000016012_1331.jpg,35,0.1331
0000014163_1044.jpg,26,0.1045
0000010305_2016.jpg,2,0.2016
0000018995_1065.jpg,5,0.1065
0000017318_1068.jpg,29,0.1069
0000010477_1049.jpg,5,0.1049
0000021872_1010.jpg,2,0.1010
000008916_1290.jpg,18,0.1291
0000033286_1523.jpg,39,0.1523
0000031491_1128.jpg,39,0.1129
00000734_1016.jpg,2,0.1016
0000016748_1000.jpg,29,0.1001
0000017456_1145.jpg,43,0.1145
0000013630_1357.jpg,9,0.1358
0000032832_1113.jpg,39,0.1114
0000027581_1003.jpg,5,0.1003
0000018771_1040.jpg,38,0.1041
000003894_1218.jpg,5,0.1219
000002552_1483.jpg,13,0.1483
0000028659_1013.jpg,44,0.1013
000009361_1155.jpg,2,0.1155
000004889_1325.jpg,2,0.1326
0000023718_1809.jpg,2,0.1810
000007358_1091.jpg,2,0.1092
0000019490_1031.jpg,39,0.1032
0000018956_1058.jpg,39,0.1059
0000026660_1333.jpg,43,0.1334
0000026106_1414.jpg,2,0.1415
000006720_1236.jpg,39,0.1237
0000011972_1096.jpg,2,0.1096
0000022360_1161.jpg,44,0.1161
0000024739_1535.jpg,2,0.1535
0000028665_1393.jpg,35,0.1394
0000026890_1091.jpg,39,0.1092
000007370_1133.jpg,2,0.1134
0000028671_1164.jpg,43,0.1165
0000017481_1115.jpg,2,0.1116
000007364_1411.jpg,29,0.1412
0000021133_1081.jpg,9,0.1082
000003664_1464.jpg,39,0.1464
0000015719_1118.jpg,9,0.1119
000007833_1505.jpg,2,0.1505
000003499_1090.jpg,2,0.1091
0000010113_1083.jpg,2,0.1083
0000016562_1035.jpg,39,0.1035
0000015043_1006.jpg,35,0.1006
00000250_1080.jpg,2,0.1081
0000016238_1357.jpg,44,0.1358
0000031687_1166.jpg,44,0.1167
0000022823_1204.jpg,5,0.1205
0000034072_1016.jpg,41,0.1016
0000032403_1359.jpg,36,0.1359
0000020007_1510.jpg,44,0.1511
0000030566_1170.jpg,5,0.1171
0000020775_1160.jpg,39,0.1160
0000029037_1162.jpg,5,0.1162
000008269_1684.jpg,35,0.1684
000005995_2788.jpg,2,0.2788
000007172_1436.jpg,2,0.1436
0000027754_1416.jpg,39,0.1416
0000020985_1121.jpg,39,0.1122
0000027026_1022.jpg,7,0.1022
0000021457_1307.jpg,42,0.1307
0000026338_1008.jpg,2,0.1008
000002778_1211.jpg,2,0.1211
000004309_1313.jpg,2,0.1314
000003466_1623.jpg,2,0.1623
000003300_1227.jpg,39,0.1228
0000024249_1060.jpg,24,0.1060
0000022638_1116.jpg,38,0.1117
0000015094_1305.jpg,39,0.1305
0000031122_1000.jpg,8,0.1000
0000017683_1054.jpg,39,0.1055
000005016_1118.jpg,39,0.1119
0000025630_1060.jpg,28,0.1061
0000026339_1209.jpg,39,0.1210
0000027741_1082.jpg,44,0.1082
0000021330_1155.jpg,44,0.1156
0000027999_1948.jpg,2,0.1949
000005770_4562.jpg,2,0.4563
0000015095_1171.jpg,2,0.1171
0000027755_1820.jpg,39,0.1821
0000021324_1162.jpg,13,0.1163
0000029778_1091.jpg,9,0.1092
00000292_1527.jpg,2,0.1528
000008526_1130.jpg,29,0.1131
000007615_1083.jpg,2,0.1084
0000032358_1192.jpg,5,0.1192
000004334_1331.jpg,35,0.1331
0000022163_1007.jpg,5,0.1008
0000020012_1036.jpg,39,0.1036
000002751_1084.jpg,11,0.1084
0000030573_1040.jpg,39,0.1040
0000010890_1587.jpg,44,0.1588
0000015730_1660.jpg,2,0.1661
0000034098_1136.jpg,11,0.1136
0000011230_1031.jpg,2,0.1031
0000019678_1131.jpg,8,0.1132
00000251_1630.jpg,2,0.1631
0000011224_1285.jpg,38,0.1286
0000029963_1092.jpg,39,0.1092
0000013433_1033.jpg,4,0.1034
0000021481_1086.jpg,2,0.1087
0000010884_1121.jpg,34,0.1121
000007826_1393.jpg,2,0.1394
0000016205_1732.jpg,35,0.1733
00000279_1354.jpg,2,0.1354
0000014374_1103.jpg,41,0.1104
000005957_1127.jpg,5,0.1127
000004485_1212.jpg,2,0.1212
000005943_2081.jpg,2,0.2081
0000029787_1035.jpg,39,0.1035
0000031876_1030.jpg,44,0.1030
0000015718_1078.jpg,2,0.1079
0000013369_1005.jpg,11,0.1006
000003103_1328.jpg,42,0.1328
0000026885_1223.jpg,44,0.1224
000001072_1217.jpg,2,0.1217
000006709_1179.jpg,13,0.1179
0000021640_1941.jpg,39,0.1941
0000027557_1670.jpg,11,0.1671
000004136_1038.jpg,39,0.1038
000003659_1090.jpg,2,0.1091
0000026113_1130.jpg,2,0.1130
0000022375_1762.jpg,35,0.1762
000004122_1851.jpg,2,0.1852
0000026675_1904.jpg,2,0.1905
000009360_1248.jpg,2,0.1248
0000018770_1028.jpg,41,0.1028
0000024937_1095.jpg,39,0.1095
0000018764_1401.jpg,35,0.1402
0000027594_1003.jpg,5,0.1003
000002590_1078.jpg,9,0.1078
0000033442_1015.jpg,44,0.1016
0000020358_1051.jpg,2,0.1051
000007577_1176.jpg,2,0.1177
0000028062_1352.jpg,2,0.1353
000005360_1107.jpg,35,0.1108
0000024894_3122.jpg,2,0.3123
000008650_1620.jpg,2,0.1620
0000021052_1035.jpg,39,0.1035
000001674_1141.jpg,5,0.1141
000001884_1152.jpg,35,0.1152
0000022215_1202.jpg,2,0.1202
0000020402_2052.jpg,39,0.2052
000008678_1105.jpg,38,0.1106
0000011807_1477.jpg,35,0.1478
0000020416_1038.jpg,7,0.1039
00000866_1372.jpg,39,0.1373
000005348_1954.jpg,2,0.1954
000002427_1946.jpg,1,0.1946
0000022567_1407.jpg,39,0.1407
0000017251_1007.jpg,5,0.1008
0000011620_1201.jpg,26,0.1201
0000022598_1062.jpg,41,0.1062
0000010502_1501.jpg,5,0.1502
0000012315_1013.jpg,9,0.1013
000004081_1006.jpg,5,0.1006
0000010516_1078.jpg,5,0.1079
0000011608_1145.jpg,5,0.1146
000006682_1563.jpg,11,0.1564
0000027153_1101.jpg,39,0.1101
0000017090_1580.jpg,2,0.1581
0000028506_1197.jpg,39,0.1197
0000027635_1218.jpg,2,0.1218
000005610_1243.jpg,2,0.1243
0000025036_1063.jpg,38,0.1064
000001476_1584.jpg,38,0.1585
000008334_2805.jpg,2,0.2805
0000020628_1030.jpg,39,0.1030
000003249_4105.jpg,2,0.4106
000005638_2358.jpg,2,0.2359
0000022003_1039.jpg,34,0.1040
000006443_1259.jpg,5,0.1259
000009770_1265.jpg,29,0.1266
0000031719_1176.jpg,41,0.1176
0000018406_1036.jpg,2,0.1036
0000017721_1175.jpg,2,0.1175
0000011350_1538.jpg,11,0.1538
0000033697_1071.jpg,9,0.1072
000008491_1313.jpg,2,0.1313
000004283_1011.jpg,2,0.1012
0000013209_1039.jpg,43,0.1039
0000015678_1576.jpg,2,0.1576
0000019730_1630.jpg,44,0.1631
0000019056_1202.jpg,2,0.1202
0000016365_1123.jpg,11,0.1123
000007946_1094.jpg,35,0.1094
0000031902_1671.jpg,9,0.1672
000004297_1382.jpg,5,0.1382
0000012103_1118.jpg,2,0.1118
0000014202_1202.jpg,13,0.1203
0000012673_1418.jpg,35,0.1418
0000027810_1015.jpg,39,0.1016
0000010702_1360.jpg,13,0.1360
000006496_1117.jpg,13,0.1117
0000014564_1478.jpg,39,0.1478
0000012101_1165.jpg,2,0.1165
000004295_1259.jpg,38,0.1260
000007944_1491.jpg,2,0.1491
000006482_1199.jpg,39,0.1199
0000019054_1027.jpg,46,0.1028
0000012667_1088.jpg,26,0.1089
00000333_1953.jpg,18,0.1953
000007978_1930.jpg,2,0.1931
0000011352_1228.jpg,2,0.1228
0000022015_1025.jpg,13,0.1025
000002633_1090.jpg,5,0.1090
0000029140_1049.jpg,5,0.1050
0000010919_1195.jpg,5,0.1196
000009772_1054.jpg,44,0.1055
0000024470_1364.jpg,39,0.1364
000004256_1273.jpg,8,0.1274
0000023479_1026.jpg,34,0.1026
0000029632_2067.jpg,8,0.2068
000005606_1435.jpg,2,0.1436
0000033642_1011.jpg,41,0.1011
000006469_1030.jpg,44,0.1031
000005174_1012.jpg,11,0.1013
0000015691_1010.jpg,2,0.1011
0000028276_1461.jpg,44,0.1461
0000028510_1279.jpg,2,0.1280
0000013586_1220.jpg,2,0.1220
0000019242_1105.jpg,41,0.1106
0000017509_1128.jpg,38,0.1128
000001851_1034.jpg,2,0.1034
0000018148_1095.jpg,39,0.1096
0000012303_1111.jpg,18,0.1111
0000027390_1000.jpg,39,0.1000
000008685_1096.jpg,9,0.1096
0000020399_1053.jpg,34,0.1053
0000013021_1247.jpg,35,0.1248
0000024855_1280.jpg,5,0.1281
0000027384_1259.jpg,2,0.1260
0000020400_1248.jpg,39,0.1249
0000024666_1177.jpg,2,0.1178
000003049_1056.jpg,39,0.1057
000004726_1315.jpg,2,0.1315
000009202_2203.jpg,2,0.2204
0000029430_2117.jpg,5,0.2117
0000018835_1102.jpg,39,0.1102
0000013960_1191.jpg,39,0.1191
0000014941_1083.jpg,5,0.1083
000003713_1294.jpg,8,0.1294
0000031531_1120.jpg,39,0.1120
000007213_1264.jpg,5,0.1265
0000027435_1153.jpg,41,0.1154
0000030149_1017.jpg,43,0.1017
0000032986_1219.jpg,39,0.1219
0000025222_1266.jpg,39,0.1267
0000022559_1066.jpg,11,0.1066
000001110_1204.jpg,24,0.1205
0000015493_1110.jpg,39,0.1110
000003707_1061.jpg,39,0.1061
000003840_1349.jpg,2,0.1350
000002586_1702.jpg,35,0.1702
0000010474_1263.jpg,29,0.1264
000006938_1441.jpg,2,0.1441
0000028855_1027.jpg,39,0.1028
0000012505_3411.jpg,2,0.3411
0000023900_1695.jpg,26,0.1696
0000023914_1273.jpg,36,0.1273
00000723_1736.jpg,35,0.1736
0000021695_1042.jpg,39,0.1042
0000024935_1005.jpg,5,0.1006
0000013627_1114.jpg,38,0.1115
000004875_1251.jpg,39,0.1252
0000011030_1296.jpg,11,0.1296
0000016993_1104.jpg,39,0.1104
000008083_1162.jpg,2,0.1162
0000031492_1121.jpg,2,0.1122
0000021681_1064.jpg,39,0.1065
000004134_1190.jpg,11,0.1190
0000022363_1016.jpg,35,0.1017
0000023069_1016.jpg,34,0.1017
0000029222_1479.jpg,2,0.1480
000009404_1195.jpg,43,0.1195
0000030773_1156.jpg,39,0.1156
000003667_1061.jpg,13,0.1061
000005216_1718.jpg,38,0.1719
0000031445_1030.jpg,2,0.1030
0000021656_3109.jpg,2,0.3110
00000938_1009.jpg,2,0.1009
000008732_1208.jpg,44,0.1209
0000027541_1537.jpg,24,0.1537
0000025356_1069.jpg,39,0.1070
0000015295_1124.jpg,29,0.1124
0000023727_1178.jpg,44,0.1179
000003115_1163.jpg,2,0.1164
0000026893_1116.jpg,2,0.1116
0000013196_1131.jpg,39,0.1132
0000015068_1539.jpg,2,0.1540
0000011568_1281.jpg,44,0.1281
000002784_1110.jpg,2,0.1110
0000019120_1493.jpg,2,0.1494
00000509_1167.jpg,35,0.1168
000008295_1092.jpg,2,0.1092
0000025829_1193.jpg,39,0.1193
0000020789_1019.jpg,35,0.1019
000009821_1916.jpg,39,0.1916
0000018202_1033.jpg,5,0.1034
0000013431_1443.jpg,2,0.1443
0000026461_1117.jpg,39,0.1117
000006247_1073.jpg,39,0.1074
000004450_1330.jpg,39,0.1331
000004336_1170.jpg,13,0.1171
0000027019_1056.jpg,2,0.1056
000005982_1381.jpg,2,0.1382
0000020004_1334.jpg,34,0.1334
0000023525_1172.jpg,36,0.1172
0000014389_1362.jpg,35,0.1363
0000032428_1576.jpg,2,0.1577
000001272_1200.jpg,2,0.1201
0000020992_1464.jpg,2,0.1465
0000028302_1055.jpg,23,0.1056
000006509_1056.jpg,9,0.1057
000001500_1073.jpg,2,0.1073
000007171_2393.jpg,2,0.2394
0000033722_1102.jpg,41,0.1102
000007616_1083.jpg,2,0.1084
0000028303_1185.jpg,44,0.1185
000003316_1104.jpg,35,0.1104
0000028465_1037.jpg,40,0.1037
0000023524_1027.jpg,44,0.1028
0000013381_1038.jpg,26,0.1038
0000028317_1191.jpg,35,0.1192
0000024505_1052.jpg,9,0.1052
0000022174_1351.jpg,44,0.1352
0000026312_1297.jpg,44,0.1297
000008519_1113.jpg,2,0.1114
000006252_1386.jpg,2,0.1386
0000012909_1259.jpg,44,0.1259
0000023518_1339.jpg,39,0.1339
0000015914_1045.jpg,39,0.1045
000003458_1361.jpg,2,0.1361
0000033938_1588.jpg,39,0.1588
0000022821_1046.jpg,39,0.1047
000008294_1319.jpg,2,0.1319
000002961_1325.jpg,18,0.1326
0000012074_1601.jpg,2,0.1601
000004486_1017.jpg,5,0.1017
000005940_1536.jpg,2,0.1536
0000012712_1190.jpg,39,0.1190
0000019647_1023.jpg,6,0.1024
0000018559_1160.jpg,2,0.1160
0000013418_1108.jpg,44,0.1108
0000017497_1077.jpg,8,0.1077
000008041_1022.jpg,14,0.1023
000007372_1637.jpg,35,0.1637
000005565_1219.jpg,5,0.1219
0000015280_1037.jpg,2,0.1037
0000023054_1078.jpg,39,0.1079
000003672_1432.jpg,2,0.1432
000009439_1140.jpg,5,0.1141
000007400_1024.jpg,2,0.1024
000001071_1005.jpg,39,0.1006
0000026138_1212.jpg,39,0.1213
000004109_1218.jpg,5,0.1219
0000023040_1041.jpg,2,0.1041
000006078_1045.jpg,39,0.1045
000006050_1100.jpg,2,0.1101
0000020207_1017.jpg,9,0.1017
00000911_1413.jpg,2,0.1414
0000022362_1762.jpg,35,0.1762
00000905_2118.jpg,2,0.2119
0000022404_1210.jpg,29,0.1210
000008082_1094.jpg,13,0.1094
0000018767_1061.jpg,26,0.1062
0000011025_1448.jpg,13,0.1449
0000018001_1588.jpg,2,0.1588
000008928_1068.jpg,11,0.1069
0000011031_1010.jpg,9,0.1011
0000012538_1020.jpg,29,0.1020
000004874_1255.jpg,2,0.1255
0000010307_1294.jpg,5,0.1295
0000016776_1742.jpg,35,0.1743
0000015519_1150.jpg,9,0.1151
000006939_1035.jpg,39,0.1036
0000026879_1144.jpg,34,0.1144
0000018997_1132.jpg,34,0.1133
000005377_1040.jpg,5,0.1041
0000031530_1128.jpg,9,0.1128
0000014940_1100.jpg,13,0.1100
0000013961_1032.jpg,39,0.1033
000002424_1185.jpg,39,0.1186
0000011804_1049.jpg,35,0.1050
000009203_1140.jpg,39,0.1140
0000021092_1079.jpg,44,0.1079
0000018175_1405.jpg,5,0.1406
0000027385_1647.jpg,5,0.1647
0000011637_1182.jpg,5,0.1183
0000025592_1181.jpg,39,0.1181
0000013020_1163.jpg,39,0.1163
0000014983_1045.jpg,39,0.1045
0000021938_2451.jpg,2,0.2451
0000023849_1084.jpg,11,0.1085
000001850_3166.jpg,2,0.3166
000004928_1129.jpg,2,0.1130
0000012302_2031.jpg,18,0.2032
0000018149_1268.jpg,5,0.1269
0000014767_1175.jpg,2,0.1175
000004082_1102.jpg,5,0.1102
0000032978_1077.jpg,39,0.1078
000001844_1120.jpg,5,0.1121
000009997_1332.jpg,9,0.1332
0000015848_1021.jpg,36,0.1022
0000034138_1104.jpg,34,0.1104
0000011390_1138.jpg,39,0.1139
0000028511_1073.jpg,42,0.1074
000001461_1692.jpg,2,0.1692
000002168_1138.jpg,9,0.1139
0000027150_1085.jpg,44,0.1085
0000017093_1244.jpg,39,0.1244
000001307_1189.jpg,5,0.1189
000002626_1073.jpg,46,0.1074
000007986_1261.jpg,2,0.1261
000006326_1247.jpg,11,0.1247
000002140_1197.jpg,5,0.1198
0000020603_1051.jpg,29,0.1051
0000022014_1194.jpg,24,0.1194
000009954_1198.jpg,39,0.1199
0000011353_1011.jpg,2,0.1012
0000033694_1211.jpg,34,0.1212
0000013550_1178.jpg,29,0.1179
0000017736_1044.jpg,44,0.1045
0000011347_2470.jpg,2,0.2470
000009798_1227.jpg,5,0.1227
0000011421_1115.jpg,5,0.1116
0000031929_1114.jpg,19,0.1115
000008486_3530.jpg,2,0.3530
0000016366_1179.jpg,38,0.1179
0000033870_1929.jpg,8,0.1930
0000015109_1108.jpg,5,0.1109
0000020818_1042.jpg,2,0.1042
000002811_1089.jpg,42,0.1089
0000027197_1395.jpg,5,0.1395
0000026289_1212.jpg,35,0.1213
0000022945_1346.jpg,5,0.1346
0000017726_1336.jpg,39,0.1337
0000018415_1089.jpg,42,0.1090
0000031911_1268.jpg,2,0.1268
0000033860_1548.jpg,39,0.1548
0000027801_1353.jpg,39,0.1354
000003299_1161.jpg,5,0.1161
000002839_3045.jpg,2,0.3046
000004290_1064.jpg,2,0.1064
00000478_1290.jpg,2,0.1290
000008441_1643.jpg,39,0.1644
0000015680_1098.jpg,2,0.1098
0000022992_1402.jpg,39,0.1402
0000012851_1025.jpg,2,0.1026
0000021243_1436.jpg,5,0.1436
0000020149_1136.jpg,44,0.1137
000002178_1439.jpg,2,0.1440
0000023440_1495.jpg,44,0.1496
000003500_1185.jpg,2,0.1186
0000017083_1852.jpg,2,0.1853
000003528_1121.jpg,2,0.1121
000009763_1592.jpg,5,0.1593
000007996_2183.jpg,2,0.2184
000004521_1012.jpg,5,0.1012
0000026504_1054.jpg,34,0.1054
000009011_1405.jpg,2,0.1405
0000032798_1020.jpg,8,0.1021
0000027395_1634.jpg,35,0.1635
0000015441_1032.jpg,11,0.1032
0000018617_1224.jpg,39,0.1225
000004910_1423.jpg,35,0.1423
0000013742_1354.jpg,39,0.1354
0000010263_1051.jpg,39,0.1051
0000019521_1280.jpg,9,0.1281
0000012312_1242.jpg,39,0.1242
000003925_1372.jpg,39,0.1372
000002385_1368.jpg,35,0.1368
0000010277_1423.jpg,5,0.1424
0000028703_1262.jpg,44,0.1263
0000023656_1240.jpg,2,0.1240
000002408_1031.jpg,26,0.1031
0000033323_1289.jpg,9,0.1289
0000031534_1203.jpg,39,0.1204
000001115_1211.jpg,39,0.1211
000005373_1053.jpg,2,0.1054
0000024893_1013.jpg,44,0.1014
000003702_1808.jpg,2,0.1809
000005415_1408.jpg,13,0.1409
000001673_1456.jpg,5,0.1456
0000031246_1001.jpg,8,0.1001
0000018824_1175.jpg,41,0.1175
0000020363_1057.jpg,5,0.1058
000002434_1370.jpg,2,0.1371
0000092_1045.jpg,39,0.1045
0000021069_1325.jpg,5,0.1325
0000027418_1185.jpg,29,0.1186
000004737_1063.jpg,12,0.1064
0000024111_1222.jpg,39,0.1222
0000023939_1040.jpg,44,0.1040
000006901_1134.jpg,5,0.1135
0000018011_1279.jpg,2,0.1280
0000031483_1570.jpg,44,0.1570
0000015535_1172.jpg,39,0.1173
0000013150_1534.jpg,2,0.1534
000006915_1371.jpg,44,0.1372
00000732_1289.jpg,2,0.1289
000008938_1114.jpg,2,0.1114
000004694_1403.jpg,39,0.1403
0000032808_1698.jpg,44,0.1699
0000023905_1003.jpg,39,0.1003
0000013178_1193.jpg,13,0.1193
0000014603_1069.jpg,17,0.1069
000006097_1113.jpg,39,0.1114
000007389_1015.jpg,2,0.1015
0000027544_1370.jpg,5,0.1371
0000033531_1282.jpg,39,0.1283
0000014830_1003.jpg,2,0.1003
0000025435_1077.jpg,39,0.1077
0000028111_1060.jpg,36,0.1061
000001061_1229.jpg,39,0.1229
000007410_1396.jpg,5,0.1396
0000023050_1184.jpg,14,0.1184
000005207_1088.jpg,2,0.1089
0000033525_1024.jpg,8,0.1024
0000024059_1189.jpg,11,0.1190
000007376_1194.jpg,2,0.1195
0000027550_1172.jpg,39,0.1173
000006068_1007.jpg,9,0.1008
0000021121_1088.jpg,2,0.1088
000004131_1196.jpg,16,0.1196
000002540_2112.jpg,2,0.2113
0000030776_1045.jpg,13,0.1045
0000020565_1009.jpg,5,0.1009
0000030010_1098.jpg,39,0.1099
000006054_1698.jpg,35,0.1698
000002232_1304.jpg,39,0.1304
0000021492_1063.jpg,39,0.1064
0000033928_1141.jpg,8,0.1142
0000022825_1188.jpg,29,0.1189
000007809_1244.jpg,2,0.1244
000002781_1759.jpg,9,0.1759
0000015079_1283.jpg,39,0.1284
0000014367_1011.jpg,14,0.1012
0000013408_1194.jpg,39,0.1195
000002795_1443.jpg,5,0.1443
0000021451_1252.jpg,38,0.1253
0000010854_1290.jpg,2,0.1290
0000024529_2114.jpg,2,0.2115
0000033055_1323.jpg,42,0.1323
0000033733_1155.jpg,5,0.1155
000002018_2205.jpg,35,0.2205
0000021337_1118.jpg,5,0.1118
0000031124_1256.jpg,39,0.1257
0000026458_1422.jpg,42,0.1423
0000017685_1168.jpg,39,0.1168
000007174_1003.jpg,29,0.1004
000005763_1202.jpg,11,0.1203
0000013391_1281.jpg,39,0.1282
0000010698_1196.jpg,46,0.1196
000008509_1099.jpg,39,0.1099
0000024273_1147.jpg,5,0.1147
0000024267_1033.jpg,39,0.1034
000006256_1039.jpg,29,0.1039
000001539_1079.jpg,2,0.1079
0000020000_1020.jpg,2,0.1021
0000030213_1014.jpg,39,0.1014
0000029742_1278.jpg,29,0.1278
0000019681_1060.jpg,44,0.1060
0000032362_1098.jpg,39,0.1098
000009602_1144.jpg,2,0.1144
0000022603_1456.jpg,2,0.1457
0000017860_1233.jpg,39,0.1233
000005762_1193.jpg,5,0.1193
0000027753_1444.jpg,39,0.1445
0000021444_1114.jpg,36,0.1114
0000010699_1212.jpg,2,0.1212
000008520_1070.jpg,5,0.1071
0000013384_1176.jpg,12,0.1177
0000010855_1118.jpg,44,0.1119
0000017684_1141.jpg,2,0.1142
0000013409_1110.jpg,9,0.1110
0000031870_1030.jpg,44,0.1030
000002794_1968.jpg,2,0.1968
000001289_1533.jpg,5,0.1533
0000011222_1081.jpg,29,0.1082
00000257_1114.jpg,13,0.1114
0000013435_1555.jpg,35,0.1555
000007808_1177.jpg,38,0.1177
000009831_1523.jpg,2,0.1524
0000020955_1225.jpg,34,0.1225
0000011236_1234.jpg,39,0.1234
0000031469_1911.jpg,44,0.1911
000004642_1534.jpg,5,0.1534
0000024064_1010.jpg,39,0.1010
0000032606_1107.jpg,41,0.1107
000006055_1353.jpg,2,0.1353
0000019483_1057.jpg,2,0.1057
0000028886_1064.jpg,38,0.1065
000008078_1299.jpg,2,0.1299
000006041_1591.jpg,46,0.1591
000003139_1418.jpg,2,0.1418
000005548_1564.jpg,39,0.1564
000003887_1049.jpg,39,0.1050
0000031455_1073.jpg,39,0.1073
0000031333_1034.jpg,29,0.1034
0000033524_1180.jpg,39,0.1180
0000025346_1163.jpg,2,0.1163
0000023723_1602.jpg,44,0.1602
0000025352_1051.jpg,39,0.1051
0000015291_1084.jpg,2,0.1084
0000017486_1674.jpg,44,0.1675
000009428_1261.jpg,5,0.1261
0000025434_1131.jpg,39,0.1132
000003663_1830.jpg,41,0.1831
0000023045_1189.jpg,35,0.1190
000003688_1018.jpg,39,0.1019
000003850_1011.jpg,13,0.1011
0000010302_1291.jpg,39,0.1292
0000023910_1100.jpg,16,0.1100
0000014164_1144.jpg,2,0.1145
0000028689_1070.jpg,39,0.1071
0000016767_1182.jpg,9,0.1182
0000018992_1255.jpg,35,0.1256
0000016001_1258.jpg,39,0.1258
0000011746_1259.jpg,2,0.1259
0000013151_1242.jpg,11,0.1243
0000014158_2326.jpg,2,0.2327
0000016983_1105.jpg,35,0.1106
0000013145_1121.jpg,2,0.1121
0000013964_1012.jpg,13,0.1012
000001896_1031.jpg,2,0.1032
0000020362_1008.jpg,39,0.1009
000002435_1016.jpg,2,0.1017
0000022213_1307.jpg,5,0.1308
0000019285_1081.jpg,2,0.1082
0000029346_1102.jpg,2,0.1102
000001114_1142.jpg,2,0.1142
000007565_1176.jpg,40,0.1177
000008130_1281.jpg,2,0.1281
000007203_1216.jpg,5,0.1217
0000030159_1233.jpg,5,0.1233
0000027425_1344.jpg,2,0.1345
000005414_1238.jpg,2,0.1239
0000025226_1084.jpg,39,0.1085
0000028702_1012.jpg,39,0.1012
0000027431_1344.jpg,2,0.1345
0000031535_1116.jpg,44,0.1117
000003717_1086.jpg,2,0.1086
000005366_1215.jpg,13,0.1215
0000015483_1068.jpg,39,0.1069
0000015468_1047.jpg,8,0.1047
000001855_1105.jpg,44,0.1105
000002384_1091.jpg,35,0.1091
0000023864_1099.jpg,34,0.1099
000001699_1726.jpg,2,0.1726
0000019520_1055.jpg,39,0.1056
0000026908_1840.jpg,24,0.1841
000006690_1064.jpg,11,0.1064
0000015454_1149.jpg,12,0.1150
00000121_1060.jpg,39,0.1060
0000011140_1609.jpg,18,0.1609
0000017531_1156.jpg,13,0.1157
0000013031_1247.jpg,35,0.1248
000009010_1016.jpg,2,0.1016
0000020174_1101.jpg,39,0.1102
0000024474_2001.jpg,5,0.2001
000007983_1430.jpg,39,0.1431
000006451_1387.jpg,2,0.1387
0000022011_1011.jpg,39,0.1011
000004508_1144.jpg,39,0.1144
0000022987_1903.jpg,35,0.1903
000003501_1011.jpg,9,0.1012
0000024448_1325.jpg,8,0.1325
0000015681_2864.jpg,2,0.2864
000007773_1816.jpg,2,0.1816
000009986_1101.jpg,35,0.1102
0000030429_1477.jpg,8,0.1478
0000029178_1203.jpg,2,0.1203
0000010921_1411.jpg,2,0.1411
000001464_1064.jpg,35,0.1064
0000032558_1264.jpg,44,0.1264
000005602_1282.jpg,2,0.1282
000003298_1209.jpg,5,0.1210
0000016363_1181.jpg,39,0.1182
0000029187_1074.jpg,43,0.1075
0000016377_1093.jpg,39,0.1094
0000021295_1568.jpg,35,0.1568
0000020835_1159.jpg,2,0.1160
00000451_1719.jpg,39,0.1720
0000019078_1072.jpg,38,0.1073
0000017055_2480.jpg,2,0.2480
0000022788_1172.jpg,2,0.1173
000005819_1621.jpg,2,0.1621
0000029805_1073.jpg,44,0.1073
00000337_1164.jpg,2,0.1165
0000027180_1023.jpg,39,0.1024
000009953_1145.jpg,39,0.1146
000008495_1170.jpg,2,0.1171
0000020837_1237.jpg,2,0.1238
0000013225_1819.jpg,41,0.1819
0000015126_1000.jpg,2,0.1000
0000010738_1279.jpg,2,0.1279
000004293_1073.jpg,39,0.1074
0000014210_1485.jpg,39,0.1486
0000016413_1015.jpg,39,0.1016
0000010704_1100.jpg,5,0.1101
0000023325_1690.jpg,2,0.1691
00000484_1654.jpg,2,0.1654
0000028270_1029.jpg,5,0.1029
000008330_1147.jpg,2,0.1148
000001472_1614.jpg,9,0.1614
0000022991_1498.jpg,2,0.1498
000003271_1006.jpg,39,0.1006
000007017_1885.jpg,39,0.1886
0000031053_1153.jpg,41,0.1154
0000031735_1053.jpg,2,0.1053
000009984_1499.jpg,35,0.1500
000006447_1123.jpg,39,0.1123
000001328_1017.jpg,2,0.1018
000007759_1229.jpg,2,0.1229
000004250_1096.jpg,5,0.1097
0000025768_1006.jpg,9,0.1007
0000032214_1062.jpg,36,0.1062
0000024310_1322.jpg,2,0.1322
0000021268_1112.jpg,39,0.1112
000006321_1289.jpg,5,0.1290
0000017916_1133.jpg,39,0.1133
0000024304_1854.jpg,38,0.1855
000004244_1391.jpg,2,0.1392
000002635_1091.jpg,5,0.1092
0000022013_1682.jpg,44,0.1682
000007995_2341.jpg,2,0.2341
0000020604_1342.jpg,24,0.1343
0000010248_1228.jpg,2,0.1228
0000021095_1232.jpg,44,0.1232
0000013741_1039.jpg,2,0.1040
0000014990_1360.jpg,39,0.1360
0000030832_1043.jpg,39,0.1044
0000018600_1154.jpg,5,0.1154
00000679_1044.jpg,39,0.1045
0000028099_1014.jpg,39,0.1014
000001670_1452.jpg,2,0.1453
0000028714_1002.jpg,39,0.1003
000008132_1407.jpg,5,0.1408
000007567_1143.jpg,13,0.1143
0000015495_1262.jpg,34,0.1262
0000025556_1162.jpg,2,0.1162
0000025542_1019.jpg,2,0.1019
000003715_1080.jpg,13,0.1081
0000023133_1254.jpg,2,0.1255
000006123_1409.jpg,2,0.1410
0000011817_1173.jpg,39,0.1174
000006645_1588.jpg,5,0.1588
000009562_1076.jpg,5,0.1076
000005358_1388.jpg,2,0.1388
0000018827_1222.jpg,35,0.1222
000008085_1320.jpg,2,0.1321
00000731_1289.jpg,2,0.1289
000008091_1111.jpg,44,0.1111
000001923_1022.jpg,2,0.1023
0000029595_1659.jpg,39,0.1660
0000028853_1091.jpg,46,0.1091
0000018748_1362.jpg,2,0.1362
000004697_1355.jpg,2,0.1356
0000015287_1411.jpg,5,0.1411
0000017490_1397.jpg,2,0.1398
000005210_1025.jpg,44,0.1026
0000030985_1078.jpg,39,0.1078
000006719_1080.jpg,44,0.1081
0000011793_1010.jpg,5,0.1010
0000020228_1395.jpg,2,0.1396
0000026881_1118.jpg,44,0.1119
0000024066_1078.jpg,35,0.1078
000004640_1062.jpg,44,0.1062
0000011977_1021.jpg,29,0.1021
000003885_3387.jpg,2,0.3388
0000015720_2978.jpg,2,0.2979
0000014358_1415.jpg,9,0.1416
0000011220_1177.jpg,35,0.1177
0000017889_1690.jpg,2,0.1690
0000033095_1131.jpg,36,0.1132
00000527_1443.jpg,2,0.1444
0000025807_1209.jpg,39,0.1210
0000012073_1065.jpg,2,0.1066
000007188_1613.jpg,5,0.1614
0000019640_1004.jpg,5,0.1004
0000014364_1096.jpg,8,0.1097
0000028489_1304.jpg,39,0.1305
0000015708_1229.jpg,2,0.1230
000006269_1996.jpg,2,0.1996
000003311_1053.jpg,2,0.1053
0000024258_1581.jpg,35,0.1581
0000022629_1234.jpg,39,0.1234
000001512_1960.jpg,19,0.1961
0000031899_1224.jpg,39,0.1225
0000011591_1049.jpg,39,0.1049
0000010857_1035.jpg,11,0.1035
000003463_1471.jpg,35,0.1472
000006533_1045.jpg,2,0.1046
0000033718_1075.jpg,34,0.1076
0000022615_1000.jpg,44,0.1000
000009166_1281.jpg,24,0.1281
0000026473_1422.jpg,42,0.1423
000002741_1221.jpg,11,0.1222
0000030204_1168.jpg,39,0.1168
000002754_1018.jpg,33,0.1018
000009601_1047.jpg,39,0.1048
000005985_1778.jpg,44,0.1779
0000030238_1060.jpg,9,0.1060
0000029769_1126.jpg,5,0.1127
000005775_1605.jpg,2,0.1605
0000015090_1195.jpg,29,0.1195
000009629_1034.jpg,9,0.1034
0000011584_1223.jpg,39,0.1223
000002768_2330.jpg,2,0.2330
000005007_1240.jpg,35,0.1241
0000011209_1047.jpg,2,0.1048
000006283_1302.jpg,39,0.1302
0000019655_1336.jpg,2,0.1336
0000010117_1224.jpg,2,0.1225
000004494_1073.jpg,39,0.1073
000003489_1237.jpg,2,0.1238
000004480_1081.jpg,15,0.1081
0000019669_1008.jpg,5,0.1009
00000526_1120.jpg,5,0.1121
0000022199_1273.jpg,35,0.1274
000002967_1158.jpg,2,0.1159
0000023287_1252.jpg,44,0.1253
0000015721_1022.jpg,2,0.1022
0000020942_1006.jpg,35,0.1007
00000254_1516.jpg,2,0.1517
0000014359_1027.jpg,35,0.1028
0000029231_1014.jpg,39,0.1014
000006724_1121.jpg,2,0.1121
0000028891_1043.jpg,9,0.1043
000009371_1068.jpg,39,0.1069
0000028649_1191.jpg,9,0.1191
000002224_1274.jpg,2,0.1274
000004641_1062.jpg,44,0.1062
000004899_1050.jpg,39,0.1051
0000022416_1104.jpg,2,0.1104
0000020567_1128.jpg,2,0.1128
000009403_1020.jpg,2,0.1021
0000022370_1168.jpg,34,0.1168
000003648_1548.jpg,2,0.1549
0000011792_1477.jpg,35,0.1478
0000033255_1058.jpg,17,0.1058
0000027546_1094.jpg,5,0.1094
0000021123_1110.jpg,39,0.1111
0000023734_1178.jpg,44,0.1179
000001088_2235.jpg,2,0.2236
0000019331_1082.jpg,39,0.1083
0000012502_1056.jpg,36,0.1056
000004696_2702.jpg,2,0.2703
0000019457_1314.jpg,29,0.1315
0000029594_1395.jpg,44,0.1396
000001922_1160.jpg,5,0.1160
0000016770_1286.jpg,35,0.1287
0000019443_1134.jpg,2,0.1134
0000012516_1077.jpg,35,0.1078
0000023913_1034.jpg,39,0.1035
000004682_1168.jpg,2,0.1168
000003853_1259.jpg,39,0.1260
0000021692_1033.jpg,14,0.1034
0000011989_1021.jpg,29,0.1021
000006903_1989.jpg,41,0.1990
0000027585_1480.jpg,2,0.1481
0000016980_1093.jpg,39,0.1093
0000026843_1075.jpg,5,0.1075
00000730_1044.jpg,5,0.1044
0000020598_1665.jpg,35,0.1665
000006917_1169.jpg,35,0.1170
0000013152_1072.jpg,5,0.1073
000005359_1215.jpg,39,0.1215
000007228_1287.jpg,2,0.1288
0000013973_1127.jpg,2,0.1127
0000024107_1029.jpg,39,0.1030
0000030166_2333.jpg,8,0.2333
0000011816_1064.jpg,39,0.1064
00000863_1273.jpg,2,0.1273
000008899_1282.jpg,38,0.1283
0000017297_1033.jpg,5,0.1033
0000023132_1028.jpg,14,0.1028
000003714_1622.jpg,2,0.1623
000005365_1467.jpg,39,0.1467
000007214_1194.jpg,2,0.1194
0000011180_1122.jpg,39,0.1122
000003066_1172.jpg,2,0.1173
000004709_1035.jpg,9,0.1035
000005371_1107.jpg,35,0.1108
0000019245_1674.jpg,2,0.1674
000003933_1071.jpg,2,0.1072
000002393_1531.jpg,2,0.1532
0000016610_1087.jpg,2,0.1087
0000047_1645.jpg,2,0.1645
0000014775_1006.jpg,2,0.1007
0000029392_1484.jpg,2,0.1485
0000016638_1009.jpg,29,0.1009
0000026923_1840.jpg,24,0.1841
000009588_1605.jpg,39,0.1605
000006334_2879.jpg,2,0.2880
0000031708_1504.jpg,39,0.1504
000002620_2364.jpg,2,0.2364
000007758_1155.jpg,5,0.1155
0000029635_1462.jpg,5,0.1463
0000027618_1341.jpg,44,0.1341
0000024339_1069.jpg,39,0.1069
0000033645_1133.jpg,29,0.1133
000005167_1042.jpg,38,0.1042
0000015682_1019.jpg,43,0.1020
0000027142_1293.jpg,2,0.1294
0000010936_1023.jpg,2,0.1024
0000014588_1168.jpg,8,0.1168
000005615_1616.jpg,2,0.1616
000002191_1041.jpg,5,0.1041
0000014205_1640.jpg,11,0.1640
0000012112_1050.jpg,2,0.1050
0000023495_1491.jpg,2,0.1492
0000029806_1057.jpg,39,0.1057
0000021282_1112.jpg,39,0.1112
000002813_1056.jpg,11,0.1057
000009952_1041.jpg,2,0.1042
0000017724_1227.jpg,35,0.1227
0000015133_1320.jpg,35,0.1321
0000023481_1155.jpg,39,0.1155
000002684_1626.jpg,35,0.1626
0000033805_1763.jpg,8,0.1764
0000025929_1847.jpg,39,0.1847
0000023380_1136.jpg,19,0.1137
0000017743_1094.jpg,35,0.1094
0000022920_1107.jpg,39,0.1107
0000022934_1375.jpg,2,0.1376
0000010038_1797.jpg,2,0.1798
0000017757_1135.jpg,17,0.1136
00000435_1712.jpg,2,0.1713
000002874_1465.jpg,5,0.1466
000006421_1076.jpg,2,0.1077
0000020676_1241.jpg,39,0.1241
0000017964_1623.jpg,5,0.1624
0000024376_1534.jpg,31,0.1535
000002135_1522.jpg,5,0.1523
0000024362_1413.jpg,9,0.1413
000006353_1207.jpg,40,0.1208
000003203_1406.jpg,24,0.1407
0000033636_1048.jpg,5,0.1049
000007065_2343.jpg,2,0.2344
0000012834_1144.jpg,2,0.1145
0000013294_1464.jpg,2,0.1465
0000023357_1158.jpg,2,0.1159
000008424_1182.jpg,44,0.1183
000003798_1026.jpg,39,0.1027
0000018128_1108.jpg,2,0.1108
0000032919_1051.jpg,14,0.1051
0000017541_1161.jpg,5,0.1162
0000011130_1086.jpg,38,0.1086
0000013055_1432.jpg,34,0.1433
0000015424_1421.jpg,8,0.1422
0000011642_1095.jpg,5,0.1095
0000018666_1332.jpg,2,0.1333
00000151_1888.jpg,2,0.1889
0000033408_1059.jpg,7,0.1059
0000022505_1101.jpg,38,0.1102
0000032716_2048.jpg,44,0.2048
00000804_1007.jpg,46,0.1008
000009510_1557.jpg,35,0.1557
000006623_1021.jpg,44,0.1021
0000032070_1403.jpg,8,0.1403
000009504_1226.jpg,39,0.1226
0000026011_1090.jpg,4,0.1091
000009262_1132.jpg,29,0.1133
0000028982_1061.jpg,43,0.1062
000003029_1296.jpg,2,0.1296
0000014935_1142.jpg,5,0.1142
000005316_1050.jpg,39,0.1050
0000013082_1266.jpg,2,0.1267
000001170_2392.jpg,2,0.2393
0000031551_1415.jpg,2,0.1416
000001602_1215.jpg,5,0.1216
0000029478_1007.jpg,40,0.1008
000001945_1867.jpg,2,0.1868
0000012217_1109.jpg,2,0.1110
000006794_1877.jpg,38,0.1878
0000028835_1296.jpg,2,0.1297
0000019430_1103.jpg,2,0.1103
0000031394_1393.jpg,35,0.1393
0000017435_1275.jpg,8,0.1275
000006970_1646.jpg,35,0.1646
0000027284_1169.jpg,39,0.1170
0000018712_1019.jpg,34,0.1020
000005538_1091.jpg,2,0.1092
0000019381_1107.jpg,44,0.1108
0000020500_1048.jpg,2,0.1049
000007449_1314.jpg,39,0.1314
0000030713_1122.jpg,39,0.1122
000006743_1499.jpg,2,0.1499
000002243_1234.jpg,2,0.1235
0000033568_1647.jpg,8,0.1647
0000010399_1449.jpg,9,0.1450
0000011087_1655.jpg,11,0.1655
000003613_1715.jpg,2,0.1715
000007461_1342.jpg,39,0.1343
000002519_1315.jpg,2,0.1315
0000024028_1395.jpg,44,0.1396
0000027521_1146.jpg,2,0.1147
000008034_1103.jpg,2,0.1104
000006596_1253.jpg,2,0.1253
000007850_1169.jpg,2,0.1169
0000010602_1291.jpg,9,0.1292
000002928_1076.jpg,39,0.1076
0000013479_1190.jpg,2,0.1191
0000011508_1317.jpg,5,0.1317
0000029097_1651.jpg,35,0.1652
00000555_1420.jpg,2,0.1420
0000021391_1404.jpg,2,0.1404
0000018276_1009.jpg,39,0.1009
0000025849_1279.jpg,5,0.1280
000002733_1554.jpg,2,0.1554
0000030511_1193.jpg,44,0.1194
000008578_1079.jpg,19,0.1080
0000026373_1020.jpg,8,0.1021
0000029040_1121.jpg,14,0.1121
0000034005_1116.jpg,11,0.1116
000001548_2953.jpg,2,0.2954
000009114_1010.jpg,39,0.1010
000007139_1061.jpg,13,0.1062
0000020070_1188.jpg,39,0.1188
0000018289_1445.jpg,2,0.1445
0000031633_1250.jpg,39,0.1251
0000023237_1043.jpg,17,0.1043
0000033024_1170.jpg,29,0.1170
0000013492_1012.jpg,2,0.1012
0000033742_1233.jpg,36,0.1234
0000022897_2297.jpg,39,0.2297
0000026429_1111.jpg,39,0.1112
0000015949_1543.jpg,44,0.1543
0000030539_1139.jpg,5,0.1140
0000027045_1043.jpg,34,0.1044
000008550_1043.jpg,2,0.1044
0000010831_1022.jpg,2,0.1023
0000029068_1238.jpg,39,0.1239
0000012941_1249.jpg,2,0.1249
0000015790_1279.jpg,40,0.1280
0000022128_1251.jpg,39,0.1251
0000015784_1308.jpg,42,0.1309
0000028363_1133.jpg,16,0.1133
0000019800_1093.jpg,39,0.1093
0000013493_2138.jpg,2,0.2139
000001549_1423.jpg,5,0.1423
0000026400_1263.jpg,8,0.1264
000002040_1577.jpg,2,0.1578
000004431_1384.jpg,34,0.1385
000005049_1756.jpg,2,0.1757
0000019196_1497.jpg,40,0.1498
000006540_1183.jpg,2,0.1183
0000027078_1128.jpg,2,0.1129
000008579_1032.jpg,39,0.1032
0000028439_1120.jpg,39,0.1121
0000026414_1019.jpg,2,0.1020
0000011253_1438.jpg,39,0.1438
0000012982_1462.jpg,4,0.1463
000005908_1206.jpg,39,0.1206
000007879_1048.jpg,9,0.1048
0000020930_1163.jpg,2,0.1164
000008586_1169.jpg,2,0.1169
0000025684_1355.jpg,2,0.1355
0000010159_1109.jpg,34,0.1110
0000030289_1055.jpg,44,0.1056
0000018505_1269.jpg,39,0.1270
0000013478_1399.jpg,39,0.1400
000002083_1484.jpg,2,0.1485
0000015009_1072.jpg,5,0.1072
0000016500_1045.jpg,44,0.1046
000006583_1181.jpg,11,0.1182
0000019155_1007.jpg,35,0.1008
000007851_1627.jpg,2,0.1628
0000024997_1196.jpg,9,0.1197
000005277_1076.jpg,18,0.1077
0000023020_1172.jpg,39,0.1172
000001011_1366.jpg,29,0.1367
0000016925_1058.jpg,44,0.1059
0000024029_1541.jpg,44,0.1541
000003160_1135.jpg,2,0.1135
000001763_1093.jpg,2,0.1094
000008747_1085.jpg,39,0.1085
000009459_1011.jpg,5,0.1012
00000795_1045.jpg,5,0.1046
000005263_1550.jpg,2,0.1551
0000020515_1373.jpg,2,0.1374
000002524_1177.jpg,42,0.1177
0000024015_1191.jpg,5,0.1192
000004633_1135.jpg,2,0.1136
0000026602_1179.jpg,42,0.1180
000009317_1114.jpg,2,0.1114
000002256_2512.jpg,2,0.2513
000002530_1194.jpg,39,0.1194
0000030712_1285.jpg,39,0.1286
00000971_1373.jpg,43,0.1373
000001039_1832.jpg,2,0.1833
0000026825_1559.jpg,8,0.1560
0000013652_1083.jpg,39,0.1083
00000756_1501.jpg,2,0.1501
000006971_1016.jpg,15,0.1017
0000012202_1134.jpg,35,0.1134
0000019357_1435.jpg,8,0.1435
0000010373_1108.jpg,5,0.1108
0000023975_1178.jpg,44,0.1178
000001944_1910.jpg,2,0.1910
0000011079_1268.jpg,2,0.1268
0000019343_1193.jpg,36,0.1193
0000014667_1207.jpg,5,0.1208
0000015579_1204.jpg,8,0.1205
0000023154_1068.jpg,9,0.1068
0000026992_1338.jpg,2,0.1338
0000029479_1115.jpg,9,0.1115
0000031236_1261.jpg,39,0.1261
000003014_1126.jpg,2,0.1127
000003000_1055.jpg,17,0.1055
0000028773_1377.jpg,39,0.1377
0000020449_1505.jpg,42,0.1505
00000839_1140.jpg,35,0.1141
0000027326_1112.jpg,29,0.1113
000004009_1322.jpg,2,0.1323
000002478_1386.jpg,2,0.1387
0000026010_1020.jpg,5,0.1021
0000030114_1012.jpg,36,0.1012
0000030100_1343.jpg,39,0.1344
0000020313_1151.jpg,8,0.1151
00000805_2452.jpg,2,0.2453
0000030855_1074.jpg,2,0.1074
000001818_1414.jpg,35,0.1414
000004974_1566.jpg,39,0.1567
0000015357_1226.jpg,39,0.1227
0000033390_1036.jpg,35,0.1037
0000031587_1015.jpg,39,0.1015
0000016138_1072.jpg,44,0.1072
0000015419_1016.jpg,14,0.1017
0000016110_1152.jpg,5,0.1153
000004790_1038.jpg,46,0.1038
0000010575_1030.jpg,5,0.1030
0000021970_1009.jpg,19,0.1010
0000019237_2064.jpg,42,0.2064
0000021_1324.jpg,2,0.1325
0000017795_1134.jpg,39,0.1135
000008425_1875.jpg,35,0.1875
000003570_1436.jpg,5,0.1436
0000024439_1059.jpg,39,0.1060
0000023342_1202.jpg,8,0.1202
0000031020_1124.jpg,39,0.1125
0000021233_1187.jpg,39,0.1188
0000015196_1226.jpg,39,0.1226
000005883_1389.jpg,29,0.1390
0000012809_1015.jpg,24,0.1016
0000032501_1038.jpg,2,0.1039
000004223_1117.jpg,5,0.1117
0000024405_1465.jpg,44,0.1465
0000027118_1008.jpg,36,0.1009
0000017965_1414.jpg,9,0.1415
0000015141_1324.jpg,39,0.1324
0000032298_1187.jpg,8,0.1187
0000031791_1233.jpg,39,0.1234
0000025928_1847.jpg,39,0.1847
000005698_1296.jpg,2,0.1297
0000018459_1099.jpg,6,0.1100
0000010763_1863.jpg,2,0.1864
0000031975_1005.jpg,39,0.1006
000002849_1032.jpg,39,0.1032
0000012174_1430.jpg,2,0.1430
0000017018_1558.jpg,36,0.1558
0000015169_1041.jpg,12,0.1042
0000013268_1289.jpg,5,0.1289
0000010761_1030.jpg,2,0.1030
000004584_1349.jpg,2,0.1350
00000378_1208.jpg,5,0.1208
0000014513_1206.jpg,5,0.1207
0000011443_1357.jpg,2,0.1357
0000031793_1206.jpg,39,0.1206
0000025080_1017.jpg,17,0.1017
000009088_1091.jpg,2,0.1092
0000025094_1055.jpg,2,0.1056
0000012638_1127.jpg,2,0.1128
0000018315_1176.jpg,2,0.1176
0000016338_1341.jpg,2,0.1341
000001359_1467.jpg,2,0.1468
0000022076_1051.jpg,9,0.1052
000005659_1159.jpg,29,0.1160
0000019786_1942.jpg,8,0.1942
000006350_1283.jpg,2,0.1284
0000030300_1057.jpg,11,0.1058
000006344_1611.jpg,2,0.1611
000002122_1939.jpg,35,0.1939
0000011480_1101.jpg,14,0.1101
000007714_1062.jpg,2,0.1062
0000022738_1343.jpg,2,0.1343
0000015194_1467.jpg,46,0.1467
0000012823_1094.jpg,5,0.1094
000003200_1079.jpg,13,0.1079
000008355_1005.jpg,2,0.1006
0000021231_1764.jpg,2,0.1764
0000026238_1035.jpg,2,0.1035
000008433_1148.jpg,5,0.1149
0000019221_1472.jpg,18,0.1472
0000014705_1072.jpg,2,0.1072
0000010577_1016.jpg,46,0.1016
0000017218_1072.jpg,7,0.1072
0000015369_1303.jpg,2,0.1304
0000026953_1271.jpg,36,0.1271
0000014739_1008.jpg,1,0.1008
0000030857_1135.jpg,44,0.1136
000006813_1227.jpg,2,0.1227
0000030843_1335.jpg,2,0.1336
0000023181_1353.jpg,2,0.1354
0000024836_1005.jpg,39,0.1006
0000016884_1183.jpg,34,0.1184
000002452_1070.jpg,35,0.1070
0000020463_1258.jpg,5,0.1259
0000032715_1022.jpg,14,0.1022
000002320_1092.jpg,5,0.1093
000004989_1174.jpg,38,0.1174
0000026760_1000.jpg,39,0.1001
000003016_1011.jpg,2,0.1011
0000025241_1602.jpg,35,0.1602
00000191_1000.jpg,2,0.1000
0000016853_1199.jpg,2,0.1200
0000028003_1335.jpg,2,0.1335
0000021999_1629.jpg,43,0.1629
0000013095_1267.jpg,5,0.1268
000003770_1893.jpg,2,0.1893
0000013081_1544.jpg,2,0.1544
000001173_1188.jpg,8,0.1188
000009249_1172.jpg,13,0.1173
0000017581_1289.jpg,43,0.1289
000008157_1093.jpg,38,0.1093
000007264_1173.jpg,39,0.1174
0000027442_1463.jpg,5,0.1463
0000013678_1171.jpg,39,0.1172
0000023963_1531.jpg,39,0.1531
0000017378_1231.jpg,13,0.1232
000007489_1141.jpg,39,0.1142
00000768_1436.jpg,2,0.1436
0000012572_1300.jpg,38,0.1301
0000033594_1117.jpg,5,0.1118
0000014895_1196.jpg,5,0.1197
0000015547_1092.jpg,39,0.1093
0000031397_1614.jpg,38,0.1614
000007338_1352.jpg,2,0.1353
0000020517_1270.jpg,44,0.1270
0000019382_1479.jpg,2,0.1480
0000011906_1045.jpg,2,0.1046
00000973_1981.jpg,2,0.1981
0000022472_1199.jpg,5,0.1199
0000025335_1075.jpg,39,0.1075
0000016927_1489.jpg,44,0.1489
000008037_1050.jpg,2,0.1051
000001013_1537.jpg,2,0.1538
000008989_1057.jpg,5,0.1058
0000030738_1147.jpg,39,0.1147
0000027244_1135.jpg,39,0.1136
000006768_2240.jpg,2,0.2240
0000026628_1427.jpg,5,0.1427
0000013693_1306.jpg,39,0.1306
000005088_1089.jpg,5,0.1089
000006581_1069.jpg,11,0.1070
0000012770_1137.jpg,2,0.1137
000007853_1099.jpg,2,0.1100
0000010601_2036.jpg,9,0.2037
0000031817_1889.jpg,39,0.1890
0000015779_1035.jpg,2,0.1035
000009856_1068.jpg,2,0.1069
0000018275_1296.jpg,2,0.1297
000002903_1002.jpg,39,0.1002
0000023591_1733.jpg,44,0.1734
0000024598_1127.jpg,24,0.1127
0000015745_1239.jpg,39,0.1240
0000028349_1186.jpg,29,0.1187
0000020715_1006.jpg,34,0.1006
000009671_1893.jpg,2,0.1894
000002724_1033.jpg,46,0.1033
0000032477_1125.jpg,34,0.1125
0000026416_1162.jpg,35,0.1163
0000020067_2610.jpg,35,0.2610
000003348_1531.jpg,44,0.1532
000004341_1572.jpg,2,0.1573
0000015962_1232.jpg,35,0.1233
000007648_1464.jpg,2,0.1464
000005077_1545.jpg,35,0.1545
0000024229_1588.jpg,35,0.1588
000005705_1119.jpg,39,0.1119
0000030248_1250.jpg,8,0.1251
000009881_1245.jpg,2,0.1245
000008547_1083.jpg,46,0.1084
0000021423_1377.jpg,26,0.1378
000001205_1100.jpg,5,0.1101
000005704_1143.jpg,39,0.1144
0000023553_1381.jpg,44,0.1382
000003375_1008.jpg,5,0.1008
000001204_1100.jpg,5,0.1101
000005076_1011.jpg,2,0.1012
000006219_1490.jpg,2,0.1490
000005738_1137.jpg,2,0.1137
0000034013_1450.jpg,44,0.1451
0000030513_1317.jpg,35,0.1318
000004340_1101.jpg,2,0.1102
0000015977_2049.jpg,2,0.2049
000004354_1020.jpg,9,0.1021
000002725_1101.jpg,2,0.1101
0000020072_1039.jpg,39,0.1040
000008208_1082.jpg,44,0.1083
000006225_1214.jpg,2,0.1215
0000022665_1799.jpg,39,0.1799
0000033768_1211.jpg,34,0.1211
0000023590_1733.jpg,44,0.1734
0000021387_1312.jpg,9,0.1313
0000019618_1343.jpg,39,0.1343
0000031194_1019.jpg,39,0.1019
0000018506_1256.jpg,39,0.1257
000009857_1189.jpg,39,0.1190
0000029917_1273.jpg,39,0.1274
0000033797_1034.jpg,39,0.1034
0000017609_1116.jpg,24,0.1116
0000016271_1345.jpg,29,0.1345
00000219_1633.jpg,2,0.1633
0000023037_1011.jpg,41,0.1011
000005506_1108.jpg,2,0.1109
000001760_1468.jpg,2,0.1468
000007311_1066.jpg,2,0.1067
000001774_1062.jpg,39,0.1062
0000031341_1626.jpg,8,0.1627
000005274_1035.jpg,36,0.1035
000002533_1622.jpg,2,0.1622
000009466_1334.jpg,41,0.1335
000002241_1646.jpg,2,0.1646
000001748_1119.jpg,2,0.1119
000005248_1191.jpg,2,0.1191
0000030936_1537.jpg,39,0.1538
0000018062_1226.jpg,2,0.1227
0000015220_1069.jpg,39,0.1070
0000033581_1198.jpg,29,0.1198
0000013651_1039.jpg,5,0.1040
000004817_1540.jpg,2,0.1540
0000018076_1048.jpg,5,0.1049
0000016701_2327.jpg,2,0.2327
000006782_1004.jpg,38,0.1004
0000010416_1492.jpg,5,0.1492
0000029308_1700.jpg,8,0.1701
000007503_1085.jpg,2,0.1085
000008630_1903.jpg,13,0.1904
0000030659_1115.jpg,44,0.1116
000003765_1004.jpg,2,0.1005
000005314_1012.jpg,8,0.1012
0000014937_1073.jpg,9,0.1074
0000025532_1019.jpg,2,0.1019
000005472_1041.jpg,39,0.1042
0000014089_1244.jpg,5,0.1245
0000016846_1034.jpg,43,0.1034
000001614_1018.jpg,2,0.1018
0000031221_1215.jpg,2,0.1215
0000028764_1213.jpg,35,0.1214
0000025240_1062.jpg,38,0.1063
0000013094_1125.jpg,17,0.1126
000005300_1904.jpg,9,0.1905
0000021740_1585.jpg,29,0.1585
0000024610_1127.jpg,24,0.1127
0000026007_1027.jpg,44,0.1028
0000028994_1172.jpg,8,0.1172
0000023619_1293.jpg,2,0.1294
000002335_1747.jpg,5,0.1747
0000022513_1137.jpg,5,0.1137
0000020304_1349.jpg,39,0.1349
000009260_1012.jpg,5,0.1012
0000026775_2281.jpg,8,0.2282
000004022_1166.jpg,39,0.1167
0000013043_1015.jpg,39,0.1015
0000020489_1041.jpg,38,0.1041
000006806_1112.jpg,41,0.1112
0000015354_1191.jpg,39,0.1191
0000017557_1035.jpg,5,0.1035
0000013057_1286.jpg,39,0.1287
0000012361_1795.jpg,2,0.1795
000004793_1035.jpg,39,0.1036
0000023802_1007.jpg,35,0.1007
0000025730_1427.jpg,2,0.1428
000002679_1049.jpg,5,0.1049
0000013282_1117.jpg,26,0.1117
0000020648_1477.jpg,2,0.1477
000001402_1254.jpg,35,0.1254
000005894_1068.jpg,44,0.1069
0000022705_1258.jpg,36,0.1259
0000029650_1033.jpg,44,0.1033
000006423_1209.jpg,5,0.1210
000009710_1352.jpg,5,0.1353
000002645_1001.jpg,5,0.1001
0000030473_1033.jpg,15,0.1033
000006351_2096.jpg,2,0.2096
0000021218_1032.jpg,44,0.1033
000009062_1743.jpg,1,0.1743
0000020106_1292.jpg,39,0.1293
000003229_1513.jpg,18,0.1513
0000017741_1306.jpg,39,0.1306
0000018472_1229.jpg,35,0.1230
000009089_1103.jpg,44,0.1103
0000010990_1028.jpg,39,0.1029
0000033185_1901.jpg,39,0.1902
00000437_1141.jpg,2,0.1142
0000019778_1069.jpg,46,0.1069
0000022936_1276.jpg,41,0.1276
0000013269_1075.jpg,12,0.1075
0000017769_1108.jpg,39,0.1109
0000025085_1022.jpg,11,0.1023
0000011320_1233.jpg,39,0.1233
0000010980_1257.jpg,39,0.1258
0000021585_1421.jpg,39,0.1422
000002866_1375.jpg,35,0.1376
0000021591_1025.jpg,2,0.1026
0000013523_1626.jpg,42,0.1627
0000019740_1279.jpg,2,0.1279
0000025907_1268.jpg,39,0.1269
0000033817_1067.jpg,42,0.1067
0000027862_1191.jpg,34,0.1191
000007077_3352.jpg,2,0.3352
000003211_1138.jpg,39,0.1138
0000030339_1032.jpg,39,0.1033
0000026573_1085.jpg,39,0.1086
000009700_1460.jpg,2,0.1460
000004230_1395.jpg,2,0.1396
000002899_1684.jpg,2,0.1684
0000024416_1192.jpg,1,0.1192
0000023190_1029.jpg,9,0.1030
0000021787_1189.jpg,8,0.1190
000008185_2044.jpg,5,0.2044
0000017553_1021.jpg,39,0.1021
0000024199_1029.jpg,11,0.1030
0000013735_1753.jpg,2,0.1754
0000032937_1085.jpg,44,0.1086
000008191_1157.jpg,39,0.1158
0000018674_1207.jpg,2,0.1207
0000026942_1025.jpg,2,0.1026
0000031580_1147.jpg,39,0.1148
000006194_1692.jpg,2,0.1692
0000016665_1463.jpg,39,0.1464
000004797_1931.jpg,2,0.1931
000001162_1096.jpg,38,0.1097
0000021744_1016.jpg,2,0.1016
0000033426_1224.jpg,8,0.1224
000009258_1173.jpg,39,0.1173
0000016856_1576.jpg,39,0.1577
0000031225_1057.jpg,5,0.1058
000002319_1655.jpg,2,0.1655
000005476_1149.jpg,2,0.1150
0000015393_1020.jpg,39,0.1021
000006619_1722.jpg,35,0.1722
0000024600_1116.jpg,2,0.1116
0000030675_1069.jpg,2,0.1070
0000024166_1267.jpg,2,0.1267
0000032704_1037.jpg,39,0.1038
0000029330_1386.jpg,29,0.1386
000006625_1350.jpg,1,0.1350
000002443_1417.jpg,2,0.1418
0000012239_1201.jpg,2,0.1201
0000014890_1553.jpg,2,0.1553
0000015556_1535.jpg,2,0.1536
000006962_1310.jpg,2,0.1311
00000745_1324.jpg,39,0.1325
0000011056_1032.jpg,2,0.1032
0000010348_1210.jpg,5,0.1211
0000033591_1126.jpg,39,0.1126
000004813_1041.jpg,39,0.1042
0000022488_1152.jpg,39,0.1153
0000011042_1418.jpg,39,0.1418
0000019378_1689.jpg,41,0.1690
0000010412_1058.jpg,39,0.1058
0000016063_1007.jpg,39,0.1007
00000779_1499.jpg,2,0.1500
000004191_1096.jpg,39,0.1096
0000014112_1478.jpg,39,0.1478
0000018728_1012.jpg,35,0.1013
0000028827_1027.jpg,44,0.1028
000001943_1002.jpg,5,0.1002
0000023972_1108.jpg,39,0.1108
0000019344_1039.jpg,9,0.1039
0000029287_1020.jpg,13,0.1021
0000014853_1033.jpg,5,0.1033
000003167_2248.jpg,2,0.2248
0000023741_1441.jpg,11,0.1441
000007301_1235.jpg,44,0.1236
000007315_1195.jpg,34,0.1196
0000023033_1137.jpg,39,0.1137
000003615_1087.jpg,2,0.1088
0000015581_1000.jpg,39,0.1000
0000017396_1170.jpg,5,0.1171
000007473_1506.jpg,44,0.1506
000008768_1017.jpg,39,0.1017
000001994_1723.jpg,5,0.1723
0000028628_1052.jpg,39,0.1053
000006023_1106.jpg,39,0.1106
0000026611_1256.jpg,35,0.1256
000009304_1366.jpg,2,0.1367
0000029244_1031.jpg,34,0.1032
0000024760_2970.jpg,35,0.2971
0000020937_1068.jpg,2,0.1068
0000018270_1289.jpg,39,0.1290
000008595_1403.jpg,2,0.1404
00000553_1221.jpg,2,0.1221
0000020923_1690.jpg,39,0.1690
000009847_1197.jpg,39,0.1198
0000032499_1303.jpg,5,0.1304
0000016507_1144.jpg,2,0.1144
0000019634_1024.jpg,40,0.1024
0000014476_2355.jpg,5,0.2356
000007842_1141.jpg,38,0.1141
000006584_1255.jpg,39,0.1256
0000010162_2922.jpg,29,0.2923
000001572_1155.jpg,13,0.1155
0000030259_1084.jpg,35,0.1084
0000013480_1089.jpg,5,0.1089
0000025132_1322.jpg,39,0.1323
0000032328_1407.jpg,39,0.1408
000003403_1017.jpg,5,0.1018
000009884_1643.jpg,35,0.1643
000006209_1565.jpg,39,0.1566
0000011283_1349.jpg,35,0.1350
000003359_1483.jpg,2,0.1484
000002047_1540.jpg,11,0.1540
000009112_1212.jpg,2,0.1212
000006221_1335.jpg,5,0.1336
0000029734_1703.jpg,39,0.1703
000002721_1477.jpg,5,0.1477
000004344_1097.jpg,44,0.1098
0000020062_1015.jpg,5,0.1015
0000032466_1013.jpg,39,0.1013
0000031608_1025.jpg,39,0.1026
0000029047_1001.jpg,42,0.1001
000002052_1547.jpg,2,0.1547
000004423_1189.jpg,39,0.1189
0000029735_1125.jpg,41,0.1125
0000017803_1107.jpg,2,0.1107
000005729_1690.jpg,39,0.1691
0000011282_1003.jpg,6,0.1003
0000012947_1059.jpg,5,0.1059
000001573_1917.jpg,2,0.1917
0000028371_2014.jpg,5,0.2014
000008557_1197.jpg,35,0.1198
0000032329_1070.jpg,5,0.1070
0000019147_1033.jpg,9,0.1033
000005926_1045.jpg,39,0.1046
0000019635_2107.jpg,2,0.2107
0000019153_1043.jpg,39,0.1043
0000025682_1249.jpg,2,0.1250
000002913_1203.jpg,35,0.1204
00000234_1408.jpg,2,0.1408
0000017630_1158.jpg,5,0.1158
0000017142_1344.jpg,12,0.1344
0000018271_1002.jpg,4,0.1003
0000020936_1285.jpg,11,0.1285
00000546_1047.jpg,39,0.1048
000009305_1366.jpg,2,0.1367
000007328_1152.jpg,2,0.1153
000002250_1051.jpg,39,0.1051
0000013873_1032.jpg,2,0.1032
000002536_1228.jpg,9,0.1229
0000024761_2970.jpg,35,0.2971
0000029245_1251.jpg,26,0.1251
0000019386_1224.jpg,46,0.1224
0000026604_1183.jpg,46,0.1183
0000028601_1014.jpg,2,0.1015
0000028167_1159.jpg,39,0.1159
000001003_1535.jpg,5,0.1535
0000025457_1113.jpg,13,0.1114
000008755_1337.jpg,2,0.1338
00000787_2008.jpg,2,0.2009
000002278_1078.jpg,2,0.1078
000002293_1046.jpg,42,0.1046
0000029286_1102.jpg,39,0.1102
000006793_1326.jpg,2,0.1326
000008972_1149.jpg,5,0.1149
00000778_2158.jpg,2,0.2158
0000012562_1050.jpg,35,0.1051
0000015543_1194.jpg,2,0.1194
0000011725_1166.jpg,2,0.1166
00000988_2020.jpg,35,0.2020
0000017354_1092.jpg,39,0.1093
000006977_1048.jpg,2,0.1048
000009488_1211.jpg,2,0.1211
0000010349_1261.jpg,38,0.1262
0000030099_1149.jpg,39,0.1150
0000028749_1213.jpg,35,0.1214
0000030106_1013.jpg,2,0.1013
0000018852_1086.jpg,2,0.1086
0000026764_1590.jpg,2,0.1590
0000032711_1201.jpg,5,0.1201
000004033_1372.jpg,2,0.1373
0000030660_1247.jpg,46,0.1248
000008609_1041.jpg,39,0.1041
0000029443_1588.jpg,41,0.1588
000005477_1449.jpg,13,0.1450
000004769_1034.jpg,2,0.1035
000001177_1182.jpg,2,0.1183
0000021989_1140.jpg,2,0.1140
0000033341_1024.jpg,11,0.1024
000007512_1300.jpg,2,0.1300
000007274_1165.jpg,2,0.1165
0000016857_1074.jpg,44,0.1074
000003012_1106.jpg,2,0.1106
0000033427_1021.jpg,39,0.1022
0000014098_2465.jpg,2,0.2466
000005488_1008.jpg,4,0.1008
0000028952_1100.jpg,39,0.1100
0000010573_1093.jpg,38,0.1094
0000012370_1098.jpg,2,0.1098
0000021962_1038.jpg,43,0.1039
0000010567_1083.jpg,39,0.1084
0000018885_1323.jpg,2,0.1323
0000017546_1177.jpg,2,0.1177
0000027485_1254.jpg,39,0.1255
0000033396_1500.jpg,8,0.1500
0000030847_1146.jpg,44,0.1147
0000019219_1194.jpg,35,0.1195
00000630_1139.jpg,11,0.1140
0000027491_2617.jpg,2,0.2617
0000016894_1075.jpg,9,0.1075
000007738_1148.jpg,2,0.1148
000002640_1001.jpg,5,0.1001
0000024371_1068.jpg,2,0.1069
0000018488_1026.jpg,43,0.1027
000006354_1328.jpg,35,0.1328
0000026572_1771.jpg,5,0.1771
0000029899_1779.jpg,18,0.1780
0000024365_1505.jpg,39,0.1506
0000015806_1170.jpg,2,0.1171
000009701_1159.jpg,38,0.1159
0000031740_2543.jpg,2,0.2543
0000019972_1169.jpg,44,0.1169
000008351_1237.jpg,39,0.1237
0000023422_1204.jpg,28,0.1204
0000012833_1835.jpg,2,0.1835
0000023436_1164.jpg,35,0.1165
000007076_1147.jpg,2,0.1147
0000023350_1081.jpg,29,0.1082
0000016466_1300.jpg,35,0.1300
000004580_2477.jpg,35,0.2478
0000029682_1250.jpg,9,0.1251
0000012172_1267.jpg,19,0.1267
0000022099_1243.jpg,2,0.1243
0000026599_1085.jpg,39,0.1085
0000011335_1033.jpg,5,0.1033
000009098_1487.jpg,35,0.1488
0000011321_2130.jpg,9,0.2131
0000022933_1082.jpg,2,0.1083
0000013250_1109.jpg,9,0.1109
0000015621_1127.jpg,3,0.1128
00000342_1561.jpg,2,0.1562
0000033196_1096.jpg,39,0.1097
000009930_1078.jpg,46,0.1079
0000018313_1420.jpg,35,0.1421
0000020854_1064.jpg,44,0.1064
0000010983_1284.jpg,2,0.1285
0000019019_1358.jpg,39,0.1359
00000418_1114.jpg,5,0.1115
0000020868_1095.jpg,5,0.1095
0000014267_1126.jpg,5,0.1126
0000015192_1206.jpg,39,0.1206
0000020897_1762.jpg,35,0.1762
000001377_1502.jpg,2,0.1503
000008435_1003.jpg,2,0.1003
0000023346_1106.jpg,34,0.1107
0000014298_1120.jpg,44,0.1121
0000026564_1084.jpg,38,0.1085
0000017961_1129.jpg,4,0.1129
000006342_1469.jpg,2,0.1469
0000024373_1737.jpg,44,0.1737
0000021579_1150.jpg,36,0.1151
0000015804_1020.jpg,39,0.1021
0000022070_1082.jpg,5,0.1082
0000017222_1365.jpg,36,0.1366
0000033394_1500.jpg,8,0.1500
0000027487_1118.jpg,12,0.1118
0000011135_1100.jpg,2,0.1101
0000016896_2139.jpg,2,0.2140
0000032920_1230.jpg,41,0.1231
0000013078_1065.jpg,39,0.1065
000003945_2511.jpg,35,0.2511
0000028788_1490.jpg,5,0.1491
000004958_1006.jpg,34,0.1006
000004780_1679.jpg,35,0.1679
000003762_1007.jpg,2,0.1008
0000011848_1057.jpg,2,0.1058
000001175_1178.jpg,39,0.1178
0000030886_1051.jpg,18,0.1052
00000183_1039.jpg,9,0.1040
0000027444_1132.jpg,5,0.1132
000003004_1092.jpg,2,0.1092
000005475_1333.jpg,2,0.1334
00000197_1041.jpg,5,0.1041
0000016855_1576.jpg,39,0.1577
000008145_1756.jpg,2,0.1756
0000027336_1203.jpg,8,0.1204
000001161_1268.jpg,2,0.1269
0000013093_1316.jpg,2,0.1317
0000011874_1610.jpg,2,0.1610
0000029455_1006.jpg,13,0.1007
0000020317_1205.jpg,5,0.1205
000009267_1011.jpg,34,0.1011
000006154_1098.jpg,39,0.1098
0000019582_2238.jpg,39,0.2238
0000016869_1373.jpg,2,0.1374
000002332_1331.jpg,5,0.1331
0000014918_1062.jpg,38,0.1063
0000020465_1575.jpg,2,0.1575
0000030676_1069.jpg,2,0.1070
0000031568_1194.jpg,40,0.1195
000006632_1211.jpg,44,0.1211
0000011727_1004.jpg,39,0.1005
0000014887_1227.jpg,2,0.1228
0000031391_1466.jpg,39,0.1466
0000028818_1096.jpg,46,0.1096
0000019409_1763.jpg,44,0.1764
0000013642_1976.jpg,2,0.1977
000004810_1599.jpg,5,0.1600
0000024950_1253.jpg,2,0.1254
0000024788_1034.jpg,35,0.1035
0000027281_1415.jpg,2,0.1416
0000012560_1208.jpg,5,0.1208
0000028830_1068.jpg,44,0.1068
000004179_1454.jpg,44,0.1455
0000021627_1114.jpg,39,0.1114
000008025_1217.jpg,44,0.1217
000001767_1693.jpg,35,0.1693
0000022448_1025.jpg,34,0.1025
00000785_1081.jpg,39,0.1082
0000014688_1323.jpg,5,0.1324
000006752_1082.jpg,2,0.1083
0000026174_1045.jpg,5,0.1046
0000028159_1002.jpg,41,0.1003
000002252_2512.jpg,2,0.2513
0000030070_1302.jpg,2,0.1303
000009307_1132.jpg,39,0.1133
000005529_1391.jpg,2,0.1392
0000022460_1007.jpg,7,0.1007
000004151_1560.jpg,2,0.1560
000002520_1166.jpg,9,0.1167
0000020511_1850.jpg,5,0.1850
000002905_1238.jpg,9,0.1239
0000014449_1054.jpg,2,0.1054
0000030299_1336.jpg,5,0.1336
00000222_1069.jpg,2,0.1070
0000029938_1044.jpg,5,0.1045
0000019145_1061.jpg,39,0.1062
0000013497_1267.jpg,39,0.1267
0000028401_1173.jpg,35,0.1174
000008541_1017.jpg,39,0.1017
00000593_1250.jpg,2,0.1251
0000015958_1047.jpg,39,0.1048
0000023226_1009.jpg,9,0.1010
0000017183_1450.jpg,8,0.1451
000005717_1358.jpg,5,0.1358
000001559_1335.jpg,2,0.1335
000005059_2253.jpg,2,0.2253
000004347_1070.jpg,2,0.1070
000007896_1259.jpg,9,0.1260
000006550_1366.jpg,2,0.1367
0000030266_1883.jpg,39,0.1884
000007883_1449.jpg,2,0.1449
000009110_1005.jpg,35,0.1006
000004434_1167.jpg,39,0.1168
000004420_1777.jpg,29,0.1778
000009104_1086.jpg,39,0.1086
0000021418_1007.jpg,39,0.1008
000006551_1397.jpg,35,0.1397
0000018299_1081.jpg,35,0.1082
0000015965_1280.jpg,5,0.1281
0000021430_1160.jpg,8,0.1161
0000028372_1043.jpg,8,0.1043
000009892_1022.jpg,5,0.1022
0000015795_1365.jpg,2,0.1366
000005070_1207.jpg,9,0.1208
000005716_1228.jpg,2,0.1228
0000013482_1062.jpg,46,0.1063
000009138_1027.jpg,11,0.1028
0000013496_1012.jpg,35,0.1013
00000592_1024.jpg,5,0.1025
0000030529_1085.jpg,39,0.1085
0000017196_1002.jpg,35,0.1002
0000010612_1022.jpg,39,0.1022
0000020909_1039.jpg,5,0.1040
000007840_1260.jpg,2,0.1260
0000025871_1120.jpg,39,0.1120
000002938_1168.jpg,11,0.1169
000005931_1095.jpg,35,0.1096
0000016505_1855.jpg,5,0.1856
0000016511_1113.jpg,2,0.1113
0000019622_1693.jpg,2,0.1694
0000027914_1092.jpg,9,0.1092
000002092_1162.jpg,35,0.1163
0000014448_1015.jpg,44,0.1016
000002904_1079.jpg,43,0.1079
0000020935_1225.jpg,34,0.1225
0000017627_1058.jpg,39,0.1059
0000030298_1055.jpg,44,0.1056
0000020921_1082.jpg,39,0.1082
0000025681_1249.jpg,2,0.1250
0000013333_1247.jpg,13,0.1247
000003159_1216.jpg,2,0.1217
0000018931_1077.jpg,17,0.1078
000002535_1026.jpg,2,0.1027
0000024762_1183.jpg,8,0.1184
0000030717_1351.jpg,9,0.1351
000004622_1208.jpg,13,0.1208
0000010389_1121.jpg,39,0.1122
000008030_1119.jpg,11,0.1119
0000032896_1244.jpg,41,0.1245
0000025332_1351.jpg,44,0.1352
0000015597_1284.jpg,6,0.1284
00000784_1977.jpg,9,0.1978
00000948_1288.jpg,2,0.1288
000001000_2181.jpg,13,0.2182
0000025440_1058.jpg,9,0.1059
000003617_1087.jpg,2,0.1088
000005500_1033.jpg,35,0.1034
0000028602_1526.jpg,35,0.1526
0000027531_1019.jpg,8,0.1019
0000028831_1268.jpg,8,0.1269
000006790_2046.jpg,2,0.2046
0000023970_1244.jpg,5,0.1244
000004839_1008.jpg,2,0.1009
0000023958_1117.jpg,2,0.1117
0000020289_1000.jpg,44,0.1000
0000018070_1026.jpg,44,0.1026
0000024951_1123.jpg,8,0.1124
0000033587_1103.jpg,5,0.1104
0000013910_1018.jpg,9,0.1018
0000032706_1201.jpg,5,0.1201
0000029326_1502.jpg,2,0.1502
0000030677_1021.jpg,39,0.1021
000002455_1114.jpg,2,0.1115
0000026767_1216.jpg,39,0.1217
0000029454_1195.jpg,35,0.1196
0000019597_1304.jpg,2,0.1305
0000017592_1010.jpg,39,0.1011
000005460_1014.jpg,11,0.1015
0000025246_1203.jpg,35,0.1203
0000027337_1203.jpg,8,0.1204
0000030887_1344.jpg,39,0.1345
0000028010_1008.jpg,39,0.1009
000005312_1018.jpg,2,0.1018
000005474_1444.jpg,46,0.1444
0000015391_1001.jpg,35,0.1001
0000018886_1867.jpg,2,0.1868
0000010564_1710.jpg,35,0.1710
0000018138_1448.jpg,39,0.1449
0000014070_1340.jpg,5,0.1340
000004795_1191.jpg,2,0.1192
0000019554_1200.jpg,5,0.1200
000001835_1584.jpg,2,0.1585
0000010216_1014.jpg,34,0.1015
0000012429_1443.jpg,2,0.1444
000009299_1248.jpg,2,0.1249
00000633_1304.jpg,2,0.1304
0000024825_1040.jpg,5,0.1040
0000018_1601.jpg,2,0.1602
0000022298_1393.jpg,35,0.1393
0000033395_1500.jpg,8,0.1500
0000021949_1038.jpg,43,0.1039
0000018110_1030.jpg,35,0.1031
0000019781_1013.jpg,2,0.1014
0000025078_1159.jpg,5,0.1160
0000012818_1109.jpg,38,0.1109
0000019795_1252.jpg,39,0.1253
0000017960_1347.jpg,44,0.1347
0000033168_1026.jpg,5,0.1026
0000015811_1074.jpg,5,0.1075
0000013290_1291.jpg,35,0.1291
0000033626_1767.jpg,8,0.1768
00000394_1045.jpg,2,0.1045
000008352_1106.jpg,5,0.1106
000003561_1105.jpg,41,0.1106
000008434_1091.jpg,29,0.1092
0000020896_1021.jpg,39,0.1022
000006394_1690.jpg,2,0.1690
0000019756_1075.jpg,44,0.1075
000007908_1700.jpg,35,0.1701
0000020841_2114.jpg,2,0.2115
0000010982_1117.jpg,39,0.1117
0000010996_2038.jpg,2,0.2038
0000018312_1420.jpg,35,0.1421
0000012159_1059.jpg,44,0.1059
